№,Номер поставки,Предмет,Код номенклатуры,Бренд,Артикул поставщика,Название,Размер,Баркод,Тип документа,Обоснование для оплаты,Дата заказа покупателем,Дата продажи,Кол-во,Цена розничная,Вайлдберриз реализовал товар (Пр),"Согласованный продуктовый дисконт, %","Промокод, %","Итоговая согласованная скидка, %",Цена розничная с учётом согласованной скидки,"Размер изменения кВВ из-за рейтинга, %","Размер изменения кВВ из-за акции, %","Платформенные скидки, %","Размер кВВ, %","Размер кВВ без НДС, % Базовый","Итоговый кВВ без НДС, %","Вознаграждение с продаж до вычета услуг поверенного, без НДС",Возмещение за выдачу и возврат товаров на ПВЗ,Компенсация платёжных услуг/Комиссия за интеграцию платёжных сервисов,"Размер компенсации платёжных услуг/комиссии за интеграцию платёжных сервисов, %",Тип платежа: компенсация платёжных услуг/комиссия за интеграцию платёжных сервисов,"Вознаграждение Вайлдберриз (ВВ), без НДС",НДС с Вознаграждения Вайлдберриз,К перечислению Продавцу за реализованный товар,Количество доставок,Количество возврата,Услуги по доставке товара покупателю,Дата начала действия фиксации,Дата конца действия фиксации,Признак услуги платной доставки,Общая сумма штрафов,Корректировка Вознаграждения Вайлдберриз (ВВ),"Виды доставок, штрафов и корректировок ВВ",Стикер МП,Наименование банка-эквайера,Номер офиса,Наименование офиса доставки,ИНН партнёра,Партнёр,Склад,Страна,Тип коробов,Номер таможенной декларации,Номер сборочного задания,Код маркировки,ШК,Srid,Возмещение издержек по перевозке/по складским операциям с товаром,Организатор перевозки,Хранение,Удержания,Операции при приёмке,Фиксированный коэффициент склада по поставке,Признак продажи юридическому лицу,Номер короба для обработки товара,Скидка по программе софинансирования,"Скидка Wibes, %",Компенсация скидки по программе лояльности,Стоимость участия в программе лояльности,"Сумма, удержанная за начисленные баллы программы лояльности",ID корзины заказа,Разовое изменение срока перечисления денежных средств,ID собственной акции продавца с дополнительной скидкой,"Размер дополнительной скидки по собственной акции продавца, %",Способ продажи и тип товара,Уникальный идентификатор скидки лояльности от продавца,"Размер скидки лояльности от продавца, %",ID промокода,Скидка за промокод,ID подменного артикула,"Скидка по подменному артикулу, %","Оптовая скидка для бизнеса, %",ИНН покупателя-юрлица или ИП,Оплата социальным сертификатом
1,0,Аксессуары,945018273,StyleUp,SU-BELT-LEATHER,Ремень кожаный классический,90,2719384650102,,Логистика,,2025-09-13,0,0,0.0,0,0,0,0,0,0,0.0,0.0,0.0,0.0,0.0,0.0,0.0,0.0,,0.0,0.0,0.0,1,0,115.76,2025-09-01,2025-10-05,,0.0,0,к клиенту при продаже,,,,,,,Хоругвино,Россия,,,0,,9516915699767,iujv6oh9sdbdw2pcn9t84azytjxepq85,0,,0.0,0.0,0.0,0.86,,,,0,0,0,0,0,0,0,0,"FBW, (МГТ, паллеты)",0,0,0,0,0,0,0,,
2,0,Джинсы,276583411,DenimPro,DP-JEANS-SLIM-02,Джинсы мужские slim тёмно-синие,30,2098374651002,,Логистика,,2025-09-13,0,0,0.0,0,0,0,0,0,0,0.0,0.0,0.0,0.0,0.0,0.0,0.0,0.0,,0.0,0.0,0.0,1,0,87.4,2025-09-01,2025-10-05,,0.0,0,к клиенту при продаже,,,,,,,Подольск,Россия,,,0,,2475634343225,i4wire8qjnv8z2flu7u6n7hv3izky22u,0,,0.0,0.0,0.0,1.03,,,,0,0,0,0,0,0,0,0,"FBW, (МГТ, короба)",0,0,0,0,0,0,0,,
3,0,Худи,198745700,UrbanWear,UW-HOODIE-BLK,Худи унисекс оверсайз чёрное,S,2037489561300,,Логистика,,2025-09-13,0,0,0.0,0,0,0,0,0,0,0.0,0.0,0.0,0.0,0.0,0.0,0.0,0.0,,0.0,0.0,0.0,1,0,94.54,2025-09-01,2025-10-05,,0.0,0,к клиенту при продаже,,,,,,,Казань,Россия,,,0,,6364526468425,0z3nx39rbsv55psq0oxfq8myx444nlz1,0,,0.0,0.0,0.0,0.93,,,,0,0,0,0,0,0,0,0,"FBW, (МГТ, короба)",0,0,0,0,0,0,0,,
4,0,Джинсы,276583411,DenimPro,DP-JEANS-SLIM-02,Джинсы мужские slim тёмно-синие,34,2098374651002,,Логистика,,2025-09-13,0,0,0.0,0,0,0,0,0,0,0.0,0.0,0.0,0.0,0.0,0.0,0.0,0.0,,0.0,0.0,0.0,1,0,117.94,2025-09-01,2025-10-05,,0.0,0,к клиенту при продаже,,,,,,,Подольск,Россия,,,0,,9239926452383,n2fomd7q1ddpusddtv25ao20u9isygjj,0,,0.0,0.0,0.0,0.9,,,,0,0,0,0,0,0,0,0,"FBW, (МГТ, паллеты)",0,0,0,0,0,0,0,,
5,0,Белье,867293041,ComfortZone,CZ-BRA-SPORT-01,Бюстгальтер спортивный бесшовный,S,2618293740156,,Логистика,,2025-09-13,0,0,0.0,0,0,0,0,0,0,0.0,0.0,0.0,0.0,0.0,0.0,0.0,0.0,,0.0,0.0,0.0,1,0,108.12,2025-09-01,2025-10-05,,0.0,0,к клиенту при продаже,,,,,,,Белая Дача,Россия,,,0,,6216507956062,qldb2uuijnwpaytxw1vzc7d2kd1poxrt,0,,0.0,0.0,0.0,0.9,,,,0,0,0,0,0,0,0,0,"FBW, (МГТ, короба)",0,0,0,0,0,0,0,,
6,0,Кроссовки,312094876,StepMax,SM-SNKR-CSL-38,Кроссовки повседневные женские StepMax Lite,36,2145098763211,,Логистика,,2025-09-13,0,0,0.0,0,0,0,0,0,0,0.0,0.0,0.0,0.0,0.0,0.0,0.0,0.0,,0.0,0.0,0.0,1,0,154.03,2025-09-01,2025-10-05,,0.0,0,к клиенту при продаже,,,,,,,Тула,Россия,,,0,,8025123165955,cfkjnawnga41izxtnsrtwlxdsc4e5hrd,0,,0.0,0.0,0.0,1.17,,,,0,0,0,0,0,0,0,0,"FBS, (МГТ)",0,0,0,0,0,0,0,,
7,0,Белье,867293041,ComfortZone,CZ-BRA-SPORT-01,Бюстгальтер спортивный бесшовный,L,2618293740156,,Логистика,,2025-09-13,0,0,0.0,0,0,0,0,0,0,0.0,0.0,0.0,0.0,0.0,0.0,0.0,0.0,,0.0,0.0,0.0,1,0,85.94,2025-09-01,2025-10-05,,0.0,0,к клиенту при продаже,,,,,,,Казань,Россия,,,0,,4581901873460,ud2zdlx1q8f6jng7l4lrcer4kmusozdu,0,,0.0,0.0,0.0,1.14,,,,0,0,0,0,0,0,0,0,"FBS, (МГТ)",0,0,0,0,0,0,0,,
8,0,Шорты,198745750,UrbanWear,UW-SHORTS-CARGO,Шорты мужские карго хлопок,XL,2037489561350,,Логистика,,2025-09-13,0,0,0.0,0,0,0,0,0,0,0.0,0.0,0.0,0.0,0.0,0.0,0.0,0.0,,0.0,0.0,0.0,1,0,105.44,2025-09-01,2025-10-05,,0.0,0,к клиенту при продаже,,,,,,,Электросталь,Россия,,,0,,9364690590476,kxcq91yy1j2jcn9j3gc9hoxdtpwdpjbc,0,,0.0,0.0,0.0,1.14,,,,0,0,0,0,0,0,0,0,"FBS, (МГТ)",0,0,0,0,0,0,0,,
9,0,Носки,410293847,SockLab,SL-SOCK-PACK-5,Носки мужские набор 5 пар хлопок,29-31,2200198374650,,Логистика,,2025-09-13,0,0,0.0,0,0,0,0,0,0,0.0,0.0,0.0,0.0,0.0,0.0,0.0,0.0,,0.0,0.0,0.0,1,0,68.13,2025-09-01,2025-10-05,,0.0,0,к клиенту при продаже,,,,,,,Казань,Россия,,,0,,2749125875698,j84rx6pryiej9c0uu5wryesu4fcl5efj,0,,0.0,0.0,0.0,0.9,,,,0,0,0,0,0,0,0,0,"FBW, (МГТ, короба)",0,0,0,0,0,0,0,,
10,0,Аксессуары,945018273,StyleUp,SU-BELT-LEATHER,Ремень кожаный классический,120,2719384650102,,Логистика,,2025-09-13,0,0,0.0,0,0,0,0,0,0,0.0,0.0,0.0,0.0,0.0,0.0,0.0,0.0,,0.0,0.0,0.0,1,0,115.05,2025-09-01,2025-10-05,,0.0,0,к клиенту при продаже,,,,,,,Белая Дача,Россия,,,0,,9702427784896,v9nou3dyms1mwnpr424tkb9oi0d4dmc2,0,,0.0,0.0,0.0,0.99,,,,0,0,0,0,0,0,0,0,"FBS, (МГТ)",0,0,0,0,0,0,0,,
11,0,Аксессуары,945018273,StyleUp,SU-BELT-LEATHER,Ремень кожаный классический,120,2719384650102,,Логистика,,2025-09-13,0,0,0.0,0,0,0,0,0,0,0.0,0.0,0.0,0.0,0.0,0.0,0.0,0.0,,0.0,0.0,0.0,1,0,101.05,2025-09-01,2025-10-05,,0.0,0,к клиенту при продаже,,,,,,,Коледино,Россия,,,0,,7347268714189,tl8n3e54n6o9jd3ih66w51ob537qo4z5,0,,0.0,0.0,0.0,1.39,,,,0,0,0,0,0,0,0,0,"FBS, (МГТ)",0,0,0,0,0,0,0,,
12,0,Рюкзаки,523098174,CarryOn,CO-BKPK-URBAN,Рюкзак городской с USB портом,0,2301847562009,,Логистика,,2025-09-13,0,0,0.0,0,0,0,0,0,0,0.0,0.0,0.0,0.0,0.0,0.0,0.0,0.0,,0.0,0.0,0.0,1,0,150.03,2025-09-01,2025-10-05,,0.0,0,к клиенту при продаже,,,,,,,Коледино,Россия,,,0,,4076806635981,grmqdzpjl9r9kmp6j37spf0r8u7wpgbg,0,,0.0,0.0,0.0,1.48,,,,0,0,0,0,0,0,0,0,"FBS, (МГТ)",0,0,0,0,0,0,0,,
13,0,Сумки,523098175,CarryOn,CO-BAG-TOTE-01,Сумка-тоут женская эко-кожа,0,2301847562010,,Логистика,,2025-09-13,0,0,0.0,0,0,0,0,0,0,0.0,0.0,0.0,0.0,0.0,0.0,0.0,0.0,,0.0,0.0,0.0,1,0,54.04,2025-09-01,2025-10-05,,0.0,0,к клиенту при продаже,,,,,,,Тула,Россия,,,0,,1988728096668,vaaguzroc5xt63qe8nvn439enga01yzg,0,,0.0,0.0,0.0,1.21,,,,0,0,0,0,0,0,0,0,"FBS, (МГТ)",0,0,0,0,0,0,0,,
14,0,Джинсы,276583411,DenimPro,DP-JEANS-SLIM-02,Джинсы мужские slim тёмно-синие,30,2098374651002,,Логистика,,2025-09-13,0,0,0.0,0,0,0,0,0,0,0.0,0.0,0.0,0.0,0.0,0.0,0.0,0.0,,0.0,0.0,0.0,1,0,71.95,2025-09-01,2025-10-05,,0.0,0,к клиенту при продаже,,,,,,,Коледино,Россия,,,0,,2716440674421,3vilurqbdx7m42o34ogwpnxzdzb5f5tx,0,,0.0,0.0,0.0,0.94,,,,0,0,0,0,0,0,0,0,"FBW, (МГТ, короба)",0,0,0,0,0,0,0,,
15,0,Футболки,198745633,UrbanWear,UW-TSHIRT-002,Футболка женская приталенная,S,2037489561235,,Логистика,,2025-09-13,0,0,0.0,0,0,0,0,0,0,0.0,0.0,0.0,0.0,0.0,0.0,0.0,0.0,,0.0,0.0,0.0,1,0,114.71,2025-09-01,2025-10-05,,0.0,0,к клиенту при продаже,,,,,,,Хоругвино,Россия,,,0,,1083822612788,h1xdpzf761hjr6eet0dy571vxnz0nxu4,0,,0.0,0.0,0.0,0.89,,,,0,0,0,0,0,0,0,0,"FBS, (МГТ)",0,0,0,0,0,0,0,,
16,0,Рюкзаки,523098174,CarryOn,CO-BKPK-URBAN,Рюкзак городской с USB портом,0,2301847562009,,Логистика,,2025-09-13,0,0,0.0,0,0,0,0,0,0,0.0,0.0,0.0,0.0,0.0,0.0,0.0,0.0,,0.0,0.0,0.0,1,0,182.58,2025-09-01,2025-10-05,,0.0,0,к клиенту при продаже,,,,,,,Электросталь,Россия,,,0,,4651791005181,dpwvbz7cn0eqwmi6kti221xj7wwudqvd,0,,0.0,0.0,0.0,0.88,,,,0,0,0,0,0,0,0,0,"FBW, (МГТ, паллеты)",0,0,0,0,0,0,0,,
17,0,Аксессуары,945018273,StyleUp,SU-BELT-LEATHER,Ремень кожаный классический,110,2719384650102,,Логистика,,2025-09-13,0,0,0.0,0,0,0,0,0,0,0.0,0.0,0.0,0.0,0.0,0.0,0.0,0.0,,0.0,0.0,0.0,1,0,88.75,2025-09-01,2025-10-05,,0.0,0,к клиенту при продаже,,,,,,,Хоругвино,Россия,,,0,,5453381845134,nf9w5n9c70pa8jx54pegjks4i2nr1p02,0,,0.0,0.0,0.0,1.12,,,,0,0,0,0,0,0,0,0,"FBW, (МГТ, паллеты)",0,0,0,0,0,0,0,,
18,0,Носки,410293847,SockLab,SL-SOCK-PACK-5,Носки мужские набор 5 пар хлопок,25-27,2200198374650,,Логистика,,2025-09-13,0,0,0.0,0,0,0,0,0,0,0.0,0.0,0.0,0.0,0.0,0.0,0.0,0.0,,0.0,0.0,0.0,1,0,91.97,2025-09-01,2025-10-05,,0.0,0,к клиенту при продаже,,,,,,,Подольск,Россия,,,0,,1287114397206,5xt54fn5g77lk6hqiv929sevl7fq8aby,0,,0.0,0.0,0.0,1.1,,,,0,0,0,0,0,0,0,0,"FBW, (МГТ, короба)",0,0,0,0,0,0,0,,
19,0,Аксессуары,945018273,StyleUp,SU-BELT-LEATHER,Ремень кожаный классический,100,2719384650102,,Логистика,,2025-09-13,0,0,0.0,0,0,0,0,0,0,0.0,0.0,0.0,0.0,0.0,0.0,0.0,0.0,,0.0,0.0,0.0,1,0,55.57,2025-09-01,2025-10-05,,0.0,0,к клиенту при продаже,,,,,,,Хоругвино,Россия,,,0,,0973047683481,3vzzxt9qubwrp8guucm5fyczu80zrz79,0,,0.0,0.0,0.0,1.49,,,,0,0,0,0,0,0,0,0,"FBW, (МГТ, короба)",0,0,0,0,0,0,0,,
20,0,Аксессуары,945018273,StyleUp,SU-BELT-LEATHER,Ремень кожаный классический,90,2719384650102,,Логистика,,2025-09-13,0,0,0.0,0,0,0,0,0,0,0.0,0.0,0.0,0.0,0.0,0.0,0.0,0.0,,0.0,0.0,0.0,1,0,108.59,2025-09-01,2025-10-05,,0.0,0,к клиенту при продаже,,,,,,,Электросталь,Россия,,,0,,8868993351021,t60kusfhvmljekbvxsogb205hu03y53m,0,,0.0,0.0,0.0,0.97,,,,0,0,0,0,0,0,0,0,"FBS, (МГТ)",0,0,0,0,0,0,0,,
21,0,Джинсы,276583410,DenimPro,DP-JEANS-MOM-01,Джинсы женские mom fit голубые,27,2098374651001,,Логистика,,2025-09-13,0,0,0.0,0,0,0,0,0,0,0.0,0.0,0.0,0.0,0.0,0.0,0.0,0.0,,0.0,0.0,0.0,1,0,68.86,2025-09-01,2025-10-05,,0.0,0,к клиенту при продаже,,,,,,,Коледино,Россия,,,0,,3179216872355,5f9e0klliro7yy0kz6xnomb42o3q825q,0,,0.0,0.0,0.0,1.04,,,,0,0,0,0,0,0,0,0,"FBS, (МГТ)",0,0,0,0,0,0,0,,
22,0,Футболки,198745633,UrbanWear,UW-TSHIRT-002,Футболка женская приталенная,L,2037489561235,,Логистика,,2025-09-13,0,0,0.0,0,0,0,0,0,0,0.0,0.0,0.0,0.0,0.0,0.0,0.0,0.0,,0.0,0.0,0.0,1,0,67.21,2025-09-01,2025-10-05,,0.0,0,к клиенту при продаже,,,,,,,Хоругвино,Россия,,,0,,2488588163027,ycfnhp39lqt9ngq6tlv0gub5kb3pkbqy,0,,0.0,0.0,0.0,1.38,,,,0,0,0,0,0,0,0,0,"FBS, (МГТ)",0,0,0,0,0,0,0,,
23,0,Платья,645098231,LaDonna,LD-DRESS-MIDI,Платье миди с цветочным принтом,XS,2409182736450,,Логистика,,2025-09-13,0,0,0.0,0,0,0,0,0,0,0.0,0.0,0.0,0.0,0.0,0.0,0.0,0.0,,0.0,0.0,0.0,1,0,82.34,2025-09-01,2025-10-05,,0.0,0,к клиенту при продаже,,,,,,,Казань,Россия,,,0,,1568352430220,37pjpo3cvs3zrb9opllv12bvxejaxvt7,0,,0.0,0.0,0.0,1.14,,,,0,0,0,0,0,0,0,0,"FBW, (МГТ, короба)",0,0,0,0,0,0,0,,
24,0,Куртки,734019285,NordWind,NW-JACKET-LITE,Куртка демисезонная мужская лёгкая,XXL,2510293847561,,Логистика,,2025-09-13,0,0,0.0,0,0,0,0,0,0,0.0,0.0,0.0,0.0,0.0,0.0,0.0,0.0,,0.0,0.0,0.0,1,0,129.69,2025-09-01,2025-10-05,,0.0,0,к клиенту при продаже,,,,,,,Подольск,Россия,,,0,,4713148308165,g680iuga4fegyyj5n860ath9kp6asssu,0,,0.0,0.0,0.0,0.99,,,,0,0,0,0,0,0,0,0,"FBW, (МГТ, паллеты)",0,0,0,0,0,0,0,,
25,0,Рюкзаки,523098174,CarryOn,CO-BKPK-URBAN,Рюкзак городской с USB портом,0,2301847562009,,Логистика,,2025-09-13,0,0,0.0,0,0,0,0,0,0,0.0,0.0,0.0,0.0,0.0,0.0,0.0,0.0,,0.0,0.0,0.0,1,0,120.17,2025-09-01,2025-10-05,,0.0,0,к клиенту при продаже,,,,,,,Белая Дача,Россия,,,0,,4299065190144,m2caml518dwkxdmnnvum2eni8wx46qgb,0,,0.0,0.0,0.0,1.41,,,,0,0,0,0,0,0,0,0,"FBS, (МГТ)",0,0,0,0,0,0,0,,
26,0,Джинсы,276583411,DenimPro,DP-JEANS-SLIM-02,Джинсы мужские slim тёмно-синие,34,2098374651002,,Логистика,,2025-09-13,0,0,0.0,0,0,0,0,0,0,0.0,0.0,0.0,0.0,0.0,0.0,0.0,0.0,,0.0,0.0,0.0,1,0,99.94,2025-09-01,2025-10-05,,0.0,0,к клиенту при продаже,,,,,,,Краснодар,Россия,,,0,,9910281404779,vk32rgwhgxmd7qcq3za8e83mtebdud8t,0,,0.0,0.0,0.0,1.11,,,,0,0,0,0,0,0,0,0,"FBS, (МГТ)",0,0,0,0,0,0,0,,
27,0,Кроссовки,312094875,StepMax,SM-SNKR-RUN-44,Кроссовки беговые мужские StepMax Air,45,2145098763210,,Логистика,,2025-09-13,0,0,0.0,0,0,0,0,0,0,0.0,0.0,0.0,0.0,0.0,0.0,0.0,0.0,,0.0,0.0,0.0,1,0,151.36,2025-09-01,2025-10-05,,0.0,0,к клиенту при продаже,,,,,,,Краснодар,Россия,,,0,,6908002982740,yw1tcfi4plmvk5sgcsvpaoj1mddbd3nh,0,,0.0,0.0,0.0,1.19,,,,0,0,0,0,0,0,0,0,"FBS, (МГТ)",0,0,0,0,0,0,0,,
28,0,Куртки,734019285,NordWind,NW-JACKET-LITE,Куртка демисезонная мужская лёгкая,XXL,2510293847561,,Логистика,,2025-09-13,0,0,0.0,0,0,0,0,0,0,0.0,0.0,0.0,0.0,0.0,0.0,0.0,0.0,,0.0,0.0,0.0,1,0,185.86,2025-09-01,2025-10-05,,0.0,0,к клиенту при продаже,,,,,,,Тула,Россия,,,0,,3704237753259,lqhpqpfie952ex2jz8k7zoj3e0qqxnn8,0,,0.0,0.0,0.0,1.0,,,,0,0,0,0,0,0,0,0,"FBW, (МГТ, короба)",0,0,0,0,0,0,0,,
29,0,Рюкзаки,523098174,CarryOn,CO-BKPK-URBAN,Рюкзак городской с USB портом,0,2301847562009,,Логистика,,2025-09-13,0,0,0.0,0,0,0,0,0,0,0.0,0.0,0.0,0.0,0.0,0.0,0.0,0.0,,0.0,0.0,0.0,1,0,82.63,2025-09-01,2025-10-05,,0.0,0,к клиенту при продаже,,,,,,,Краснодар,Россия,,,0,,1142847086442,x4nkio5b6iijpshoxxaoz5e7ggo46x1w,0,,0.0,0.0,0.0,1.27,,,,0,0,0,0,0,0,0,0,"FBW, (МГТ, паллеты)",0,0,0,0,0,0,0,,
30,0,Джинсы,276583410,DenimPro,DP-JEANS-MOM-01,Джинсы женские mom fit голубые,25,2098374651001,,Логистика,,2025-09-13,0,0,0.0,0,0,0,0,0,0,0.0,0.0,0.0,0.0,0.0,0.0,0.0,0.0,,0.0,0.0,0.0,1,0,115.21,2025-09-01,2025-10-05,,0.0,0,к клиенту при продаже,,,,,,,Белая Дача,Россия,,,0,,6841043606494,6kb9z7fw0c20x450uheh3rfwtevtx3nf,0,,0.0,0.0,0.0,1.38,,,,0,0,0,0,0,0,0,0,"FBS, (МГТ)",0,0,0,0,0,0,0,,
31,0,Худи,198745700,UrbanWear,UW-HOODIE-BLK,Худи унисекс оверсайз чёрное,L,2037489561300,,Логистика,,2025-09-13,0,0,0.0,0,0,0,0,0,0,0.0,0.0,0.0,0.0,0.0,0.0,0.0,0.0,,0.0,0.0,0.0,1,0,41.0,2025-09-01,2025-10-05,,0.0,0,к клиенту при продаже,,,,,,,Казань,Россия,,,0,,0924687342964,umam003l4jzwyix7brrbai3al6eja1v2,0,,0.0,0.0,0.0,1.07,,,,0,0,0,0,0,0,0,0,"FBW, (МГТ, короба)",0,0,0,0,0,0,0,,
32,0,Футболки,198745632,UrbanWear,UW-TSHIRT-001,Футболка мужская хлопок оверсайз,L,2037489561234,,Логистика,,2025-09-13,0,0,0.0,0,0,0,0,0,0,0.0,0.0,0.0,0.0,0.0,0.0,0.0,0.0,,0.0,0.0,0.0,1,0,107.32,2025-09-01,2025-10-05,,0.0,0,к клиенту при продаже,,,,,,,Краснодар,Россия,,,0,,1254424339608,ya1w3rr43ur4mfjhojalbh1nyks9urxi,0,,0.0,0.0,0.0,0.81,,,,0,0,0,0,0,0,0,0,"FBW, (МГТ, короба)",0,0,0,0,0,0,0,,
33,0,Джинсы,276583410,DenimPro,DP-JEANS-MOM-01,Джинсы женские mom fit голубые,27,2098374651001,,Логистика,,2025-09-13,0,0,0.0,0,0,0,0,0,0,0.0,0.0,0.0,0.0,0.0,0.0,0.0,0.0,,0.0,0.0,0.0,1,0,65.87,2025-09-01,2025-10-05,,0.0,0,к клиенту при продаже,,,,,,,Электросталь,Россия,,,0,,3798722683155,c908t6rwarqcfk3ekwh1mq46pl5nbti1,0,,0.0,0.0,0.0,1.48,,,,0,0,0,0,0,0,0,0,"FBS, (МГТ)",0,0,0,0,0,0,0,,
34,0,Куртки,734019285,NordWind,NW-JACKET-LITE,Куртка демисезонная мужская лёгкая,M,2510293847561,,Логистика,,2025-09-13,0,0,0.0,0,0,0,0,0,0,0.0,0.0,0.0,0.0,0.0,0.0,0.0,0.0,,0.0,0.0,0.0,1,0,98.71,2025-09-01,2025-10-05,,0.0,0,к клиенту при продаже,,,,,,,Краснодар,Россия,,,0,,3664386221613,mvaq93fa2m2h0cnwq21knpkia0w8myzd,0,,0.0,0.0,0.0,0.97,,,,0,0,0,0,0,0,0,0,"FBS, (МГТ)",0,0,0,0,0,0,0,,
35,0,Футболки,198745632,UrbanWear,UW-TSHIRT-001,Футболка мужская хлопок оверсайз,S,2037489561234,,Логистика,,2025-09-13,0,0,0.0,0,0,0,0,0,0,0.0,0.0,0.0,0.0,0.0,0.0,0.0,0.0,,0.0,0.0,0.0,1,0,84.7,2025-09-01,2025-10-05,,0.0,0,к клиенту при продаже,,,,,,,Коледино,Россия,,,0,,4153954058337,kdm6z6xtb80u10kwccimnschlsxjxrqm,0,,0.0,0.0,0.0,1.29,,,,0,0,0,0,0,0,0,0,"FBW, (МГТ, паллеты)",0,0,0,0,0,0,0,,
36,0,Куртки,734019285,NordWind,NW-JACKET-LITE,Куртка демисезонная мужская лёгкая,M,2510293847561,,Логистика,,2025-09-14,0,0,0.0,0,0,0,0,0,0,0.0,0.0,0.0,0.0,0.0,0.0,0.0,0.0,,0.0,0.0,0.0,1,0,96.66,2025-09-01,2025-10-05,,0.0,0,к клиенту при продаже,,,,,,,Электросталь,Россия,,,0,,9021964721266,nz8v12ii826gyup12spfhv5brn7zsedf,0,,0.0,0.0,0.0,1.29,,,,0,0,0,0,0,0,0,0,"FBW, (МГТ, паллеты)",0,0,0,0,0,0,0,,
37,0,Рюкзаки,523098174,CarryOn,CO-BKPK-URBAN,Рюкзак городской с USB портом,0,2301847562009,,Логистика,,2025-09-14,0,0,0.0,0,0,0,0,0,0,0.0,0.0,0.0,0.0,0.0,0.0,0.0,0.0,,0.0,0.0,0.0,1,0,171.93,2025-09-01,2025-10-05,,0.0,0,к клиенту при продаже,,,,,,,Хоругвино,Россия,,,0,,2105707422805,sqcq30o30ubmc97c7bo119xp9n56nyxt,0,,0.0,0.0,0.0,1.42,,,,0,0,0,0,0,0,0,0,"FBW, (МГТ, короба)",0,0,0,0,0,0,0,,
38,0,Кроссовки,312094876,StepMax,SM-SNKR-CSL-38,Кроссовки повседневные женские StepMax Lite,37,2145098763211,,Логистика,,2025-09-14,0,0,0.0,0,0,0,0,0,0,0.0,0.0,0.0,0.0,0.0,0.0,0.0,0.0,,0.0,0.0,0.0,1,0,112.63,2025-09-01,2025-10-05,,0.0,0,к клиенту при продаже,,,,,,,Подольск,Россия,,,0,,7511445923211,nk20in8910t2f7atwyam1n0lh9p89fkb,0,,0.0,0.0,0.0,0.85,,,,0,0,0,0,0,0,0,0,"FBW, (МГТ, короба)",0,0,0,0,0,0,0,,
39,0,Худи,198745700,UrbanWear,UW-HOODIE-BLK,Худи унисекс оверсайз чёрное,S,2037489561300,,Логистика,,2025-09-14,0,0,0.0,0,0,0,0,0,0,0.0,0.0,0.0,0.0,0.0,0.0,0.0,0.0,,0.0,0.0,0.0,1,0,85.82,2025-09-01,2025-10-05,,0.0,0,к клиенту при продаже,,,,,,,Электросталь,Россия,,,0,,3805559194912,hgzz0jkibu4fmpkxvhagkc4lorxdtg5n,0,,0.0,0.0,0.0,0.96,,,,0,0,0,0,0,0,0,0,"FBW, (МГТ, паллеты)",0,0,0,0,0,0,0,,
40,0,Джинсы,276583410,DenimPro,DP-JEANS-MOM-01,Джинсы женские mom fit голубые,29,2098374651001,,Логистика,,2025-09-14,0,0,0.0,0,0,0,0,0,0,0.0,0.0,0.0,0.0,0.0,0.0,0.0,0.0,,0.0,0.0,0.0,1,0,110.12,2025-09-01,2025-10-05,,0.0,0,к клиенту при продаже,,,,,,,Тула,Россия,,,0,,0966064354166,j1g1r1dwwo8nbhnal3gywiymenvg3kk0,0,,0.0,0.0,0.0,0.98,,,,0,0,0,0,0,0,0,0,"FBS, (МГТ)",0,0,0,0,0,0,0,,
41,0,Рюкзаки,523098174,CarryOn,CO-BKPK-URBAN,Рюкзак городской с USB портом,0,2301847562009,,Логистика,,2025-09-14,0,0,0.0,0,0,0,0,0,0,0.0,0.0,0.0,0.0,0.0,0.0,0.0,0.0,,0.0,0.0,0.0,1,0,141.05,2025-09-01,2025-10-05,,0.0,0,к клиенту при продаже,,,,,,,Подольск,Россия,,,0,,3009756262682,kjf4aq7b7v1w4k2tczs8s2ftom5xlk8w,0,,0.0,0.0,0.0,1.14,,,,0,0,0,0,0,0,0,0,"FBW, (МГТ, паллеты)",0,0,0,0,0,0,0,,
42,0,Джинсы,276583411,DenimPro,DP-JEANS-SLIM-02,Джинсы мужские slim тёмно-синие,33,2098374651002,,Логистика,,2025-09-14,0,0,0.0,0,0,0,0,0,0,0.0,0.0,0.0,0.0,0.0,0.0,0.0,0.0,,0.0,0.0,0.0,1,0,50.71,2025-09-01,2025-10-05,,0.0,0,к клиенту при продаже,,,,,,,Хоругвино,Россия,,,0,,3029967115581,yikcgrlxyfu38gl2zxjmylrq1rdxck36,0,,0.0,0.0,0.0,1.15,,,,0,0,0,0,0,0,0,0,"FBW, (МГТ, короба)",0,0,0,0,0,0,0,,
43,0,Сумки,523098175,CarryOn,CO-BAG-TOTE-01,Сумка-тоут женская эко-кожа,0,2301847562010,,Логистика,,2025-09-14,0,0,0.0,0,0,0,0,0,0,0.0,0.0,0.0,0.0,0.0,0.0,0.0,0.0,,0.0,0.0,0.0,1,0,60.62,2025-09-01,2025-10-05,,0.0,0,к клиенту при продаже,,,,,,,Хоругвино,Россия,,,0,,5106633162843,3v23gxj0mqvindh4spfdrwb2serev361,0,,0.0,0.0,0.0,0.8,,,,0,0,0,0,0,0,0,0,"FBS, (МГТ)",0,0,0,0,0,0,0,,
44,0,Джинсы,276583410,DenimPro,DP-JEANS-MOM-01,Джинсы женские mom fit голубые,25,2098374651001,,Логистика,,2025-09-14,0,0,0.0,0,0,0,0,0,0,0.0,0.0,0.0,0.0,0.0,0.0,0.0,0.0,,0.0,0.0,0.0,1,0,89.06,2025-09-01,2025-10-05,,0.0,0,к клиенту при продаже,,,,,,,Подольск,Россия,,,0,,1461041558663,6parsg70s1f537ye0qzsa7yvdqbsxlul,0,,0.0,0.0,0.0,1.04,,,,0,0,0,0,0,0,0,0,"FBW, (МГТ, паллеты)",0,0,0,0,0,0,0,,
45,0,Куртки,734019285,NordWind,NW-JACKET-LITE,Куртка демисезонная мужская лёгкая,M,2510293847561,,Логистика,,2025-09-14,0,0,0.0,0,0,0,0,0,0,0.0,0.0,0.0,0.0,0.0,0.0,0.0,0.0,,0.0,0.0,0.0,1,0,134.29,2025-09-01,2025-10-05,,0.0,0,к клиенту при продаже,,,,,,,Белая Дача,Россия,,,0,,6423290614559,cvbphvgnqgmjmbukdqp1hkf286utios5,0,,0.0,0.0,0.0,0.97,,,,0,0,0,0,0,0,0,0,"FBS, (МГТ)",0,0,0,0,0,0,0,,
46,0,Аксессуары,945018273,StyleUp,SU-BELT-LEATHER,Ремень кожаный классический,110,2719384650102,,Логистика,,2025-09-14,0,0,0.0,0,0,0,0,0,0,0.0,0.0,0.0,0.0,0.0,0.0,0.0,0.0,,0.0,0.0,0.0,1,0,100.49,2025-09-01,2025-10-05,,0.0,0,к клиенту при продаже,,,,,,,Хоругвино,Россия,,,0,,4577113508835,rbyeawhmlvhs21hd4y89orvscyozpnam,0,,0.0,0.0,0.0,0.86,,,,0,0,0,0,0,0,0,0,"FBW, (МГТ, паллеты)",0,0,0,0,0,0,0,,
47,0,Куртки,734019285,NordWind,NW-JACKET-LITE,Куртка демисезонная мужская лёгкая,L,2510293847561,,Логистика,,2025-09-14,0,0,0.0,0,0,0,0,0,0,0.0,0.0,0.0,0.0,0.0,0.0,0.0,0.0,,0.0,0.0,0.0,1,0,143.46,2025-09-01,2025-10-05,,0.0,0,к клиенту при продаже,,,,,,,Подольск,Россия,,,0,,9590257354913,eeamyfp9s8gk0eeyylh9p1earphbxvq6,0,,0.0,0.0,0.0,1.3,,,,0,0,0,0,0,0,0,0,"FBW, (МГТ, паллеты)",0,0,0,0,0,0,0,,
48,0,Белье,867293041,ComfortZone,CZ-BRA-SPORT-01,Бюстгальтер спортивный бесшовный,S,2618293740156,,Логистика,,2025-09-14,0,0,0.0,0,0,0,0,0,0,0.0,0.0,0.0,0.0,0.0,0.0,0.0,0.0,,0.0,0.0,0.0,1,0,75.16,2025-09-01,2025-10-05,,0.0,0,к клиенту при продаже,,,,,,,Белая Дача,Россия,,,0,,4393469893780,jvoegi3qupxbfej2xg48ra4dv56onxd7,0,,0.0,0.0,0.0,0.98,,,,0,0,0,0,0,0,0,0,"FBS, (МГТ)",0,0,0,0,0,0,0,,
49,0,Джинсы,276583410,DenimPro,DP-JEANS-MOM-01,Джинсы женские mom fit голубые,28,2098374651001,,Логистика,,2025-09-14,0,0,0.0,0,0,0,0,0,0,0.0,0.0,0.0,0.0,0.0,0.0,0.0,0.0,,0.0,0.0,0.0,1,0,90.36,2025-09-01,2025-10-05,,0.0,0,к клиенту при продаже,,,,,,,Электросталь,Россия,,,0,,7149895694775,meiur9211u645vdb828192v4dusgehn0,0,,0.0,0.0,0.0,0.97,,,,0,0,0,0,0,0,0,0,"FBS, (МГТ)",0,0,0,0,0,0,0,,
50,0,Худи,198745700,UrbanWear,UW-HOODIE-BLK,Худи унисекс оверсайз чёрное,L,2037489561300,,Логистика,,2025-09-14,0,0,0.0,0,0,0,0,0,0,0.0,0.0,0.0,0.0,0.0,0.0,0.0,0.0,,0.0,0.0,0.0,1,0,95.87,2025-09-01,2025-10-05,,0.0,0,к клиенту при продаже,,,,,,,Тула,Россия,,,0,,8258896972632,biviss8jltcbw6atvd1xeuq4s2ftgi88,0,,0.0,0.0,0.0,1.38,,,,0,0,0,0,0,0,0,0,"FBS, (МГТ)",0,0,0,0,0,0,0,,
51,0,Джинсы,276583410,DenimPro,DP-JEANS-MOM-01,Джинсы женские mom fit голубые,29,2098374651001,,Логистика,,2025-09-14,0,0,0.0,0,0,0,0,0,0,0.0,0.0,0.0,0.0,0.0,0.0,0.0,0.0,,0.0,0.0,0.0,1,0,45.19,2025-09-01,2025-10-05,,0.0,0,к клиенту при продаже,,,,,,,Краснодар,Россия,,,0,,3517549456762,v1bbhg5zmtga46ayn2d7ki3x79955cf7,0,,0.0,0.0,0.0,1.16,,,,0,0,0,0,0,0,0,0,"FBS, (МГТ)",0,0,0,0,0,0,0,,
52,0,Аксессуары,945018273,StyleUp,SU-BELT-LEATHER,Ремень кожаный классический,100,2719384650102,,Логистика,,2025-09-14,0,0,0.0,0,0,0,0,0,0,0.0,0.0,0.0,0.0,0.0,0.0,0.0,0.0,,0.0,0.0,0.0,1,0,119.14,2025-09-01,2025-10-05,,0.0,0,к клиенту при продаже,,,,,,,Казань,Россия,,,0,,2745777473176,hpnf4jd1ksibsmqpnrjapjc6kstcjiem,0,,0.0,0.0,0.0,1.47,,,,0,0,0,0,0,0,0,0,"FBW, (МГТ, паллеты)",0,0,0,0,0,0,0,,
53,0,Футболки,198745633,UrbanWear,UW-TSHIRT-002,Футболка женская приталенная,S,2037489561235,,Логистика,,2025-09-14,0,0,0.0,0,0,0,0,0,0,0.0,0.0,0.0,0.0,0.0,0.0,0.0,0.0,,0.0,0.0,0.0,1,0,40.48,2025-09-01,2025-10-05,,0.0,0,к клиенту при продаже,,,,,,,Тула,Россия,,,0,,0991157254411,g1y9xca6qs0szaa1eipicerhnxi09p5e,0,,0.0,0.0,0.0,1.41,,,,0,0,0,0,0,0,0,0,"FBW, (МГТ, короба)",0,0,0,0,0,0,0,,
54,0,Худи,198745700,UrbanWear,UW-HOODIE-BLK,Худи унисекс оверсайз чёрное,XL,2037489561300,,Логистика,,2025-09-14,0,0,0.0,0,0,0,0,0,0,0.0,0.0,0.0,0.0,0.0,0.0,0.0,0.0,,0.0,0.0,0.0,1,0,101.7,2025-09-01,2025-10-05,,0.0,0,к клиенту при продаже,,,,,,,Электросталь,Россия,,,0,,6303424937061,kqwj2c9ogps0132an417vf0jqqnvceqf,0,,0.0,0.0,0.0,1.33,,,,0,0,0,0,0,0,0,0,"FBW, (МГТ, паллеты)",0,0,0,0,0,0,0,,
55,0,Сумки,523098175,CarryOn,CO-BAG-TOTE-01,Сумка-тоут женская эко-кожа,0,2301847562010,,Логистика,,2025-09-14,0,0,0.0,0,0,0,0,0,0,0.0,0.0,0.0,0.0,0.0,0.0,0.0,0.0,,0.0,0.0,0.0,1,0,112.42,2025-09-01,2025-10-05,,0.0,0,к клиенту при продаже,,,,,,,Коледино,Россия,,,0,,7887704089948,2ns8jr1vmymlinov953a5o47aet81iqy,0,,0.0,0.0,0.0,1.31,,,,0,0,0,0,0,0,0,0,"FBW, (МГТ, паллеты)",0,0,0,0,0,0,0,,
56,0,Худи,198745700,UrbanWear,UW-HOODIE-BLK,Худи унисекс оверсайз чёрное,L,2037489561300,,Логистика,,2025-09-14,0,0,0.0,0,0,0,0,0,0,0.0,0.0,0.0,0.0,0.0,0.0,0.0,0.0,,0.0,0.0,0.0,1,0,108.12,2025-09-01,2025-10-05,,0.0,0,к клиенту при продаже,,,,,,,Казань,Россия,,,0,,3549039576456,okvg019ydq3nwqaeex6iv9rydvn9zkel,0,,0.0,0.0,0.0,0.82,,,,0,0,0,0,0,0,0,0,"FBW, (МГТ, короба)",0,0,0,0,0,0,0,,
57,0,Кроссовки,312094875,StepMax,SM-SNKR-RUN-44,Кроссовки беговые мужские StepMax Air,45,2145098763210,,Логистика,,2025-09-14,0,0,0.0,0,0,0,0,0,0,0.0,0.0,0.0,0.0,0.0,0.0,0.0,0.0,,0.0,0.0,0.0,1,0,192.09,2025-09-01,2025-10-05,,0.0,0,к клиенту при продаже,,,,,,,Белая Дача,Россия,,,0,,3017242861150,109zdo0d3fvnv4kfq5dz53x1f8s0x7m2,0,,0.0,0.0,0.0,0.91,,,,0,0,0,0,0,0,0,0,"FBW, (МГТ, паллеты)",0,0,0,0,0,0,0,,
58,0,Джинсы,276583411,DenimPro,DP-JEANS-SLIM-02,Джинсы мужские slim тёмно-синие,32,2098374651002,,Логистика,,2025-09-14,0,0,0.0,0,0,0,0,0,0,0.0,0.0,0.0,0.0,0.0,0.0,0.0,0.0,,0.0,0.0,0.0,1,0,51.6,2025-09-01,2025-10-05,,0.0,0,к клиенту при продаже,,,,,,,Коледино,Россия,,,0,,6725320222579,dyejhdzxq3p87jh4z8d2vfhzpqvjldnh,0,,0.0,0.0,0.0,1.02,,,,0,0,0,0,0,0,0,0,"FBW, (МГТ, короба)",0,0,0,0,0,0,0,,
59,0,Носки,410293847,SockLab,SL-SOCK-PACK-5,Носки мужские набор 5 пар хлопок,25-27,2200198374650,,Логистика,,2025-09-14,0,0,0.0,0,0,0,0,0,0,0.0,0.0,0.0,0.0,0.0,0.0,0.0,0.0,,0.0,0.0,0.0,1,0,117.56,2025-09-01,2025-10-05,,0.0,0,к клиенту при продаже,,,,,,,Краснодар,Россия,,,0,,4006225770834,x0pkovtrpyx8hbbjcdiwzod05jh2mkv0,0,,0.0,0.0,0.0,1.21,,,,0,0,0,0,0,0,0,0,"FBW, (МГТ, паллеты)",0,0,0,0,0,0,0,,
60,0,Шорты,198745750,UrbanWear,UW-SHORTS-CARGO,Шорты мужские карго хлопок,M,2037489561350,,Логистика,,2025-09-14,0,0,0.0,0,0,0,0,0,0,0.0,0.0,0.0,0.0,0.0,0.0,0.0,0.0,,0.0,0.0,0.0,1,0,88.19,2025-09-01,2025-10-05,,0.0,0,к клиенту при продаже,,,,,,,Коледино,Россия,,,0,,6410254739279,vwct8jbbsxpk48ab13t4y0tb1zppep69,0,,0.0,0.0,0.0,1.42,,,,0,0,0,0,0,0,0,0,"FBW, (МГТ, паллеты)",0,0,0,0,0,0,0,,
61,0,Худи,198745700,UrbanWear,UW-HOODIE-BLK,Худи унисекс оверсайз чёрное,M,2037489561300,,Логистика,,2025-09-14,0,0,0.0,0,0,0,0,0,0,0.0,0.0,0.0,0.0,0.0,0.0,0.0,0.0,,0.0,0.0,0.0,1,0,58.38,2025-09-01,2025-10-05,,0.0,0,к клиенту при продаже,,,,,,,Тула,Россия,,,0,,7451223049567,fb76av3s2sumh3b0n9cc7isutp04sbrs,0,,0.0,0.0,0.0,1.38,,,,0,0,0,0,0,0,0,0,"FBW, (МГТ, короба)",0,0,0,0,0,0,0,,
62,0,Аксессуары,945018273,StyleUp,SU-BELT-LEATHER,Ремень кожаный классический,100,2719384650102,,Логистика,,2025-09-14,0,0,0.0,0,0,0,0,0,0,0.0,0.0,0.0,0.0,0.0,0.0,0.0,0.0,,0.0,0.0,0.0,1,0,62.82,2025-09-01,2025-10-05,,0.0,0,к клиенту при продаже,,,,,,,Электросталь,Россия,,,0,,0987428331242,ejt70ebpy9e576mouze66vw9b0mqoq4k,0,,0.0,0.0,0.0,1.07,,,,0,0,0,0,0,0,0,0,"FBW, (МГТ, короба)",0,0,0,0,0,0,0,,
63,0,Куртки,734019285,NordWind,NW-JACKET-LITE,Куртка демисезонная мужская лёгкая,XXL,2510293847561,,Логистика,,2025-09-14,0,0,0.0,0,0,0,0,0,0,0.0,0.0,0.0,0.0,0.0,0.0,0.0,0.0,,0.0,0.0,0.0,1,0,120.78,2025-09-01,2025-10-05,,0.0,0,к клиенту при продаже,,,,,,,Казань,Россия,,,0,,4512696360780,rwzbywwimt8545yrwvtkh861pqipg8xm,0,,0.0,0.0,0.0,1.37,,,,0,0,0,0,0,0,0,0,"FBW, (МГТ, паллеты)",0,0,0,0,0,0,0,,
64,0,Джинсы,276583410,DenimPro,DP-JEANS-MOM-01,Джинсы женские mom fit голубые,28,2098374651001,,Логистика,,2025-09-14,0,0,0.0,0,0,0,0,0,0,0.0,0.0,0.0,0.0,0.0,0.0,0.0,0.0,,0.0,0.0,0.0,1,0,63.58,2025-09-01,2025-10-05,,0.0,0,к клиенту при продаже,,,,,,,Подольск,Россия,,,0,,7351258123474,7pwtg21hsltdkvuff124vf89x22j7q4k,0,,0.0,0.0,0.0,1.06,,,,0,0,0,0,0,0,0,0,"FBW, (МГТ, паллеты)",0,0,0,0,0,0,0,,
65,0,Футболки,198745632,UrbanWear,UW-TSHIRT-001,Футболка мужская хлопок оверсайз,XXL,2037489561234,,Логистика,,2025-09-14,0,0,0.0,0,0,0,0,0,0,0.0,0.0,0.0,0.0,0.0,0.0,0.0,0.0,,0.0,0.0,0.0,1,0,41.3,2025-09-01,2025-10-05,,0.0,0,к клиенту при продаже,,,,,,,Белая Дача,Россия,,,0,,8352300051158,9vccmtpkq5c9035vuupltxu3yf15z08n,0,,0.0,0.0,0.0,1.11,,,,0,0,0,0,0,0,0,0,"FBW, (МГТ, короба)",0,0,0,0,0,0,0,,
66,0,Кроссовки,312094876,StepMax,SM-SNKR-CSL-38,Кроссовки повседневные женские StepMax Lite,37,2145098763211,,Логистика,,2025-09-14,0,0,0.0,0,0,0,0,0,0,0.0,0.0,0.0,0.0,0.0,0.0,0.0,0.0,,0.0,0.0,0.0,1,0,148.65,2025-09-01,2025-10-05,,0.0,0,к клиенту при продаже,,,,,,,Казань,Россия,,,0,,6854265127938,er94tevwlq6exnwzr04hhe7icdo5digx,0,,0.0,0.0,0.0,1.14,,,,0,0,0,0,0,0,0,0,"FBW, (МГТ, паллеты)",0,0,0,0,0,0,0,,
67,0,Джинсы,276583410,DenimPro,DP-JEANS-MOM-01,Джинсы женские mom fit голубые,27,2098374651001,,Логистика,,2025-09-14,0,0,0.0,0,0,0,0,0,0,0.0,0.0,0.0,0.0,0.0,0.0,0.0,0.0,,0.0,0.0,0.0,1,0,62.07,2025-09-01,2025-10-05,,0.0,0,к клиенту при продаже,,,,,,,Казань,Россия,,,0,,4890182456177,og4c8j6e07fpy1aeldwqxke0qc96mj9n,0,,0.0,0.0,0.0,0.98,,,,0,0,0,0,0,0,0,0,"FBS, (МГТ)",0,0,0,0,0,0,0,,
68,0,Шорты,198745750,UrbanWear,UW-SHORTS-CARGO,Шорты мужские карго хлопок,L,2037489561350,,Логистика,,2025-09-14,0,0,0.0,0,0,0,0,0,0,0.0,0.0,0.0,0.0,0.0,0.0,0.0,0.0,,0.0,0.0,0.0,1,0,99.74,2025-09-01,2025-10-05,,0.0,0,к клиенту при продаже,,,,,,,Электросталь,Россия,,,0,,4392506387750,eu6zu1tozhdv5ojzto7d835kuc9pbtyj,0,,0.0,0.0,0.0,1.29,,,,0,0,0,0,0,0,0,0,"FBW, (МГТ, паллеты)",0,0,0,0,0,0,0,,
69,0,Кроссовки,312094875,StepMax,SM-SNKR-RUN-44,Кроссовки беговые мужские StepMax Air,45,2145098763210,,Логистика,,2025-09-14,0,0,0.0,0,0,0,0,0,0,0.0,0.0,0.0,0.0,0.0,0.0,0.0,0.0,,0.0,0.0,0.0,1,0,153.58,2025-09-01,2025-10-05,,0.0,0,к клиенту при продаже,,,,,,,Тула,Россия,,,0,,8796021947009,rgoi9wm1sav9cng8tana6u48gwghm56v,0,,0.0,0.0,0.0,1.04,,,,0,0,0,0,0,0,0,0,"FBW, (МГТ, паллеты)",0,0,0,0,0,0,0,,
70,0,Носки,410293847,SockLab,SL-SOCK-PACK-5,Носки мужские набор 5 пар хлопок,29-31,2200198374650,,Логистика,,2025-09-14,0,0,0.0,0,0,0,0,0,0,0.0,0.0,0.0,0.0,0.0,0.0,0.0,0.0,,0.0,0.0,0.0,1,0,56.29,2025-09-01,2025-10-05,,0.0,0,к клиенту при продаже,,,,,,,Подольск,Россия,,,0,,0926902889983,x6uzs1xke1kwonrrlrnr2kyb3gd60ugl,0,,0.0,0.0,0.0,0.94,,,,0,0,0,0,0,0,0,0,"FBS, (МГТ)",0,0,0,0,0,0,0,,
71,0,Джинсы,276583410,DenimPro,DP-JEANS-MOM-01,Джинсы женские mom fit голубые,30,2098374651001,,Логистика,,2025-09-14,0,0,0.0,0,0,0,0,0,0,0.0,0.0,0.0,0.0,0.0,0.0,0.0,0.0,,0.0,0.0,0.0,1,0,110.36,2025-09-01,2025-10-05,,0.0,0,к клиенту при продаже,,,,,,,Тула,Россия,,,0,,7932174204889,q6cn8siwmzap4vkftlecsaz0lb6yaacn,0,,0.0,0.0,0.0,0.96,,,,0,0,0,0,0,0,0,0,"FBW, (МГТ, паллеты)",0,0,0,0,0,0,0,,
72,0,Кроссовки,312094875,StepMax,SM-SNKR-RUN-44,Кроссовки беговые мужские StepMax Air,41,2145098763210,,Логистика,,2025-09-14,0,0,0.0,0,0,0,0,0,0,0.0,0.0,0.0,0.0,0.0,0.0,0.0,0.0,,0.0,0.0,0.0,1,0,119.71,2025-09-01,2025-10-05,,0.0,0,к клиенту при продаже,,,,,,,Хоругвино,Россия,,,0,,0199170462736,j9xxlb57aukhqnzjnns9pzemjgkcqy26,0,,0.0,0.0,0.0,1.27,,,,0,0,0,0,0,0,0,0,"FBS, (МГТ)",0,0,0,0,0,0,0,,
73,0,Кроссовки,312094876,StepMax,SM-SNKR-CSL-38,Кроссовки повседневные женские StepMax Lite,36,2145098763211,,Логистика,,2025-09-14,0,0,0.0,0,0,0,0,0,0,0.0,0.0,0.0,0.0,0.0,0.0,0.0,0.0,,0.0,0.0,0.0,1,0,163.27,2025-09-01,2025-10-05,,0.0,0,к клиенту при продаже,,,,,,,Хоругвино,Россия,,,0,,8974963732691,31rtmpv5lmq15fbs4wvt3f2f3hycpesb,0,,0.0,0.0,0.0,1.33,,,,0,0,0,0,0,0,0,0,"FBS, (МГТ)",0,0,0,0,0,0,0,,
74,0,Кроссовки,312094875,StepMax,SM-SNKR-RUN-44,Кроссовки беговые мужские StepMax Air,42,2145098763210,,Логистика,,2025-09-14,0,0,0.0,0,0,0,0,0,0,0.0,0.0,0.0,0.0,0.0,0.0,0.0,0.0,,0.0,0.0,0.0,1,0,134.94,2025-09-01,2025-10-05,,0.0,0,к клиенту при продаже,,,,,,,Подольск,Россия,,,0,,8015063370341,4ai2278eqe12qeykc2mng806w819fmsy,0,,0.0,0.0,0.0,1.03,,,,0,0,0,0,0,0,0,0,"FBW, (МГТ, паллеты)",0,0,0,0,0,0,0,,
75,0,Футболки,198745633,UrbanWear,UW-TSHIRT-002,Футболка женская приталенная,XS,2037489561235,,Логистика,,2025-09-14,0,0,0.0,0,0,0,0,0,0,0.0,0.0,0.0,0.0,0.0,0.0,0.0,0.0,,0.0,0.0,0.0,1,0,92.63,2025-09-01,2025-10-05,,0.0,0,к клиенту при продаже,,,,,,,Подольск,Россия,,,0,,3803710908084,r90mwb4ll3k4bk8ejnfmoctclka9lz57,0,,0.0,0.0,0.0,0.87,,,,0,0,0,0,0,0,0,0,"FBW, (МГТ, паллеты)",0,0,0,0,0,0,0,,
76,0,Кроссовки,312094876,StepMax,SM-SNKR-CSL-38,Кроссовки повседневные женские StepMax Lite,36,2145098763211,,Логистика,,2025-09-14,0,0,0.0,0,0,0,0,0,0,0.0,0.0,0.0,0.0,0.0,0.0,0.0,0.0,,0.0,0.0,0.0,1,0,144.43,2025-09-01,2025-10-05,,0.0,0,к клиенту при продаже,,,,,,,Белая Дача,Россия,,,0,,4217794978152,rg0zpzjho4vudqhibmqimi8acueobqt0,0,,0.0,0.0,0.0,1.24,,,,0,0,0,0,0,0,0,0,"FBW, (МГТ, короба)",0,0,0,0,0,0,0,,
77,0,Аксессуары,945018273,StyleUp,SU-BELT-LEATHER,Ремень кожаный классический,90,2719384650102,,Логистика,,2025-09-14,0,0,0.0,0,0,0,0,0,0,0.0,0.0,0.0,0.0,0.0,0.0,0.0,0.0,,0.0,0.0,0.0,1,0,46.49,2025-09-01,2025-10-05,,0.0,0,к клиенту при продаже,,,,,,,Подольск,Россия,,,0,,4860690133196,z6iz8er6u0estie6sv5itmtjlegp4h2h,0,,0.0,0.0,0.0,1.28,,,,0,0,0,0,0,0,0,0,"FBW, (МГТ, паллеты)",0,0,0,0,0,0,0,,
78,0,Футболки,198745632,UrbanWear,UW-TSHIRT-001,Футболка мужская хлопок оверсайз,L,2037489561234,,Логистика,,2025-09-14,0,0,0.0,0,0,0,0,0,0,0.0,0.0,0.0,0.0,0.0,0.0,0.0,0.0,,0.0,0.0,0.0,1,0,41.07,2025-09-01,2025-10-05,,0.0,0,к клиенту при продаже,,,,,,,Электросталь,Россия,,,0,,7172127661306,0xdhj5sc36u9cyrveow0ef578o1fe1ye,0,,0.0,0.0,0.0,0.93,,,,0,0,0,0,0,0,0,0,"FBS, (МГТ)",0,0,0,0,0,0,0,,
79,0,Рюкзаки,523098174,CarryOn,CO-BKPK-URBAN,Рюкзак городской с USB портом,0,2301847562009,,Логистика,,2025-09-14,0,0,0.0,0,0,0,0,0,0,0.0,0.0,0.0,0.0,0.0,0.0,0.0,0.0,,0.0,0.0,0.0,1,0,124.09,2025-09-01,2025-10-05,,0.0,0,к клиенту при продаже,,,,,,,Белая Дача,Россия,,,0,,8801199257749,6tdv9rruhcu5m767jez24wpfdfhj05mp,0,,0.0,0.0,0.0,1.26,,,,0,0,0,0,0,0,0,0,"FBW, (МГТ, паллеты)",0,0,0,0,0,0,0,,
80,0,Аксессуары,945018273,StyleUp,SU-BELT-LEATHER,Ремень кожаный классический,90,2719384650102,,Логистика,,2025-09-14,0,0,0.0,0,0,0,0,0,0,0.0,0.0,0.0,0.0,0.0,0.0,0.0,0.0,,0.0,0.0,0.0,1,0,61.51,2025-09-01,2025-10-05,,0.0,0,к клиенту при продаже,,,,,,,Казань,Россия,,,0,,3514253754340,xxdsbrp14xhl5v32bh1a4ogn378vpcay,0,,0.0,0.0,0.0,1.23,,,,0,0,0,0,0,0,0,0,"FBW, (МГТ, короба)",0,0,0,0,0,0,0,,
81,0,Кроссовки,312094875,StepMax,SM-SNKR-RUN-44,Кроссовки беговые мужские StepMax Air,42,2145098763210,,Логистика,,2025-09-14,0,0,0.0,0,0,0,0,0,0,0.0,0.0,0.0,0.0,0.0,0.0,0.0,0.0,,0.0,0.0,0.0,1,0,139.48,2025-09-01,2025-10-05,,0.0,0,к клиенту при продаже,,,,,,,Электросталь,Россия,,,0,,1135092139284,kazal4w7s3gof2nnkqe7a5ji1vege3by,0,,0.0,0.0,0.0,1.17,,,,0,0,0,0,0,0,0,0,"FBW, (МГТ, паллеты)",0,0,0,0,0,0,0,,
82,0,Кроссовки,312094875,StepMax,SM-SNKR-RUN-44,Кроссовки беговые мужские StepMax Air,41,2145098763210,,Логистика,,2025-09-14,0,0,0.0,0,0,0,0,0,0,0.0,0.0,0.0,0.0,0.0,0.0,0.0,0.0,,0.0,0.0,0.0,1,0,167.82,2025-09-01,2025-10-05,,0.0,0,к клиенту при продаже,,,,,,,Тула,Россия,,,0,,8815794286025,f36c0ox87czr7xwqf1ttimlytgvkymzl,0,,0.0,0.0,0.0,1.4,,,,0,0,0,0,0,0,0,0,"FBW, (МГТ, паллеты)",0,0,0,0,0,0,0,,
83,0,Джинсы,276583411,DenimPro,DP-JEANS-SLIM-02,Джинсы мужские slim тёмно-синие,31,2098374651002,,Логистика,,2025-09-14,0,0,0.0,0,0,0,0,0,0,0.0,0.0,0.0,0.0,0.0,0.0,0.0,0.0,,0.0,0.0,0.0,1,0,70.55,2025-09-01,2025-10-05,,0.0,0,к клиенту при продаже,,,,,,,Белая Дача,Россия,,,0,,8942639102377,mqadw9ufzdepcgwluk5o5cvhjobeifdd,0,,0.0,0.0,0.0,0.83,,,,0,0,0,0,0,0,0,0,"FBW, (МГТ, паллеты)",0,0,0,0,0,0,0,,
84,0,Джинсы,276583411,DenimPro,DP-JEANS-SLIM-02,Джинсы мужские slim тёмно-синие,34,2098374651002,,Логистика,,2025-09-14,0,0,0.0,0,0,0,0,0,0,0.0,0.0,0.0,0.0,0.0,0.0,0.0,0.0,,0.0,0.0,0.0,1,0,98.08,2025-09-01,2025-10-05,,0.0,0,к клиенту при продаже,,,,,,,Краснодар,Россия,,,0,,1107427335196,iuprog710eq8o9s4znmzofe98wp94p4j,0,,0.0,0.0,0.0,1.42,,,,0,0,0,0,0,0,0,0,"FBW, (МГТ, паллеты)",0,0,0,0,0,0,0,,
85,0,Белье,867293041,ComfortZone,CZ-BRA-SPORT-01,Бюстгальтер спортивный бесшовный,S,2618293740156,,Логистика,,2025-09-14,0,0,0.0,0,0,0,0,0,0,0.0,0.0,0.0,0.0,0.0,0.0,0.0,0.0,,0.0,0.0,0.0,1,0,78.49,2025-09-01,2025-10-05,,0.0,0,к клиенту при продаже,,,,,,,Хоругвино,Россия,,,0,,4808519120757,2dwn717yw1bsdx4w3lnaehpitza7uy4s,0,,0.0,0.0,0.0,1.34,,,,0,0,0,0,0,0,0,0,"FBS, (МГТ)",0,0,0,0,0,0,0,,
86,0,Джинсы,276583411,DenimPro,DP-JEANS-SLIM-02,Джинсы мужские slim тёмно-синие,32,2098374651002,,Логистика,,2025-09-14,0,0,0.0,0,0,0,0,0,0,0.0,0.0,0.0,0.0,0.0,0.0,0.0,0.0,,0.0,0.0,0.0,1,0,94.35,2025-09-01,2025-10-05,,0.0,0,к клиенту при продаже,,,,,,,Подольск,Россия,,,0,,7723058745793,9t15kck4zynfgj1yofqt49qpeq6yf84z,0,,0.0,0.0,0.0,0.92,,,,0,0,0,0,0,0,0,0,"FBS, (МГТ)",0,0,0,0,0,0,0,,
87,0,Носки,410293847,SockLab,SL-SOCK-PACK-5,Носки мужские набор 5 пар хлопок,27-29,2200198374650,,Логистика,,2025-09-14,0,0,0.0,0,0,0,0,0,0,0.0,0.0,0.0,0.0,0.0,0.0,0.0,0.0,,0.0,0.0,0.0,1,0,97.48,2025-09-01,2025-10-05,,0.0,0,к клиенту при продаже,,,,,,,Коледино,Россия,,,0,,8416324663408,7q25y7khg4g7nie3fkp96aiu01lc5ww9,0,,0.0,0.0,0.0,1.12,,,,0,0,0,0,0,0,0,0,"FBS, (МГТ)",0,0,0,0,0,0,0,,
88,0,Рюкзаки,523098174,CarryOn,CO-BKPK-URBAN,Рюкзак городской с USB портом,0,2301847562009,,Логистика,,2025-09-14,0,0,0.0,0,0,0,0,0,0,0.0,0.0,0.0,0.0,0.0,0.0,0.0,0.0,,0.0,0.0,0.0,1,0,163.81,2025-09-01,2025-10-05,,0.0,0,к клиенту при продаже,,,,,,,Коледино,Россия,,,0,,6877202478851,iec1g7h6jjlvwgj9y56ca037ff5hvv7f,0,,0.0,0.0,0.0,1.1,,,,0,0,0,0,0,0,0,0,"FBS, (МГТ)",0,0,0,0,0,0,0,,
89,0,Шорты,198745750,UrbanWear,UW-SHORTS-CARGO,Шорты мужские карго хлопок,L,2037489561350,,Логистика,,2025-09-14,0,0,0.0,0,0,0,0,0,0,0.0,0.0,0.0,0.0,0.0,0.0,0.0,0.0,,0.0,0.0,0.0,1,0,82.68,2025-09-01,2025-10-05,,0.0,0,к клиенту при продаже,,,,,,,Белая Дача,Россия,,,0,,9996226902566,9en0kertqhnol3obopab05dwjate4vv9,0,,0.0,0.0,0.0,0.83,,,,0,0,0,0,0,0,0,0,"FBW, (МГТ, паллеты)",0,0,0,0,0,0,0,,
90,0,Сумки,523098175,CarryOn,CO-BAG-TOTE-01,Сумка-тоут женская эко-кожа,0,2301847562010,,Логистика,,2025-09-14,0,0,0.0,0,0,0,0,0,0,0.0,0.0,0.0,0.0,0.0,0.0,0.0,0.0,,0.0,0.0,0.0,1,0,113.72,2025-09-01,2025-10-05,,0.0,0,к клиенту при продаже,,,,,,,Коледино,Россия,,,0,,9846511429178,u017wtp0kzupnei5zrwuo8nq189y42dj,0,,0.0,0.0,0.0,1.03,,,,0,0,0,0,0,0,0,0,"FBW, (МГТ, короба)",0,0,0,0,0,0,0,,
91,0,Платья,645098231,LaDonna,LD-DRESS-MIDI,Платье миди с цветочным принтом,XS,2409182736450,,Логистика,,2025-09-14,0,0,0.0,0,0,0,0,0,0,0.0,0.0,0.0,0.0,0.0,0.0,0.0,0.0,,0.0,0.0,0.0,1,0,72.14,2025-09-01,2025-10-05,,0.0,0,к клиенту при продаже,,,,,,,Электросталь,Россия,,,0,,9423273367127,yadyapg1gke8rcvfv2r35ljm6c7luvct,0,,0.0,0.0,0.0,1.01,,,,0,0,0,0,0,0,0,0,"FBW, (МГТ, паллеты)",0,0,0,0,0,0,0,,
92,0,Худи,198745700,UrbanWear,UW-HOODIE-BLK,Худи унисекс оверсайз чёрное,M,2037489561300,,Логистика,,2025-09-14,0,0,0.0,0,0,0,0,0,0,0.0,0.0,0.0,0.0,0.0,0.0,0.0,0.0,,0.0,0.0,0.0,1,0,54.52,2025-09-01,2025-10-05,,0.0,0,к клиенту при продаже,,,,,,,Коледино,Россия,,,0,,1728421352864,b8pmx76al3g0d2aoblj0ua9o6h0feeb9,0,,0.0,0.0,0.0,1.07,,,,0,0,0,0,0,0,0,0,"FBW, (МГТ, короба)",0,0,0,0,0,0,0,,
93,0,Кроссовки,312094876,StepMax,SM-SNKR-CSL-38,Кроссовки повседневные женские StepMax Lite,38,2145098763211,,Логистика,,2025-09-14,0,0,0.0,0,0,0,0,0,0,0.0,0.0,0.0,0.0,0.0,0.0,0.0,0.0,,0.0,0.0,0.0,1,0,104.96,2025-09-01,2025-10-05,,0.0,0,к клиенту при продаже,,,,,,,Хоругвино,Россия,,,0,,3177416879637,5zphw7lhxol0iuod0fuviv6txomi8co2,0,,0.0,0.0,0.0,0.89,,,,0,0,0,0,0,0,0,0,"FBW, (МГТ, короба)",0,0,0,0,0,0,0,,
94,0,Кроссовки,312094876,StepMax,SM-SNKR-CSL-38,Кроссовки повседневные женские StepMax Lite,39,2145098763211,,Логистика,,2025-09-14,0,0,0.0,0,0,0,0,0,0,0.0,0.0,0.0,0.0,0.0,0.0,0.0,0.0,,0.0,0.0,0.0,1,0,167.4,2025-09-01,2025-10-05,,0.0,0,к клиенту при продаже,,,,,,,Белая Дача,Россия,,,0,,6099049576008,de74v6aousx9dxznkqwqyo6ilvb8dm1a,0,,0.0,0.0,0.0,1.47,,,,0,0,0,0,0,0,0,0,"FBW, (МГТ, паллеты)",0,0,0,0,0,0,0,,
95,0,Платья,645098231,LaDonna,LD-DRESS-MIDI,Платье миди с цветочным принтом,L,2409182736450,,Логистика,,2025-09-14,0,0,0.0,0,0,0,0,0,0,0.0,0.0,0.0,0.0,0.0,0.0,0.0,0.0,,0.0,0.0,0.0,1,0,47.06,2025-09-01,2025-10-05,,0.0,0,к клиенту при продаже,,,,,,,Электросталь,Россия,,,0,,8214676945424,u547otb85vif81j67kjfclccr9d47d7n,0,,0.0,0.0,0.0,0.86,,,,0,0,0,0,0,0,0,0,"FBW, (МГТ, короба)",0,0,0,0,0,0,0,,
96,0,Футболки,198745632,UrbanWear,UW-TSHIRT-001,Футболка мужская хлопок оверсайз,XL,2037489561234,,Логистика,,2025-09-14,0,0,0.0,0,0,0,0,0,0,0.0,0.0,0.0,0.0,0.0,0.0,0.0,0.0,,0.0,0.0,0.0,1,0,60.05,2025-09-01,2025-10-05,,0.0,0,к клиенту при продаже,,,,,,,Белая Дача,Россия,,,0,,5085997537525,zx8ub1sb7ac6dk57icl12s67jqoq0wtg,0,,0.0,0.0,0.0,1.44,,,,0,0,0,0,0,0,0,0,"FBW, (МГТ, короба)",0,0,0,0,0,0,0,,
97,24942603,Аксессуары,945018273,StyleUp,SU-BELT-LEATHER,Ремень кожаный классический,110,2719384650102,Продажа,Продажа,2025-09-13,2025-09-15,1,1290,1139.07,0,0,0,1290,0,0,11.7,14.0,11.67,0.5,5.7,6.33,22.9,2.01,компенсация платёжных услуг,34.93,6.99,1097.15,0,0,0.0,,,,0.0,0,,,Сбербанк,NSK-005,"Новосибирск, ул. Красный пр., 65",,,Хоругвино,Россия,Моно,,0,,1757503098830,iujv6oh9sdbdw2pcn9t84azytjxepq85,0,,0.0,0.0,0.0,0.0,,,,0,0,0,0,786066793,0,0,0,,0,0,0,0,0,0,0,,
98,13356886,Куртки,734019285,NordWind,NW-JACKET-LITE,Куртка демисезонная мужская лёгкая,L,2510293847561,Продажа,Продажа,2025-09-10,2025-09-15,1,6490,6029.21,0,0,0,6490,0,0,7.1,13.0,10.83,3.73,224.89,1.93,111.54,1.85,компенсация платёжных услуг,338.36,67.67,5623.18,0,0,0.0,,,,0.0,0,,,Сбербанк,EKB-007,"Екатеринбург, ул. Малышева, 33",,,Коледино,Россия,Микс,,0,,1876960826911,vs4f8cgvyie6ivwpvs7hzioykl1cq99c,0,,0.0,0.0,0.0,0.0,,,,0,0,0,0,496776692,0,0,0,,0,0,0,0,0,0,0,,
99,0,Куртки,734019285,NordWind,NW-JACKET-LITE,Куртка демисезонная мужская лёгкая,XL,2510293847561,,Логистика,,2025-09-15,0,0,0.0,0,0,0,0,0,0,0.0,0.0,0.0,0.0,0.0,0.0,0.0,0.0,,0.0,0.0,0.0,1,0,98.65,2025-09-01,2025-10-05,,0.0,0,к клиенту при продаже,,,,,,,Коледино,Россия,,,0,,2624980420762,vs4f8cgvyie6ivwpvs7hzioykl1cq99c,0,,0.0,0.0,0.0,1.0,,,,0,0,0,0,0,0,0,0,"FBW, (МГТ, короба)",0,0,0,0,0,0,0,,
100,13356886,Рюкзаки,523098174,CarryOn,CO-BKPK-URBAN,Рюкзак городской с USB портом,0,2301847562009,Продажа,Продажа,2025-09-15,2025-09-15,1,2490,2417.79,0,0,0,2490,0,0,2.9,14.5,12.08,9.18,221.95,7.66,41.83,1.73,компенсация платёжных услуг,271.44,54.29,2092.06,0,0,0.0,,,,0.0,0,,,Альфа-Банк,EKB-007,"Екатеринбург, ул. Малышева, 33",,,Казань,Россия,Моно,,0,,1096748573316,87wxe6sylztgxn0guo4kh2vlpys280xk,0,,0.0,0.0,0.0,0.0,,,,0,0,0,0,966040317,0,0,0,,0,0,0,0,0,0,0,,
101,0,Рюкзаки,523098174,CarryOn,CO-BKPK-URBAN,Рюкзак городской с USB портом,0,2301847562009,,Логистика,,2025-09-15,0,0,0.0,0,0,0,0,0,0,0.0,0.0,0.0,0.0,0.0,0.0,0.0,0.0,,0.0,0.0,0.0,1,0,106.26,2025-09-01,2025-10-05,,0.0,0,к клиенту при продаже,,,,,,,Казань,Россия,,,0,,0284869598675,87wxe6sylztgxn0guo4kh2vlpys280xk,0,,0.0,0.0,0.0,1.36,,,,0,0,0,0,0,0,0,0,"FBS, (МГТ)",0,0,0,0,0,0,0,,
102,95822412,Джинсы,276583411,DenimPro,DP-JEANS-SLIM-02,Джинсы мужские slim тёмно-синие,30,2098374651002,Продажа,Продажа,2025-09-10,2025-09-15,1,3790,3581.55,0,0,0,3790,0,0,5.5,14.0,11.67,6.17,220.98,4.0,66.97,1.87,компенсация платёжных услуг,291.95,58.39,3231.21,0,0,0.0,,,,0.0,0,,,Альфа-Банк,MSK-001,"Москва, ул. Ленина, 15",,,Подольск,Россия,Микс,,0,,1968747928544,i4wire8qjnv8z2flu7u6n7hv3izky22u,0,,0.0,0.0,0.0,0.0,,,,0,0,0,0,551034639,0,0,0,,0,0,0,0,0,0,0,,
103,42868828,Аксессуары,945018273,StyleUp,SU-BELT-LEATHER,Ремень кожаный классический,110,2719384650102,Продажа,Продажа,2025-09-10,2025-09-15,1,1290,1137.78,0,0,0,1290,0,0,11.8,14.0,11.67,0.5,5.69,6.83,20.48,1.8,компенсация платёжных услуг,33.0,6.6,1098.18,0,0,0.0,,,,0.0,0,,,Альфа-Банк,KZN-003,"Казань, ул. Баумана, 8",,,Краснодар,Россия,Моно,,0,,7100296710243,8dzr1yxr2dhylurtp0lzjjeget1ghr09,0,,0.0,0.0,0.0,0.0,,,,0,0,0,0,424557359,0,0,0,,0,0,0,0,0,0,0,,
104,0,Аксессуары,945018273,StyleUp,SU-BELT-LEATHER,Ремень кожаный классический,90,2719384650102,,Логистика,,2025-09-15,0,0,0.0,0,0,0,0,0,0,0.0,0.0,0.0,0.0,0.0,0.0,0.0,0.0,,0.0,0.0,0.0,1,0,60.2,2025-09-01,2025-10-05,,0.0,0,к клиенту при продаже,,,,,,,Краснодар,Россия,,,0,,4060153917672,8dzr1yxr2dhylurtp0lzjjeget1ghr09,0,,0.0,0.0,0.0,1.4,,,,0,0,0,0,0,0,0,0,"FBW, (МГТ, короба)",0,0,0,0,0,0,0,,
105,0,Рюкзаки,523098174,CarryOn,CO-BKPK-URBAN,Рюкзак городской с USB портом,0,2301847562009,,Логистика,,2025-09-15,0,0,0.0,0,0,0,0,0,0,0.0,0.0,0.0,0.0,0.0,0.0,0.0,0.0,,0.0,0.0,0.0,1,0,82.49,2025-09-01,2025-10-05,,0.0,0,к клиенту при продаже,,,,,,,Белая Дача,Россия,,,0,,7154294894431,49kwv08hhxfgcaqvkizzqy72wx7ptx63,0,,0.0,0.0,0.0,1.34,,,,0,0,0,0,0,0,0,0,"FBW, (МГТ, паллеты)",0,0,0,0,0,0,0,,
106,0,Джинсы,276583410,DenimPro,DP-JEANS-MOM-01,Джинсы женские mom fit голубые,27,2098374651001,,Логистика,,2025-09-15,0,0,0.0,0,0,0,0,0,0,0.0,0.0,0.0,0.0,0.0,0.0,0.0,0.0,,0.0,0.0,0.0,1,0,61.37,2025-09-01,2025-10-05,,0.0,0,к клиенту при продаже,,,,,,,Тула,Россия,,,0,,8568443739892,xo1bdje153a5qbswrpbjek5rbw2zlaoi,0,,0.0,0.0,0.0,0.8,,,,0,0,0,0,0,0,0,0,"FBS, (МГТ)",0,0,0,0,0,0,0,,
107,46913810,Худи,198745700,UrbanWear,UW-HOODIE-BLK,Худи унисекс оверсайз чёрное,S,2037489561300,Продажа,Продажа,2025-09-10,2025-09-15,1,2990,2744.82,0,0,0,2990,0,0,8.2,15.0,12.5,4.3,118.03,2.64,59.84,2.18,компенсация платёжных услуг,180.51,36.1,2528.21,0,0,0.0,,,,0.0,0,,,Альфа-Банк,EKB-007,"Екатеринбург, ул. Малышева, 33",,,Казань,Россия,Моно,,0,,4068469072315,0z3nx39rbsv55psq0oxfq8myx444nlz1,0,,0.0,0.0,0.0,0.0,,,,0,0,0,0,901834280,0,0,0,,0,0,0,0,0,0,0,,
108,0,Кроссовки,312094876,StepMax,SM-SNKR-CSL-38,Кроссовки повседневные женские StepMax Lite,36,2145098763211,,Логистика,,2025-09-15,0,0,0.0,0,0,0,0,0,0,0.0,0.0,0.0,0.0,0.0,0.0,0.0,0.0,,0.0,0.0,0.0,1,0,85.45,2025-09-01,2025-10-05,,0.0,0,к клиенту при продаже,,,,,,,Подольск,Россия,,,0,,0321230713758,fr4muekipu1wyuvxybj17mgfxc08dtnq,0,,0.0,0.0,0.0,1.08,,,,0,0,0,0,0,0,0,0,"FBS, (МГТ)",0,0,0,0,0,0,0,,
109,46913810,Куртки,734019285,NordWind,NW-JACKET-LITE,Куртка демисезонная мужская лёгкая,XXL,2510293847561,Продажа,Продажа,2025-09-10,2025-09-15,1,6490,5769.61,0,0,0,6490,0,0,11.1,13.0,10.83,0.5,28.85,2.03,111.93,1.94,компенсация платёжных услуг,142.81,28.56,5598.24,0,0,0.0,,,,0.0,0,,,Тинькофф Банк,NNG-006,"Нижний Новгород, ул. Большая Покровская, 18",,,Электросталь,Россия,Моно,,0,,4333023073109,nz8v12ii826gyup12spfhv5brn7zsedf,0,,0.0,0.0,0.0,0.0,,,,0,0,0,0,475364113,0,0,0,,0,0,0,0,0,0,0,,
110,0,Куртки,734019285,NordWind,NW-JACKET-LITE,Куртка демисезонная мужская лёгкая,M,2510293847561,,Логистика,,2025-09-15,0,0,0.0,0,0,0,0,0,0,0.0,0.0,0.0,0.0,0.0,0.0,0.0,0.0,,0.0,0.0,0.0,1,0,190.87,2025-09-01,2025-10-05,,0.0,0,к клиенту при продаже,,,,,,,Электросталь,Россия,,,0,,0656746462948,ehe2atn2twdl9zs13c9xqym52xg8p6be,0,,0.0,0.0,0.0,0.83,,,,0,0,0,0,0,0,0,0,"FBW, (МГТ, короба)",0,0,0,0,0,0,0,,
111,13356886,Платья,645098231,LaDonna,LD-DRESS-MIDI,Платье миди с цветочным принтом,L,2409182736450,Продажа,Продажа,2025-09-15,2025-09-15,1,3290,3217.62,0,0,0,3290,0,0,2.2,15.0,12.5,10.3,331.41,7.62,64.67,2.01,компенсация платёжных услуг,403.7,80.74,2733.18,0,0,0.0,,,,0.0,0,,,Тинькофф Банк,EKB-007,"Екатеринбург, ул. Малышева, 33",,,Белая Дача,Россия,Микс,,0,,0258620112340,yfoqmf5l9mo1sdieqfb85p8637zgf9q5,0,,0.0,0.0,0.0,0.0,,,,0,0,0,0,726360971,0,0,0,,0,0,0,0,0,0,0,,
112,0,Платья,645098231,LaDonna,LD-DRESS-MIDI,Платье миди с цветочным принтом,M,2409182736450,,Логистика,,2025-09-15,0,0,0.0,0,0,0,0,0,0,0.0,0.0,0.0,0.0,0.0,0.0,0.0,0.0,,0.0,0.0,0.0,1,0,85.62,2025-09-01,2025-10-05,,0.0,0,к клиенту при продаже,,,,,,,Белая Дача,Россия,,,0,,0572961937397,yfoqmf5l9mo1sdieqfb85p8637zgf9q5,0,,0.0,0.0,0.0,0.94,,,,0,0,0,0,0,0,0,0,"FBS, (МГТ)",0,0,0,0,0,0,0,,
113,42868828,Джинсы,276583411,DenimPro,DP-JEANS-SLIM-02,Джинсы мужские slim тёмно-синие,30,2098374651002,Продажа,Продажа,2025-09-10,2025-09-15,1,3790,3494.38,0,0,0,3790,0,0,7.8,14.0,11.67,3.87,135.23,2.19,74.43,2.13,компенсация платёжных услуг,211.85,42.37,3240.16,0,0,0.0,,,,0.0,0,,,ВТБ,KZN-003,"Казань, ул. Баумана, 8",,,Белая Дача,Россия,Моно,,0,,0910316479870,bz2sf6f7low4vssruraldol65wvjx8ui,0,,0.0,0.0,0.0,0.0,,,,0,0,0,0,982252092,0,0,0,,0,0,0,0,0,0,0,,
114,0,Джинсы,276583411,DenimPro,DP-JEANS-SLIM-02,Джинсы мужские slim тёмно-синие,33,2098374651002,,Логистика,,2025-09-15,0,0,0.0,0,0,0,0,0,0,0.0,0.0,0.0,0.0,0.0,0.0,0.0,0.0,,0.0,0.0,0.0,1,0,81.49,2025-09-01,2025-10-05,,0.0,0,к клиенту при продаже,,,,,,,Белая Дача,Россия,,,0,,5319337766612,bz2sf6f7low4vssruraldol65wvjx8ui,0,,0.0,0.0,0.0,1.19,,,,0,0,0,0,0,0,0,0,"FBS, (МГТ)",0,0,0,0,0,0,0,,
115,95822412,Джинсы,276583411,DenimPro,DP-JEANS-SLIM-02,Джинсы мужские slim тёмно-синие,31,2098374651002,Продажа,Продажа,2025-09-13,2025-09-15,1,3790,3691.46,0,0,0,3790,0,0,2.6,14.0,11.67,9.07,334.82,4.04,70.88,1.92,компенсация платёжных услуг,409.74,81.95,3199.77,0,0,0.0,,,,0.0,0,,,ВТБ,SPB-012,"Санкт-Петербург, Невский пр., 42",,,Подольск,Россия,Микс,,0,,9746410383844,n2fomd7q1ddpusddtv25ao20u9isygjj,0,,0.0,0.0,0.0,0.0,,,,0,0,0,0,487754927,0,0,0,,0,0,0,0,0,0,0,,
116,95822412,Футболки,198745632,UrbanWear,UW-TSHIRT-001,Футболка мужская хлопок оверсайз,L,2037489561234,Продажа,Продажа,2025-09-11,2025-09-15,1,1890,1691.55,0,0,0,1890,0,0,10.5,15.0,12.5,2.0,33.83,5.32,39.07,2.31,компенсация платёжных услуг,78.22,15.64,1597.69,0,0,0.0,,,,0.0,0,,,Альфа-Банк,SMR-010,"Самара, ул. Ленинградская, 56",,,Тула,Россия,Моно,,0,,6321313554459,stlpq2wgxo05qpahkz2u2tnheyr8lnoe,0,,0.0,0.0,0.0,0.0,,,,0,0,0,0,733688460,0,0,0,,0,0,0,0,0,0,0,,
117,0,Футболки,198745632,UrbanWear,UW-TSHIRT-001,Футболка мужская хлопок оверсайз,M,2037489561234,,Логистика,,2025-09-15,0,0,0.0,0,0,0,0,0,0,0.0,0.0,0.0,0.0,0.0,0.0,0.0,0.0,,0.0,0.0,0.0,1,0,84.39,2025-09-01,2025-10-05,,0.0,0,к клиенту при продаже,,,,,,,Тула,Россия,,,0,,3403018954648,stlpq2wgxo05qpahkz2u2tnheyr8lnoe,0,,0.0,0.0,0.0,1.14,,,,0,0,0,0,0,0,0,0,"FBW, (МГТ, короба)",0,0,0,0,0,0,0,,
118,24942603,Шорты,198745750,UrbanWear,UW-SHORTS-CARGO,Шорты мужские карго хлопок,M,2037489561350,Продажа,Продажа,2025-09-10,2025-09-15,1,1990,1852.69,0,0,0,1990,0,0,6.9,15.0,12.5,5.6,103.75,1.79,37.05,2.0,компенсация платёжных услуг,142.59,28.52,1681.58,0,0,0.0,,,,0.0,0,,,Сбербанк,VRN-008,"Воронеж, ул. Плехановская, 22",,,Электросталь,Россия,Микс,,0,,9185367970020,uvfmh07wph6fe0mp2ixivzk7a45hvgox,0,,0.0,0.0,0.0,0.0,,,,0,0,0,0,112956853,0,0,0,,0,0,0,0,0,0,0,,
119,0,Шорты,198745750,UrbanWear,UW-SHORTS-CARGO,Шорты мужские карго хлопок,XL,2037489561350,,Логистика,,2025-09-15,0,0,0.0,0,0,0,0,0,0,0.0,0.0,0.0,0.0,0.0,0.0,0.0,0.0,,0.0,0.0,0.0,1,0,115.89,2025-09-01,2025-10-05,,0.0,0,к клиенту при продаже,,,,,,,Электросталь,Россия,,,0,,7744651009913,uvfmh07wph6fe0mp2ixivzk7a45hvgox,0,,0.0,0.0,0.0,1.08,,,,0,0,0,0,0,0,0,0,"FBW, (МГТ, паллеты)",0,0,0,0,0,0,0,,
120,42868828,Кроссовки,312094876,StepMax,SM-SNKR-CSL-38,Кроссовки повседневные женские StepMax Lite,37,2145098763211,Продажа,Продажа,2025-09-15,2025-09-15,1,4990,4441.1,0,0,0,4990,0,0,11.0,13.5,11.25,0.25,11.1,4.64,97.7,2.2,компенсация платёжных услуг,113.44,22.69,4304.97,0,0,0.0,,,,0.0,0,,,Альфа-Банк,NNG-006,"Нижний Новгород, ул. Большая Покровская, 18",,,Подольск,Россия,Моно,,0,,5563506128938,nk20in8910t2f7atwyam1n0lh9p89fkb,0,,0.0,0.0,0.0,0.0,,,,0,0,0,0,903050869,0,0,0,,0,0,0,0,0,0,0,,
121,42868828,Платья,645098231,LaDonna,LD-DRESS-MIDI,Платье миди с цветочным принтом,S,2409182736450,Продажа,Продажа,2025-09-10,2025-09-15,1,3290,3194.59,0,0,0,3290,0,0,2.9,15.0,12.5,9.6,306.68,6.93,73.8,2.31,компенсация платёжных услуг,387.41,77.48,2729.7,0,0,0.0,,,,0.0,0,,,Сбербанк,MSK-001,"Москва, ул. Ленина, 15",,,Краснодар,Россия,Моно,,0,,1583061212806,4ldimsyj9boq0iq2fa39e3nwxuj3ac6p,0,,0.0,0.0,0.0,0.0,,,,0,0,0,0,594989531,0,0,0,,0,0,0,0,0,0,0,,
122,0,Платья,645098231,LaDonna,LD-DRESS-MIDI,Платье миди с цветочным принтом,L,2409182736450,,Логистика,,2025-09-15,0,0,0.0,0,0,0,0,0,0,0.0,0.0,0.0,0.0,0.0,0.0,0.0,0.0,,0.0,0.0,0.0,1,0,91.78,2025-09-01,2025-10-05,,0.0,0,к клиенту при продаже,,,,,,,Краснодар,Россия,,,0,,0211856879735,4ldimsyj9boq0iq2fa39e3nwxuj3ac6p,0,,0.0,0.0,0.0,1.15,,,,0,0,0,0,0,0,0,0,"FBS, (МГТ)",0,0,0,0,0,0,0,,
123,95822412,Худи,198745700,UrbanWear,UW-HOODIE-BLK,Худи унисекс оверсайз чёрное,XL,2037489561300,Продажа,Продажа,2025-09-11,2025-09-15,1,2990,2918.24,0,0,0,2990,0,0,2.4,15.0,12.5,10.1,294.74,4.08,51.36,1.76,компенсация платёжных услуг,350.18,70.04,2498.02,0,0,0.0,,,,0.0,0,,,Альфа-Банк,SMR-010,"Самара, ул. Ленинградская, 56",,,Электросталь,Россия,Моно,,0,,7603595588458,hgzz0jkibu4fmpkxvhagkc4lorxdtg5n,0,,0.0,0.0,0.0,0.0,,,,0,0,0,0,166184772,0,0,0,,0,0,0,0,0,0,0,,
124,95822412,Джинсы,276583411,DenimPro,DP-JEANS-SLIM-02,Джинсы мужские slim тёмно-синие,33,2098374651002,Продажа,Продажа,2025-09-15,2025-09-15,1,3790,3498.17,0,0,0,3790,0,0,7.7,14.0,11.67,3.97,138.88,4.31,58.42,1.67,компенсация платёжных услуг,201.61,40.32,3256.24,0,0,0.0,,,,0.0,0,,,ВТБ,KZN-003,"Казань, ул. Баумана, 8",,,Электросталь,Россия,Микс,,0,,0832798083246,9p9w4j66cnoljq52wspofv177udktmon,0,,0.0,0.0,0.0,0.0,,,,0,0,0,0,763834967,0,0,0,,0,0,0,0,0,0,0,,
125,0,Джинсы,276583411,DenimPro,DP-JEANS-SLIM-02,Джинсы мужские slim тёмно-синие,33,2098374651002,,Логистика,,2025-09-15,0,0,0.0,0,0,0,0,0,0,0.0,0.0,0.0,0.0,0.0,0.0,0.0,0.0,,0.0,0.0,0.0,1,0,117.8,2025-09-01,2025-10-05,,0.0,0,к клиенту при продаже,,,,,,,Электросталь,Россия,,,0,,7376049445307,9p9w4j66cnoljq52wspofv177udktmon,0,,0.0,0.0,0.0,0.96,,,,0,0,0,0,0,0,0,0,"FBW, (МГТ, паллеты)",0,0,0,0,0,0,0,,
126,42868828,Футболки,198745633,UrbanWear,UW-TSHIRT-002,Футболка женская приталенная,S,2037489561235,Продажа,Продажа,2025-09-14,2025-09-15,1,1690,1546.35,0,0,0,1690,0,0,8.5,15.0,12.5,4.0,61.85,5.74,27.37,1.77,компенсация платёжных услуг,94.96,18.99,1432.4,0,0,0.0,,,,0.0,0,,,ВТБ,VRN-008,"Воронеж, ул. Плехановская, 22",,,Краснодар,Россия,Моно,,0,,4118269772884,2sug5hcbbmhnqo7yirq8rtm4j3dab42h,0,,0.0,0.0,0.0,0.0,,,,0,0,0,0,121531054,0,0,0,,0,0,0,0,0,0,0,,
127,0,Футболки,198745633,UrbanWear,UW-TSHIRT-002,Футболка женская приталенная,L,2037489561235,,Логистика,,2025-09-15,0,0,0.0,0,0,0,0,0,0,0.0,0.0,0.0,0.0,0.0,0.0,0.0,0.0,,0.0,0.0,0.0,1,0,77.34,2025-09-01,2025-10-05,,0.0,0,к клиенту при продаже,,,,,,,Краснодар,Россия,,,0,,5099855264323,2sug5hcbbmhnqo7yirq8rtm4j3dab42h,0,,0.0,0.0,0.0,1.27,,,,0,0,0,0,0,0,0,0,"FBS, (МГТ)",0,0,0,0,0,0,0,,
128,13356886,Кроссовки,312094875,StepMax,SM-SNKR-RUN-44,Кроссовки беговые мужские StepMax Air,45,2145098763210,Продажа,Продажа,2025-09-12,2025-09-15,1,5990,5414.96,0,0,0,5990,0,0,9.6,13.5,11.25,1.65,89.35,2.28,118.05,2.18,компенсация платёжных услуг,209.68,41.94,5163.34,0,0,0.0,,,,0.0,0,,,Альфа-Банк,SPB-012,"Санкт-Петербург, Невский пр., 42",,,Краснодар,Россия,Микс,,0,,2848354106564,sic43olfark6o0u93mzywr7mkgxukq00,0,,0.0,0.0,0.0,0.0,,,,0,0,0,0,338642889,0,0,0,,0,0,0,0,0,0,0,,
129,0,Кроссовки,312094875,StepMax,SM-SNKR-RUN-44,Кроссовки беговые мужские StepMax Air,44,2145098763210,,Логистика,,2025-09-15,0,0,0.0,0,0,0,0,0,0,0.0,0.0,0.0,0.0,0.0,0.0,0.0,0.0,,0.0,0.0,0.0,1,0,184.1,2025-09-01,2025-10-05,,0.0,0,к клиенту при продаже,,,,,,,Краснодар,Россия,,,0,,0812459437746,sic43olfark6o0u93mzywr7mkgxukq00,0,,0.0,0.0,0.0,1.07,,,,0,0,0,0,0,0,0,0,"FBW, (МГТ, паллеты)",0,0,0,0,0,0,0,,
130,95822412,Джинсы,276583410,DenimPro,DP-JEANS-MOM-01,Джинсы женские mom fit голубые,29,2098374651001,Продажа,Продажа,2025-09-10,2025-09-15,1,3490,3238.72,0,0,0,3490,0,0,7.2,14.0,11.67,4.47,144.77,4.04,70.93,2.19,компенсация платёжных услуг,219.74,43.95,2975.03,0,0,0.0,,,,0.0,0,,,Тинькофф Банк,KRD-009,"Краснодар, ул. Красная, 109",,,Тула,Россия,Микс,,0,,7198029205177,j1g1r1dwwo8nbhnal3gywiymenvg3kk0,0,,0.0,0.0,0.0,0.0,,,,0,0,0,0,626325353,0,0,0,,0,0,0,0,0,0,0,,
131,0,Кроссовки,312094875,StepMax,SM-SNKR-RUN-44,Кроссовки беговые мужские StepMax Air,44,2145098763210,,Логистика,,2025-09-15,0,0,0.0,0,0,0,0,0,0,0.0,0.0,0.0,0.0,0.0,0.0,0.0,0.0,,0.0,0.0,0.0,1,0,177.8,2025-09-01,2025-10-05,,0.0,0,к клиенту при продаже,,,,,,,Белая Дача,Россия,,,0,,9238767160914,wzp6swk2rv239moft6yriaddur82c06x,0,,0.0,0.0,0.0,0.93,,,,0,0,0,0,0,0,0,0,"FBW, (МГТ, паллеты)",0,0,0,0,0,0,0,,
132,0,Сумки,523098175,CarryOn,CO-BAG-TOTE-01,Сумка-тоут женская эко-кожа,0,2301847562010,,Логистика,,2025-09-15,0,0,0.0,0,0,0,0,0,0,0.0,0.0,0.0,0.0,0.0,0.0,0.0,0.0,,0.0,0.0,0.0,1,0,49.5,2025-09-01,2025-10-05,,0.0,0,к клиенту при продаже,,,,,,,Хоругвино,Россия,,,0,,1450066352693,w2w5506rr5pcxa5s00i85sywp0rxxf36,0,,0.0,0.0,0.0,1.15,,,,0,0,0,0,0,0,0,0,"FBS, (МГТ)",0,0,0,0,0,0,0,,
133,46913810,Рюкзаки,523098174,CarryOn,CO-BKPK-URBAN,Рюкзак городской с USB портом,0,2301847562009,Продажа,Продажа,2025-09-10,2025-09-15,1,2490,2191.2,0,0,0,2490,0,0,12.0,14.5,12.08,0.08,1.75,6.77,54.34,2.48,компенсация платёжных услуг,62.86,12.57,2115.77,0,0,0.0,,,,0.0,0,,,Сбербанк,SPB-012,"Санкт-Петербург, Невский пр., 42",,,Подольск,Россия,Микс,,0,,4966963993529,kjf4aq7b7v1w4k2tczs8s2ftom5xlk8w,0,,0.0,0.0,0.0,0.0,,,,0,0,0,0,818267208,0,0,0,,0,0,0,0,0,0,0,,
134,95822412,Белье,867293041,ComfortZone,CZ-BRA-SPORT-01,Бюстгальтер спортивный бесшовный,S,2618293740156,Продажа,Продажа,2025-09-11,2025-09-15,1,890,805.45,0,0,0,890,0,0,9.5,16.0,13.33,3.83,30.85,6.58,18.93,2.35,компенсация платёжных услуг,56.36,11.27,737.82,0,0,0.0,,,,0.0,0,,,Альфа-Банк,KZN-003,"Казань, ул. Баумана, 8",,,Белая Дача,Россия,Микс,,0,,9081053502772,qldb2uuijnwpaytxw1vzc7d2kd1poxrt,0,,0.0,0.0,0.0,0.0,,,,0,0,0,0,420035728,0,0,0,,0,0,0,0,0,0,0,,
135,13356886,Джинсы,276583411,DenimPro,DP-JEANS-SLIM-02,Джинсы мужские slim тёмно-синие,31,2098374651002,Продажа,Продажа,2025-09-14,2025-09-15,1,3790,3615.66,0,0,0,3790,0,0,4.6,14.0,11.67,7.07,255.63,7.2,57.13,1.58,компенсация платёжных услуг,319.96,63.99,3231.71,0,0,0.0,,,,0.0,0,,,Сбербанк,MSK-001,"Москва, ул. Ленина, 15",,,Хоругвино,Россия,Моно,,0,,8572028561385,yikcgrlxyfu38gl2zxjmylrq1rdxck36,0,,0.0,0.0,0.0,0.0,,,,0,0,0,0,644578566,0,0,0,,0,0,0,0,0,0,0,,
136,13356886,Куртки,734019285,NordWind,NW-JACKET-LITE,Куртка демисезонная мужская лёгкая,M,2510293847561,Продажа,Продажа,2025-09-10,2025-09-15,1,6490,6035.7,0,0,0,6490,0,0,7.0,13.0,10.83,3.83,231.17,1.97,100.8,1.67,компенсация платёжных услуг,333.94,66.79,5634.97,0,0,0.0,,,,0.0,0,,,Сбербанк,VRN-008,"Воронеж, ул. Плехановская, 22",,,Хоругвино,Россия,Микс,,0,,2137128744218,1ijiys2n75bxd8wj0uunnv6cj9io3m25,0,,0.0,0.0,0.0,0.0,,,,0,0,0,0,790928175,0,0,0,,0,0,0,0,0,0,0,,
137,0,Куртки,734019285,NordWind,NW-JACKET-LITE,Куртка демисезонная мужская лёгкая,M,2510293847561,,Логистика,,2025-09-15,0,0,0.0,0,0,0,0,0,0,0.0,0.0,0.0,0.0,0.0,0.0,0.0,0.0,,0.0,0.0,0.0,1,0,95.35,2025-09-01,2025-10-05,,0.0,0,к клиенту при продаже,,,,,,,Хоругвино,Россия,,,0,,8119549687892,1ijiys2n75bxd8wj0uunnv6cj9io3m25,0,,0.0,0.0,0.0,1.21,,,,0,0,0,0,0,0,0,0,"FBW, (МГТ, короба)",0,0,0,0,0,0,0,,
138,46913810,Сумки,523098175,CarryOn,CO-BAG-TOTE-01,Сумка-тоут женская эко-кожа,0,2301847562010,Продажа,Продажа,2025-09-12,2025-09-15,1,1990,1846.72,0,0,0,1990,0,0,7.2,14.5,12.08,4.88,90.12,3.59,28.44,1.54,компенсация платёжных услуг,122.15,24.43,1700.14,0,0,0.0,,,,0.0,0,,,ВТБ,EKB-007,"Екатеринбург, ул. Малышева, 33",,,Хоругвино,Россия,Микс,,0,,7357760142828,3v23gxj0mqvindh4spfdrwb2serev361,0,,0.0,0.0,0.0,0.0,,,,0,0,0,0,961463274,0,0,0,,0,0,0,0,0,0,0,,
139,46913810,Кроссовки,312094876,StepMax,SM-SNKR-CSL-38,Кроссовки повседневные женские StepMax Lite,40,2145098763211,Продажа,Продажа,2025-09-13,2025-09-15,1,4990,4570.84,0,0,0,4990,0,0,8.4,13.5,11.25,2.85,130.27,3.72,90.96,1.99,компенсация платёжных услуг,224.95,44.99,4300.9,0,0,0.0,,,,0.0,0,,,Альфа-Банк,MSK-001,"Москва, ул. Ленина, 15",,,Тула,Россия,Моно,,0,,6092480805943,cfkjnawnga41izxtnsrtwlxdsc4e5hrd,0,,0.0,0.0,0.0,0.0,,,,0,0,0,0,493369637,0,0,0,,0,0,0,0,0,0,0,,
140,13356886,Джинсы,276583410,DenimPro,DP-JEANS-MOM-01,Джинсы женские mom fit голубые,26,2098374651001,Продажа,Продажа,2025-09-10,2025-09-15,1,3490,3308.52,0,0,0,3490,0,0,5.2,14.0,11.67,6.47,214.06,2.35,58.89,1.78,компенсация платёжных услуг,275.3,55.06,2978.16,0,0,0.0,,,,0.0,0,,,Альфа-Банк,NNG-006,"Нижний Новгород, ул. Большая Покровская, 18",,,Подольск,Россия,Моно,,0,,2119515529851,6parsg70s1f537ye0qzsa7yvdqbsxlul,0,,0.0,0.0,0.0,0.0,,,,0,0,0,0,820613955,0,0,0,,0,0,0,0,0,0,0,,
141,42868828,Белье,867293041,ComfortZone,CZ-BRA-SPORT-01,Бюстгальтер спортивный бесшовный,S,2618293740156,Продажа,Продажа,2025-09-10,2025-09-15,1,890,801.89,0,0,0,890,0,0,9.9,16.0,13.33,3.43,27.5,4.73,15.24,1.9,компенсация платёжных услуг,47.47,9.49,744.93,0,0,0.0,,,,0.0,0,,,ВТБ,EKB-007,"Екатеринбург, ул. Малышева, 33",,,Казань,Россия,Моно,,0,,5933857475260,ud2zdlx1q8f6jng7l4lrcer4kmusozdu,0,,0.0,0.0,0.0,0.0,,,,0,0,0,0,766659283,0,0,0,,0,0,0,0,0,0,0,,
142,95822412,Шорты,198745750,UrbanWear,UW-SHORTS-CARGO,Шорты мужские карго хлопок,XL,2037489561350,Продажа,Продажа,2025-09-12,2025-09-15,1,1990,1900.45,0,0,0,1990,0,0,4.5,15.0,12.5,8.0,152.04,4.12,45.61,2.4,компенсация платёжных услуг,201.77,40.35,1658.33,0,0,0.0,,,,0.0,0,,,Тинькофф Банк,MSK-001,"Москва, ул. Ленина, 15",,,Электросталь,Россия,Микс,,0,,2795594487750,kxcq91yy1j2jcn9j3gc9hoxdtpwdpjbc,0,,0.0,0.0,0.0,0.0,,,,0,0,0,0,140625696,0,0,0,,0,0,0,0,0,0,0,,
143,46913810,Джинсы,276583410,DenimPro,DP-JEANS-MOM-01,Джинсы женские mom fit голубые,25,2098374651001,Продажа,Продажа,2025-09-12,2025-09-15,1,3490,3161.94,0,0,0,3490,0,0,9.4,14.0,11.67,2.27,71.78,4.42,48.06,1.52,компенсация платёжных услуг,124.26,24.85,3012.83,0,0,0.0,,,,0.0,0,,,Сбербанк,EKB-007,"Екатеринбург, ул. Малышева, 33",,,Коледино,Россия,Моно,,0,,0698068081560,z6wmdw0fgzvrctlt4q9bc2be3yqy5fu7,0,,0.0,0.0,0.0,0.0,,,,0,0,0,0,853011714,0,0,0,,0,0,0,0,0,0,0,,
144,0,Джинсы,276583410,DenimPro,DP-JEANS-MOM-01,Джинсы женские mom fit голубые,30,2098374651001,,Логистика,,2025-09-15,0,0,0.0,0,0,0,0,0,0,0.0,0.0,0.0,0.0,0.0,0.0,0.0,0.0,,0.0,0.0,0.0,1,0,74.1,2025-09-01,2025-10-05,,0.0,0,к клиенту при продаже,,,,,,,Коледино,Россия,,,0,,4165392010271,z6wmdw0fgzvrctlt4q9bc2be3yqy5fu7,0,,0.0,0.0,0.0,1.37,,,,0,0,0,0,0,0,0,0,"FBS, (МГТ)",0,0,0,0,0,0,0,,
145,0,Носки,410293847,SockLab,SL-SOCK-PACK-5,Носки мужские набор 5 пар хлопок,25-27,2200198374650,,Логистика,,2025-09-15,0,0,0.0,0,0,0,0,0,0,0.0,0.0,0.0,0.0,0.0,0.0,0.0,0.0,,0.0,0.0,0.0,1,0,103.99,2025-09-01,2025-10-05,,0.0,0,к клиенту при продаже,,,,,,,Электросталь,Россия,,,0,,8408291264856,wzawnytk1zwuhywm7s6nbnqbnxzu1emt,0,,0.0,0.0,0.0,1.46,,,,0,0,0,0,0,0,0,0,"FBW, (МГТ, короба)",0,0,0,0,0,0,0,,
146,95822412,Носки,410293847,SockLab,SL-SOCK-PACK-5,Носки мужские набор 5 пар хлопок,27-29,2200198374650,Продажа,Продажа,2025-09-10,2025-09-15,1,690,632.04,0,0,0,690,0,0,8.4,17.0,14.17,5.77,36.47,7.69,9.8,1.55,компенсация платёжных услуг,53.96,10.79,567.29,0,0,0.0,,,,0.0,0,,,Альфа-Банк,VRN-008,"Воронеж, ул. Плехановская, 22",,,Казань,Россия,Моно,,0,,5710758863660,j84rx6pryiej9c0uu5wryesu4fcl5efj,0,,0.0,0.0,0.0,0.0,,,,0,0,0,0,786063606,0,0,0,,0,0,0,0,0,0,0,,
147,13356886,Аксессуары,945018273,StyleUp,SU-BELT-LEATHER,Ремень кожаный классический,120,2719384650102,Продажа,Продажа,2025-09-10,2025-09-15,1,1290,1208.73,0,0,0,1290,0,0,6.3,14.0,11.67,5.37,64.91,3.43,19.1,1.58,компенсация платёжных услуг,87.44,17.49,1103.8,0,0,0.0,,,,0.0,0,,,Альфа-Банк,VRN-008,"Воронеж, ул. Плехановская, 22",,,Белая Дача,Россия,Микс,,0,,4524647107852,v9nou3dyms1mwnpr424tkb9oi0d4dmc2,0,,0.0,0.0,0.0,0.0,,,,0,0,0,0,963424487,0,0,0,,0,0,0,0,0,0,0,,
148,13356886,Белье,867293041,ComfortZone,CZ-BRA-SPORT-01,Бюстгальтер спортивный бесшовный,L,2618293740156,Продажа,Продажа,2025-09-13,2025-09-15,1,890,797.44,0,0,0,890,0,0,10.4,16.0,13.33,2.93,23.36,2.65,16.51,2.07,компенсация платёжных услуг,42.52,8.5,746.42,0,0,0.0,,,,0.0,0,,,Сбербанк,VRN-008,"Воронеж, ул. Плехановская, 22",,,Белая Дача,Россия,Микс,,0,,4057387879212,jvoegi3qupxbfej2xg48ra4dv56onxd7,0,,0.0,0.0,0.0,0.0,,,,0,0,0,0,813197718,0,0,0,,0,0,0,0,0,0,0,,
149,95822412,Аксессуары,945018273,StyleUp,SU-BELT-LEATHER,Ремень кожаный классический,90,2719384650102,Продажа,Продажа,2025-09-12,2025-09-15,1,1290,1158.42,0,0,0,1290,0,0,10.2,14.0,11.67,1.47,17.03,5.89,23.28,2.01,компенсация платёжных услуг,46.2,9.24,1102.98,0,0,0.0,,,,0.0,0,,,Альфа-Банк,RND-004,"Ростов-на-Дону, пр. Будённовский, 21",,,Коледино,Россия,Микс,,0,,4006671463015,tl8n3e54n6o9jd3ih66w51ob537qo4z5,0,,0.0,0.0,0.0,0.0,,,,0,0,0,0,746517065,0,0,0,,0,0,0,0,0,0,0,,
150,95822412,Аксессуары,945018273,StyleUp,SU-BELT-LEATHER,Ремень кожаный классический,120,2719384650102,Продажа,Продажа,2025-09-10,2025-09-15,1,1290,1240.98,0,0,0,1290,0,0,3.8,14.0,11.67,7.87,97.67,6.55,18.99,1.53,компенсация платёжных услуг,123.21,24.64,1093.13,0,0,0.0,,,,0.0,0,,,Альфа-Банк,EKB-007,"Екатеринбург, ул. Малышева, 33",,,Казань,Россия,Микс,,0,,9364013667772,xw69hzgopjdn8ezp7qyezg52kre4v9ky,0,,0.0,0.0,0.0,0.0,,,,0,0,0,0,763229105,0,0,0,,0,0,0,0,0,0,0,,
151,0,Аксессуары,945018273,StyleUp,SU-BELT-LEATHER,Ремень кожаный классический,120,2719384650102,,Логистика,,2025-09-15,0,0,0.0,0,0,0,0,0,0,0.0,0.0,0.0,0.0,0.0,0.0,0.0,0.0,,0.0,0.0,0.0,1,0,84.56,2025-09-01,2025-10-05,,0.0,0,к клиенту при продаже,,,,,,,Казань,Россия,,,0,,9999570263339,xw69hzgopjdn8ezp7qyezg52kre4v9ky,0,,0.0,0.0,0.0,0.84,,,,0,0,0,0,0,0,0,0,"FBW, (МГТ, короба)",0,0,0,0,0,0,0,,
152,42868828,Рюкзаки,523098174,CarryOn,CO-BKPK-URBAN,Рюкзак городской с USB портом,0,2301847562009,Продажа,Продажа,2025-09-12,2025-09-15,1,2490,2375.46,0,0,0,2490,0,0,4.6,14.5,12.08,7.48,177.68,5.94,46.08,1.94,компенсация платёжных услуг,229.7,45.94,2099.82,0,0,0.0,,,,0.0,0,,,ВТБ,MSK-001,"Москва, ул. Ленина, 15",,,Коледино,Россия,Микс,,0,,9541713228785,grmqdzpjl9r9kmp6j37spf0r8u7wpgbg,0,,0.0,0.0,0.0,0.0,,,,0,0,0,0,574078155,0,0,0,,0,0,0,0,0,0,0,,
153,42868828,Сумки,523098175,CarryOn,CO-BAG-TOTE-01,Сумка-тоут женская эко-кожа,0,2301847562010,Продажа,Продажа,2025-09-10,2025-09-15,1,1990,1926.32,0,0,0,1990,0,0,3.2,14.5,12.08,8.88,171.06,2.2,38.14,1.98,компенсация платёжных услуг,211.4,42.28,1672.64,0,0,0.0,,,,0.0,0,,,ВТБ,SMR-010,"Самара, ул. Ленинградская, 56",,,Коледино,Россия,Микс,,0,,3866968011861,ssoqz3mv1a0q24bozl01q3m73hc9jypa,0,,0.0,0.0,0.0,0.0,,,,0,0,0,0,879441435,0,0,0,,0,0,0,0,0,0,0,,
154,0,Сумки,523098175,CarryOn,CO-BAG-TOTE-01,Сумка-тоут женская эко-кожа,0,2301847562010,,Логистика,,2025-09-15,0,0,0.0,0,0,0,0,0,0,0.0,0.0,0.0,0.0,0.0,0.0,0.0,0.0,,0.0,0.0,0.0,1,0,56.74,2025-09-01,2025-10-05,,0.0,0,к клиенту при продаже,,,,,,,Коледино,Россия,,,0,,4671344011794,ssoqz3mv1a0q24bozl01q3m73hc9jypa,0,,0.0,0.0,0.0,1.25,,,,0,0,0,0,0,0,0,0,"FBS, (МГТ)",0,0,0,0,0,0,0,,
155,42868828,Белье,867293041,ComfortZone,CZ-BRA-SPORT-01,Бюстгальтер спортивный бесшовный,S,2618293740156,Продажа,Продажа,2025-09-12,2025-09-15,1,890,846.39,0,0,0,890,0,0,4.9,16.0,13.33,8.43,71.35,2.35,15.57,1.84,компенсация платёжных услуг,89.27,17.85,739.27,0,0,0.0,,,,0.0,0,,,Тинькофф Банк,VRN-008,"Воронеж, ул. Плехановская, 22",,,Хоругвино,Россия,Микс,,0,,9874873496349,k3omd4poru09bos0765icautjx6ewxqp,0,,0.0,0.0,0.0,0.0,,,,0,0,0,0,335903593,0,0,0,,0,0,0,0,0,0,0,,
156,0,Белье,867293041,ComfortZone,CZ-BRA-SPORT-01,Бюстгальтер спортивный бесшовный,S,2618293740156,,Логистика,,2025-09-15,0,0,0.0,0,0,0,0,0,0,0.0,0.0,0.0,0.0,0.0,0.0,0.0,0.0,,0.0,0.0,0.0,1,0,89.75,2025-09-01,2025-10-05,,0.0,0,к клиенту при продаже,,,,,,,Хоругвино,Россия,,,0,,6116149320083,k3omd4poru09bos0765icautjx6ewxqp,0,,0.0,0.0,0.0,1.0,,,,0,0,0,0,0,0,0,0,"FBS, (МГТ)",0,0,0,0,0,0,0,,
157,42868828,Джинсы,276583410,DenimPro,DP-JEANS-MOM-01,Джинсы женские mom fit голубые,30,2098374651001,Продажа,Продажа,2025-09-10,2025-09-15,1,3490,3266.64,0,0,0,3490,0,0,6.4,14.0,11.67,5.27,172.15,4.54,72.85,2.23,компенсация платёжных услуг,249.54,49.91,2967.19,0,0,0.0,,,,0.0,0,,,Сбербанк,KZN-003,"Казань, ул. Баумана, 8",,,Электросталь,Россия,Микс,,0,,3184472835037,meiur9211u645vdb828192v4dusgehn0,0,,0.0,0.0,0.0,0.0,,,,0,0,0,0,794810784,0,0,0,,0,0,0,0,0,0,0,,
158,0,Платья,645098231,LaDonna,LD-DRESS-MIDI,Платье миди с цветочным принтом,L,2409182736450,,Логистика,,2025-09-15,0,0,0.0,0,0,0,0,0,0,0.0,0.0,0.0,0.0,0.0,0.0,0.0,0.0,,0.0,0.0,0.0,1,0,78.87,2025-09-01,2025-10-05,,0.0,0,к клиенту при продаже,,,,,,,Казань,Россия,,,0,,0882841384559,y3ufn0dsg2qfpodpehcyou25vw9y80pf,0,,0.0,0.0,0.0,1.35,,,,0,0,0,0,0,0,0,0,"FBW, (МГТ, короба)",0,0,0,0,0,0,0,,
159,13356886,Худи,198745700,UrbanWear,UW-HOODIE-BLK,Худи унисекс оверсайз чёрное,XL,2037489561300,Продажа,Продажа,2025-09-14,2025-09-15,1,2990,2918.24,0,0,0,2990,0,0,2.4,15.0,12.5,10.1,294.74,6.69,71.79,2.46,компенсация платёжных услуг,373.22,74.64,2470.38,0,0,0.0,,,,0.0,0,,,Альфа-Банк,KZN-003,"Казань, ул. Баумана, 8",,,Тула,Россия,Моно,,0,,9458336550753,biviss8jltcbw6atvd1xeuq4s2ftgi88,0,,0.0,0.0,0.0,0.0,,,,0,0,0,0,100582968,0,0,0,,0,0,0,0,0,0,0,,
160,95822412,Сумки,523098175,CarryOn,CO-BAG-TOTE-01,Сумка-тоут женская эко-кожа,0,2301847562010,Продажа,Продажа,2025-09-11,2025-09-15,1,1990,1789.01,0,0,0,1990,0,0,10.1,14.5,12.08,1.98,35.42,2.55,44.37,2.48,компенсация платёжных услуг,82.34,16.47,1690.2,0,0,0.0,,,,0.0,0,,,Альфа-Банк,MSK-001,"Москва, ул. Ленина, 15",,,Тула,Россия,Микс,,0,,9721838545656,vaaguzroc5xt63qe8nvn439enga01yzg,0,,0.0,0.0,0.0,0.0,,,,0,0,0,0,401459841,0,0,0,,0,0,0,0,0,0,0,,
161,24942603,Джинсы,276583411,DenimPro,DP-JEANS-SLIM-02,Джинсы мужские slim тёмно-синие,30,2098374651002,Продажа,Продажа,2025-09-15,2025-09-15,1,3790,3448.9,0,0,0,3790,0,0,9.0,14.0,11.67,2.67,92.09,6.06,59.32,1.72,компенсация платёжных услуг,157.47,31.49,3259.94,0,0,0.0,,,,0.0,0,,,ВТБ,RND-004,"Ростов-на-Дону, пр. Будённовский, 21",,,Коледино,Россия,Моно,,0,,9017342540673,3vilurqbdx7m42o34ogwpnxzdzb5f5tx,0,,0.0,0.0,0.0,0.0,,,,0,0,0,0,918041802,0,0,0,,0,0,0,0,0,0,0,,
162,42868828,Белье,867293041,ComfortZone,CZ-BRA-SPORT-01,Бюстгальтер спортивный бесшовный,L,2618293740156,Продажа,Продажа,2025-09-11,2025-09-15,1,890,866.86,0,0,0,890,0,0,2.6,16.0,13.33,10.73,93.01,7.71,13.87,1.6,компенсация платёжных услуг,114.59,22.92,729.35,0,0,0.0,,,,0.0,0,,,Тинькофф Банк,KZN-003,"Казань, ул. Баумана, 8",,,Коледино,Россия,Микс,,0,,5836693421306,ktoc1yfmhbyhz43xz6olba117nidp9mg,0,,0.0,0.0,0.0,0.0,,,,0,0,0,0,147258075,0,0,0,,0,0,0,0,0,0,0,,
163,0,Белье,867293041,ComfortZone,CZ-BRA-SPORT-01,Бюстгальтер спортивный бесшовный,L,2618293740156,,Логистика,,2025-09-15,0,0,0.0,0,0,0,0,0,0,0.0,0.0,0.0,0.0,0.0,0.0,0.0,0.0,,0.0,0.0,0.0,1,0,71.13,2025-09-01,2025-10-05,,0.0,0,к клиенту при продаже,,,,,,,Коледино,Россия,,,0,,8630235915981,ktoc1yfmhbyhz43xz6olba117nidp9mg,0,,0.0,0.0,0.0,1.12,,,,0,0,0,0,0,0,0,0,"FBW, (МГТ, короба)",0,0,0,0,0,0,0,,
164,42868828,Худи,198745700,UrbanWear,UW-HOODIE-BLK,Худи унисекс оверсайз чёрное,M,2037489561300,Продажа,Продажа,2025-09-13,2025-09-15,1,2990,2930.2,0,0,0,2990,0,0,2.0,15.0,12.5,10.5,307.67,7.03,65.34,2.23,компенсация платёжных услуг,380.04,76.01,2474.15,0,0,0.0,,,,0.0,0,,,Альфа-Банк,NNG-006,"Нижний Новгород, ул. Большая Покровская, 18",,,Электросталь,Россия,Микс,,0,,9934654093514,kqwj2c9ogps0132an417vf0jqqnvceqf,0,,0.0,0.0,0.0,0.0,,,,0,0,0,0,534387896,0,0,0,,0,0,0,0,0,0,0,,
165,0,Сумки,523098175,CarryOn,CO-BAG-TOTE-01,Сумка-тоут женская эко-кожа,0,2301847562010,,Логистика,,2025-09-15,0,0,0.0,0,0,0,0,0,0,0.0,0.0,0.0,0.0,0.0,0.0,0.0,0.0,,0.0,0.0,0.0,1,0,118.64,2025-09-01,2025-10-05,,0.0,0,к клиенту при продаже,,,,,,,Хоругвино,Россия,,,0,,8123235461070,v84a1x7ov6sgp3jk8xnlo50dw1mf07ol,0,,0.0,0.0,0.0,1.41,,,,0,0,0,0,0,0,0,0,"FBW, (МГТ, паллеты)",0,0,0,0,0,0,0,,
166,42868828,Футболки,198745633,UrbanWear,UW-TSHIRT-002,Футболка женская приталенная,S,2037489561235,Продажа,Продажа,2025-09-12,2025-09-15,1,1690,1619.02,0,0,0,1690,0,0,4.2,15.0,12.5,8.3,134.38,1.81,25.74,1.59,компенсация платёжных услуг,161.93,32.39,1424.7,0,0,0.0,,,,0.0,0,,,Сбербанк,KRD-009,"Краснодар, ул. Красная, 109",,,Хоругвино,Россия,Моно,,0,,7138950058933,h1xdpzf761hjr6eet0dy571vxnz0nxu4,0,,0.0,0.0,0.0,0.0,,,,0,0,0,0,895193026,0,0,0,,0,0,0,0,0,0,0,,
167,95822412,Худи,198745700,UrbanWear,UW-HOODIE-BLK,Худи унисекс оверсайз чёрное,M,2037489561300,Продажа,Продажа,2025-09-11,2025-09-15,1,2990,2807.61,0,0,0,2990,0,0,6.1,15.0,12.5,6.4,179.69,5.91,53.06,1.89,компенсация платёжных услуг,238.66,47.73,2521.22,0,0,0.0,,,,0.0,0,,,ВТБ,SPB-012,"Санкт-Петербург, Невский пр., 42",,,Казань,Россия,Моно,,0,,7261860430560,okvg019ydq3nwqaeex6iv9rydvn9zkel,0,,0.0,0.0,0.0,0.0,,,,0,0,0,0,657165824,0,0,0,,0,0,0,0,0,0,0,,
168,0,Платья,645098231,LaDonna,LD-DRESS-MIDI,Платье миди с цветочным принтом,XS,2409182736450,,Логистика,,2025-09-15,0,0,0.0,0,0,0,0,0,0,0.0,0.0,0.0,0.0,0.0,0.0,0.0,0.0,,0.0,0.0,0.0,1,0,92.89,2025-09-01,2025-10-05,,0.0,0,к клиенту при продаже,,,,,,,Белая Дача,Россия,,,0,,6968520859433,jyzxfuj7xn1ypqpmqk8sz7iwdl14wcid,0,,0.0,0.0,0.0,1.44,,,,0,0,0,0,0,0,0,0,"FBS, (МГТ)",0,0,0,0,0,0,0,,
169,42868828,Джинсы,276583411,DenimPro,DP-JEANS-SLIM-02,Джинсы мужские slim тёмно-синие,30,2098374651002,Продажа,Продажа,2025-09-12,2025-09-15,1,3790,3441.32,0,0,0,3790,0,0,9.2,14.0,11.67,2.47,85.0,5.82,84.31,2.45,компенсация платёжных услуг,175.13,35.03,3231.16,0,0,0.0,,,,0.0,0,,,Альфа-Банк,SMR-010,"Самара, ул. Ленинградская, 56",,,Коледино,Россия,Моно,,0,,8225871273901,bf57j2xi3tamvncztzowlc33h8g8t922,0,,0.0,0.0,0.0,0.0,,,,0,0,0,0,691500536,0,0,0,,0,0,0,0,0,0,0,,
170,0,Джинсы,276583411,DenimPro,DP-JEANS-SLIM-02,Джинсы мужские slim тёмно-синие,33,2098374651002,,Логистика,,2025-09-15,0,0,0.0,0,0,0,0,0,0,0.0,0.0,0.0,0.0,0.0,0.0,0.0,0.0,,0.0,0.0,0.0,1,0,105.25,2025-09-01,2025-10-05,,0.0,0,к клиенту при продаже,,,,,,,Коледино,Россия,,,0,,9123886114464,bf57j2xi3tamvncztzowlc33h8g8t922,0,,0.0,0.0,0.0,0.92,,,,0,0,0,0,0,0,0,0,"FBS, (МГТ)",0,0,0,0,0,0,0,,
171,95822412,Шорты,198745750,UrbanWear,UW-SHORTS-CARGO,Шорты мужские карго хлопок,XL,2037489561350,Продажа,Продажа,2025-09-11,2025-09-15,1,1990,1906.42,0,0,0,1990,0,0,4.2,15.0,12.5,8.3,158.23,1.61,35.46,1.86,компенсация платёжных услуг,195.3,39.06,1672.06,0,0,0.0,,,,0.0,0,,,Тинькофф Банк,MSK-001,"Москва, ул. Ленина, 15",,,Подольск,Россия,Микс,,0,,9903888218992,loz2rcu8kd9gnlpyo2m2xiprtt3nupuy,0,,0.0,0.0,0.0,0.0,,,,0,0,0,0,489122363,0,0,0,,0,0,0,0,0,0,0,,
172,0,Шорты,198745750,UrbanWear,UW-SHORTS-CARGO,Шорты мужские карго хлопок,XL,2037489561350,,Логистика,,2025-09-15,0,0,0.0,0,0,0,0,0,0,0.0,0.0,0.0,0.0,0.0,0.0,0.0,0.0,,0.0,0.0,0.0,1,0,44.47,2025-09-01,2025-10-05,,0.0,0,к клиенту при продаже,,,,,,,Подольск,Россия,,,0,,1764015451112,loz2rcu8kd9gnlpyo2m2xiprtt3nupuy,0,,0.0,0.0,0.0,0.9,,,,0,0,0,0,0,0,0,0,"FBS, (МГТ)",0,0,0,0,0,0,0,,
173,42868828,Кроссовки,312094875,StepMax,SM-SNKR-RUN-44,Кроссовки беговые мужские StepMax Air,43,2145098763210,Продажа,Продажа,2025-09-12,2025-09-15,1,5990,5696.49,0,0,0,5990,0,0,4.9,13.5,11.25,6.35,361.73,5.36,138.99,2.44,компенсация платёжных услуг,506.08,101.22,5089.19,0,0,0.0,,,,0.0,0,,,Сбербанк,RND-004,"Ростов-на-Дону, пр. Будённовский, 21",,,Белая Дача,Россия,Моно,,0,,9695900738784,109zdo0d3fvnv4kfq5dz53x1f8s0x7m2,0,,0.0,0.0,0.0,0.0,,,,0,0,0,0,356743087,0,0,0,,0,0,0,0,0,0,0,,
174,13356886,Рюкзаки,523098174,CarryOn,CO-BKPK-URBAN,Рюкзак городской с USB портом,0,2301847562009,Продажа,Продажа,2025-09-12,2025-09-15,1,2490,2375.46,0,0,0,2490,0,0,4.6,14.5,12.08,7.48,177.68,2.26,37.53,1.58,компенсация платёжных услуг,217.47,43.49,2114.5,0,0,0.0,,,,0.0,0,,,Альфа-Банк,EKB-007,"Екатеринбург, ул. Малышева, 33",,,Электросталь,Россия,Моно,,0,,4009063398101,dpwvbz7cn0eqwmi6kti221xj7wwudqvd,0,,0.0,0.0,0.0,0.0,,,,0,0,0,0,519618529,0,0,0,,0,0,0,0,0,0,0,,
175,13356886,Джинсы,276583411,DenimPro,DP-JEANS-SLIM-02,Джинсы мужские slim тёмно-синие,32,2098374651002,Продажа,Продажа,2025-09-11,2025-09-15,1,3790,3573.97,0,0,0,3790,0,0,5.7,14.0,11.67,5.97,213.37,5.43,55.75,1.56,компенсация платёжных услуг,274.55,54.91,3244.51,0,0,0.0,,,,0.0,0,,,Тинькофф Банк,MSK-001,"Москва, ул. Ленина, 15",,,Коледино,Россия,Микс,,0,,5286930137306,dyejhdzxq3p87jh4z8d2vfhzpqvjldnh,0,,0.0,0.0,0.0,0.0,,,,0,0,0,0,649065195,0,0,0,,0,0,0,0,0,0,0,,
176,95822412,Джинсы,276583410,DenimPro,DP-JEANS-MOM-01,Джинсы женские mom fit голубые,29,2098374651001,Продажа,Продажа,2025-09-11,2025-09-15,1,3490,3242.21,0,0,0,3490,0,0,7.1,14.0,11.67,4.57,148.17,3.19,79.11,2.44,компенсация платёжных услуг,230.47,46.09,2965.65,0,0,0.0,,,,0.0,0,,,ВТБ,KZN-003,"Казань, ул. Баумана, 8",,,Хоругвино,Россия,Моно,,0,,9239857121386,5158oqesux9l0ijkcu5x0hc8cah3gdhv,0,,0.0,0.0,0.0,0.0,,,,0,0,0,0,641715005,0,0,0,,0,0,0,0,0,0,0,,
177,0,Джинсы,276583410,DenimPro,DP-JEANS-MOM-01,Джинсы женские mom fit голубые,26,2098374651001,,Логистика,,2025-09-15,0,0,0.0,0,0,0,0,0,0,0.0,0.0,0.0,0.0,0.0,0.0,0.0,0.0,,0.0,0.0,0.0,1,0,76.88,2025-09-01,2025-10-05,,0.0,0,к клиенту при продаже,,,,,,,Хоругвино,Россия,,,0,,0424531532343,5158oqesux9l0ijkcu5x0hc8cah3gdhv,0,,0.0,0.0,0.0,0.88,,,,0,0,0,0,0,0,0,0,"FBW, (МГТ, короба)",0,0,0,0,0,0,0,,
178,13356886,Носки,410293847,SockLab,SL-SOCK-PACK-5,Носки мужские набор 5 пар хлопок,25-27,2200198374650,Продажа,Продажа,2025-09-11,2025-09-15,1,690,663.09,0,0,0,690,0,0,3.9,17.0,14.17,10.27,68.1,7.35,14.06,2.12,компенсация платёжных услуг,89.51,17.9,555.68,0,0,0.0,,,,0.0,0,,,Альфа-Банк,EKB-007,"Екатеринбург, ул. Малышева, 33",,,Краснодар,Россия,Микс,,0,,6134964098170,x0pkovtrpyx8hbbjcdiwzod05jh2mkv0,0,,0.0,0.0,0.0,0.0,,,,0,0,0,0,282785838,0,0,0,,0,0,0,0,0,0,0,,
179,0,Кроссовки,312094876,StepMax,SM-SNKR-CSL-38,Кроссовки повседневные женские StepMax Lite,39,2145098763211,,Логистика,,2025-09-15,0,0,0.0,0,0,0,0,0,0,0.0,0.0,0.0,0.0,0.0,0.0,0.0,0.0,,0.0,0.0,0.0,1,0,86.42,2025-09-01,2025-10-05,,0.0,0,к клиенту при продаже,,,,,,,Краснодар,Россия,,,0,,6475802915856,8zf0p7kb7iyno667vgp52f1johkk7qg2,0,,0.0,0.0,0.0,1.39,,,,0,0,0,0,0,0,0,0,"FBW, (МГТ, короба)",0,0,0,0,0,0,0,,
180,13356886,Шорты,198745750,UrbanWear,UW-SHORTS-CARGO,Шорты мужские карго хлопок,L,2037489561350,Продажа,Продажа,2025-09-10,2025-09-15,1,1990,1880.55,0,0,0,1990,0,0,5.5,15.0,12.5,7.0,131.64,3.4,45.51,2.42,компенсация платёжных услуг,180.55,36.11,1663.89,0,0,0.0,,,,0.0,0,,,Тинькофф Банк,EKB-007,"Екатеринбург, ул. Малышева, 33",,,Коледино,Россия,Моно,,0,,2787590780110,vwct8jbbsxpk48ab13t4y0tb1zppep69,0,,0.0,0.0,0.0,0.0,,,,0,0,0,0,198774376,0,0,0,,0,0,0,0,0,0,0,,
181,46913810,Худи,198745700,UrbanWear,UW-HOODIE-BLK,Худи унисекс оверсайз чёрное,XL,2037489561300,Продажа,Продажа,2025-09-13,2025-09-15,1,2990,2834.52,0,0,0,2990,0,0,5.2,15.0,12.5,7.3,206.92,2.37,58.96,2.08,компенсация платёжных услуг,268.25,53.65,2512.62,0,0,0.0,,,,0.0,0,,,Тинькофф Банк,KRD-009,"Краснодар, ул. Красная, 109",,,Тула,Россия,Микс,,0,,2396494050342,fb76av3s2sumh3b0n9cc7isutp04sbrs,0,,0.0,0.0,0.0,0.0,,,,0,0,0,0,360998015,0,0,0,,0,0,0,0,0,0,0,,
182,46913810,Аксессуары,945018273,StyleUp,SU-BELT-LEATHER,Ремень кожаный классический,120,2719384650102,Продажа,Продажа,2025-09-10,2025-09-15,1,1290,1173.9,0,0,0,1290,0,0,9.0,14.0,11.67,2.67,31.34,6.13,26.06,2.22,компенсация платёжных услуг,63.53,12.71,1097.66,0,0,0.0,,,,0.0,0,,,Сбербанк,KZN-003,"Казань, ул. Баумана, 8",,,Электросталь,Россия,Микс,,0,,6431727240555,ejt70ebpy9e576mouze66vw9b0mqoq4k,0,,0.0,0.0,0.0,0.0,,,,0,0,0,0,108357729,0,0,0,,0,0,0,0,0,0,0,,
183,95822412,Куртки,734019285,NordWind,NW-JACKET-LITE,Куртка демисезонная мужская лёгкая,XXL,2510293847561,Продажа,Продажа,2025-09-15,2025-09-15,1,6490,5905.9,0,0,0,6490,0,0,9.0,13.0,10.83,1.83,108.08,6.42,116.94,1.98,компенсация платёжных услуг,231.44,46.29,5628.17,0,0,0.0,,,,0.0,0,,,ВТБ,SMR-010,"Самара, ул. Ленинградская, 56",,,Казань,Россия,Моно,,0,,0228453648420,rwzbywwimt8545yrwvtkh861pqipg8xm,0,,0.0,0.0,0.0,0.0,,,,0,0,0,0,542384762,0,0,0,,0,0,0,0,0,0,0,,
184,0,Сумки,523098175,CarryOn,CO-BAG-TOTE-01,Сумка-тоут женская эко-кожа,0,2301847562010,,Логистика,,2025-09-15,0,0,0.0,0,0,0,0,0,0,0.0,0.0,0.0,0.0,0.0,0.0,0.0,0.0,,0.0,0.0,0.0,1,0,56.74,2025-09-01,2025-10-05,,0.0,0,к клиенту при продаже,,,,,,,Краснодар,Россия,,,0,,0811838054635,77z4es3aofc9lgytlcqfmuiw7j35vlwo,0,,0.0,0.0,0.0,0.8,,,,0,0,0,0,0,0,0,0,"FBW, (МГТ, короба)",0,0,0,0,0,0,0,,
185,0,Футболки,198745633,UrbanWear,UW-TSHIRT-002,Футболка женская приталенная,L,2037489561235,,Логистика,,2025-09-15,0,0,0.0,0,0,0,0,0,0,0.0,0.0,0.0,0.0,0.0,0.0,0.0,0.0,,0.0,0.0,0.0,1,0,114.21,2025-09-01,2025-10-05,,0.0,0,к клиенту при продаже,,,,,,,Казань,Россия,,,0,,4487800817814,1zm4lcvhfwjfppzje6xg541mpw57gn79,0,,0.0,0.0,0.0,1.5,,,,0,0,0,0,0,0,0,0,"FBS, (МГТ)",0,0,0,0,0,0,0,,
186,42868828,Аксессуары,945018273,StyleUp,SU-BELT-LEATHER,Ремень кожаный классический,110,2719384650102,Продажа,Продажа,2025-09-11,2025-09-15,1,1290,1166.16,0,0,0,1290,0,0,9.6,14.0,11.67,2.07,24.14,1.93,26.47,2.27,компенсация платёжных услуг,52.54,10.51,1103.11,0,0,0.0,,,,0.0,0,,,Альфа-Банк,RND-004,"Ростов-на-Дону, пр. Будённовский, 21",,,Казань,Россия,Микс,,0,,5369081235053,x2bd2fmoqxhglg4p0ft1afdtohrnqi7n,0,,0.0,0.0,0.0,0.0,,,,0,0,0,0,740958232,0,0,0,,0,0,0,0,0,0,0,,
187,0,Аксессуары,945018273,StyleUp,SU-BELT-LEATHER,Ремень кожаный классический,90,2719384650102,,Логистика,,2025-09-15,0,0,0.0,0,0,0,0,0,0,0.0,0.0,0.0,0.0,0.0,0.0,0.0,0.0,,0.0,0.0,0.0,1,0,91.65,2025-09-01,2025-10-05,,0.0,0,к клиенту при продаже,,,,,,,Казань,Россия,,,0,,2436423809416,x2bd2fmoqxhglg4p0ft1afdtohrnqi7n,0,,0.0,0.0,0.0,0.9,,,,0,0,0,0,0,0,0,0,"FBW, (МГТ, короба)",0,0,0,0,0,0,0,,
188,46913810,Белье,867293041,ComfortZone,CZ-BRA-SPORT-01,Бюстгальтер спортивный бесшовный,L,2618293740156,Продажа,Продажа,2025-09-11,2025-09-15,1,890,849.06,0,0,0,890,0,0,4.6,16.0,13.33,8.73,74.12,4.6,17.92,2.11,компенсация платёжных услуг,96.64,19.33,733.09,0,0,0.0,,,,0.0,0,,,ВТБ,RND-004,"Ростов-на-Дону, пр. Будённовский, 21",,,Подольск,Россия,Микс,,0,,2143862328513,yd52alunqr8o1kjwv2qnrmtn29tnyfm7,0,,0.0,0.0,0.0,0.0,,,,0,0,0,0,152123292,0,0,0,,0,0,0,0,0,0,0,,
189,0,Белье,867293041,ComfortZone,CZ-BRA-SPORT-01,Бюстгальтер спортивный бесшовный,L,2618293740156,,Логистика,,2025-09-15,0,0,0.0,0,0,0,0,0,0,0.0,0.0,0.0,0.0,0.0,0.0,0.0,0.0,,0.0,0.0,0.0,1,0,75.74,2025-09-01,2025-10-05,,0.0,0,к клиенту при продаже,,,,,,,Подольск,Россия,,,0,,1753151148346,yd52alunqr8o1kjwv2qnrmtn29tnyfm7,0,,0.0,0.0,0.0,1.01,,,,0,0,0,0,0,0,0,0,"FBW, (МГТ, короба)",0,0,0,0,0,0,0,,
190,95822412,Аксессуары,945018273,StyleUp,SU-BELT-LEATHER,Ремень кожаный классический,110,2719384650102,Продажа,Продажа,2025-09-10,2025-09-15,1,1290,1199.7,0,0,0,1290,0,0,7.0,14.0,11.67,4.67,56.03,1.32,22.79,1.9,компенсация платёжных услуг,80.14,16.03,1103.53,0,0,0.0,,,,0.0,0,,,Тинькофф Банк,NSK-005,"Новосибирск, ул. Красный пр., 65",,,Хоругвино,Россия,Моно,,0,,4041259320302,nf9w5n9c70pa8jx54pegjks4i2nr1p02,0,,0.0,0.0,0.0,0.0,,,,0,0,0,0,392787282,0,0,0,,0,0,0,0,0,0,0,,
191,13356886,Носки,410293847,SockLab,SL-SOCK-PACK-5,Носки мужские набор 5 пар хлопок,29-31,2200198374650,Продажа,Продажа,2025-09-10,2025-09-15,1,690,607.2,0,0,0,690,0,0,12.0,17.0,14.17,2.17,13.18,7.04,9.53,1.57,компенсация платёжных услуг,29.75,5.95,571.5,0,0,0.0,,,,0.0,0,,,ВТБ,NSK-005,"Новосибирск, ул. Красный пр., 65",,,Подольск,Россия,Моно,,0,,7697480887039,5xt54fn5g77lk6hqiv929sevl7fq8aby,0,,0.0,0.0,0.0,0.0,,,,0,0,0,0,868773997,0,0,0,,0,0,0,0,0,0,0,,
192,0,Футболки,198745633,UrbanWear,UW-TSHIRT-002,Футболка женская приталенная,S,2037489561235,,Логистика,,2025-09-15,0,0,0.0,0,0,0,0,0,0,0.0,0.0,0.0,0.0,0.0,0.0,0.0,0.0,,0.0,0.0,0.0,1,0,102.24,2025-09-01,2025-10-05,,0.0,0,к клиенту при продаже,,,,,,,Хоругвино,Россия,,,0,,3499887522630,jkq2zuv1fkhnnk8fwrpk0zfknwbhkvjz,0,,0.0,0.0,0.0,1.35,,,,0,0,0,0,0,0,0,0,"FBS, (МГТ)",0,0,0,0,0,0,0,,
193,46913810,Джинсы,276583410,DenimPro,DP-JEANS-MOM-01,Джинсы женские mom fit голубые,26,2098374651001,Продажа,Продажа,2025-09-13,2025-09-15,1,3490,3312.01,0,0,0,3490,0,0,5.1,14.0,11.67,6.57,217.6,6.09,77.17,2.33,компенсация платёжных услуг,300.86,60.17,2950.98,0,0,0.0,,,,0.0,0,,,Альфа-Банк,NNG-006,"Нижний Новгород, ул. Большая Покровская, 18",,,Подольск,Россия,Микс,,0,,5709046142826,7pwtg21hsltdkvuff124vf89x22j7q4k,0,,0.0,0.0,0.0,0.0,,,,0,0,0,0,430730611,0,0,0,,0,0,0,0,0,0,0,,
194,46913810,Футболки,198745632,UrbanWear,UW-TSHIRT-001,Футболка мужская хлопок оверсайз,XL,2037489561234,Продажа,Продажа,2025-09-13,2025-09-15,1,1890,1710.45,0,0,0,1890,0,0,9.5,15.0,12.5,3.0,51.31,2.5,31.13,1.82,компенсация платёжных услуг,84.94,16.99,1608.52,0,0,0.0,,,,0.0,0,,,Тинькофф Банк,NNG-006,"Нижний Новгород, ул. Большая Покровская, 18",,,Белая Дача,Россия,Микс,,0,,1926916487809,9vccmtpkq5c9035vuupltxu3yf15z08n,0,,0.0,0.0,0.0,0.0,,,,0,0,0,0,488913367,0,0,0,,0,0,0,0,0,0,0,,
195,24942603,Рюкзаки,523098174,CarryOn,CO-BKPK-URBAN,Рюкзак городской с USB портом,0,2301847562009,Продажа,Продажа,2025-09-12,2025-09-15,1,2490,2300.76,0,0,0,2490,0,0,7.6,14.5,12.08,4.48,103.07,1.9,38.19,1.66,компенсация платёжных услуг,143.16,28.63,2128.97,0,0,0.0,,,,0.0,0,,,ВТБ,MSK-001,"Москва, ул. Ленина, 15",,,Подольск,Россия,Моно,,0,,8634119978181,70m9ohdsrs8anp8dmlc8xizx35a806b4,0,,0.0,0.0,0.0,0.0,,,,0,0,0,0,165693093,0,0,0,,0,0,0,0,0,0,0,,
196,0,Рюкзаки,523098174,CarryOn,CO-BKPK-URBAN,Рюкзак городской с USB портом,0,2301847562009,,Логистика,,2025-09-15,0,0,0.0,0,0,0,0,0,0,0.0,0.0,0.0,0.0,0.0,0.0,0.0,0.0,,0.0,0.0,0.0,1,0,104.49,2025-09-01,2025-10-05,,0.0,0,к клиенту при продаже,,,,,,,Подольск,Россия,,,0,,6000471457711,70m9ohdsrs8anp8dmlc8xizx35a806b4,0,,0.0,0.0,0.0,1.08,,,,0,0,0,0,0,0,0,0,"FBW, (МГТ, паллеты)",0,0,0,0,0,0,0,,
197,95822412,Кроссовки,312094876,StepMax,SM-SNKR-CSL-38,Кроссовки повседневные женские StepMax Lite,38,2145098763211,Продажа,Продажа,2025-09-15,2025-09-15,1,4990,4535.91,0,0,0,4990,0,0,9.1,13.5,11.25,2.15,97.52,4.24,94.8,2.09,компенсация платёжных услуг,196.56,39.31,4300.04,0,0,0.0,,,,0.0,0,,,Альфа-Банк,KZN-003,"Казань, ул. Баумана, 8",,,Казань,Россия,Микс,,0,,3178776790682,er94tevwlq6exnwzr04hhe7icdo5digx,0,,0.0,0.0,0.0,0.0,,,,0,0,0,0,452127200,0,0,0,,0,0,0,0,0,0,0,,
198,24942603,Шорты,198745750,UrbanWear,UW-SHORTS-CARGO,Шорты мужские карго хлопок,L,2037489561350,Продажа,Продажа,2025-09-13,2025-09-15,1,1990,1906.42,0,0,0,1990,0,0,4.2,15.0,12.5,8.3,158.23,5.87,32.79,1.72,компенсация платёжных услуг,196.89,39.38,1670.15,0,0,0.0,,,,0.0,0,,,Тинькофф Банк,NNG-006,"Нижний Новгород, ул. Большая Покровская, 18",,,Электросталь,Россия,Моно,,0,,1298445911535,eu6zu1tozhdv5ojzto7d835kuc9pbtyj,0,,0.0,0.0,0.0,0.0,,,,0,0,0,0,795672015,0,0,0,,0,0,0,0,0,0,0,,
199,42868828,Аксессуары,945018273,StyleUp,SU-BELT-LEATHER,Ремень кожаный классический,100,2719384650102,Продажа,Продажа,2025-09-13,2025-09-15,1,1290,1179.06,0,0,0,1290,0,0,8.6,14.0,11.67,3.07,36.2,3.17,25.94,2.2,компенсация платёжных услуг,65.31,13.06,1100.69,0,0,0.0,,,,0.0,0,,,Альфа-Банк,KRD-009,"Краснодар, ул. Красная, 109",,,Хоругвино,Россия,Микс,,0,,1563067319657,3vzzxt9qubwrp8guucm5fyczu80zrz79,0,,0.0,0.0,0.0,0.0,,,,0,0,0,0,349714065,0,0,0,,0,0,0,0,0,0,0,,
200,95822412,Белье,867293041,ComfortZone,CZ-BRA-SPORT-01,Бюстгальтер спортивный бесшовный,L,2618293740156,Продажа,Продажа,2025-09-11,2025-09-15,1,890,849.06,0,0,0,890,0,0,4.6,16.0,13.33,8.73,74.12,5.77,20.63,2.43,компенсация платёжных услуг,100.52,20.1,728.44,0,0,0.0,,,,0.0,0,,,ВТБ,NSK-005,"Новосибирск, ул. Красный пр., 65",,,Белая Дача,Россия,Микс,,0,,2511889541941,vwj7yz6l7x6oa3n4g2jayb1eycef2ctg,0,,0.0,0.0,0.0,0.0,,,,0,0,0,0,675804885,0,0,0,,0,0,0,0,0,0,0,,
201,0,Белье,867293041,ComfortZone,CZ-BRA-SPORT-01,Бюстгальтер спортивный бесшовный,L,2618293740156,,Логистика,,2025-09-15,0,0,0.0,0,0,0,0,0,0,0.0,0.0,0.0,0.0,0.0,0.0,0.0,0.0,,0.0,0.0,0.0,1,0,43.04,2025-09-01,2025-10-05,,0.0,0,к клиенту при продаже,,,,,,,Белая Дача,Россия,,,0,,8264150971235,vwj7yz6l7x6oa3n4g2jayb1eycef2ctg,0,,0.0,0.0,0.0,1.07,,,,0,0,0,0,0,0,0,0,"FBW, (МГТ, короба)",0,0,0,0,0,0,0,,
202,46913810,Кроссовки,312094875,StepMax,SM-SNKR-RUN-44,Кроссовки беговые мужские StepMax Air,45,2145098763210,Продажа,Продажа,2025-09-14,2025-09-15,1,5990,5331.1,0,0,0,5990,0,0,11.0,13.5,11.25,0.25,13.33,1.16,86.9,1.63,компенсация платёжных услуг,101.39,20.28,5209.43,0,0,0.0,,,,0.0,0,,,Сбербанк,EKB-007,"Екатеринбург, ул. Малышева, 33",,,Хоругвино,Россия,Моно,,0,,3187800886168,j9xxlb57aukhqnzjnns9pzemjgkcqy26,0,,0.0,0.0,0.0,0.0,,,,0,0,0,0,179902102,0,0,0,,0,0,0,0,0,0,0,,
203,46913810,Носки,410293847,SockLab,SL-SOCK-PACK-5,Носки мужские набор 5 пар хлопок,25-27,2200198374650,Продажа,Продажа,2025-09-11,2025-09-15,1,690,671.37,0,0,0,690,0,0,2.7,17.0,14.17,11.47,77.01,3.26,13.29,1.98,компенсация платёжных услуг,93.56,18.71,559.1,0,0,0.0,,,,0.0,0,,,Альфа-Банк,KZN-003,"Казань, ул. Баумана, 8",,,Хоругвино,Россия,Микс,,0,,8403166411278,0n852n5fnp36f8harjhrf34jgvrp4rxm,0,,0.0,0.0,0.0,0.0,,,,0,0,0,0,352492987,0,0,0,,0,0,0,0,0,0,0,,
204,0,Носки,410293847,SockLab,SL-SOCK-PACK-5,Носки мужские набор 5 пар хлопок,25-27,2200198374650,,Логистика,,2025-09-15,0,0,0.0,0,0,0,0,0,0,0.0,0.0,0.0,0.0,0.0,0.0,0.0,0.0,,0.0,0.0,0.0,1,0,69.57,2025-09-01,2025-10-05,,0.0,0,к клиенту при продаже,,,,,,,Хоругвино,Россия,,,0,,4423283997553,0n852n5fnp36f8harjhrf34jgvrp4rxm,0,,0.0,0.0,0.0,1.48,,,,0,0,0,0,0,0,0,0,"FBW, (МГТ, короба)",0,0,0,0,0,0,0,,
205,46913810,Аксессуары,945018273,StyleUp,SU-BELT-LEATHER,Ремень кожаный классический,90,2719384650102,Продажа,Продажа,2025-09-12,2025-09-15,1,1290,1180.35,0,0,0,1290,0,0,8.5,14.0,11.67,3.17,37.42,2.61,28.21,2.39,компенсация платёжных услуг,68.24,13.65,1098.46,0,0,0.0,,,,0.0,0,,,Альфа-Банк,EKB-007,"Екатеринбург, ул. Малышева, 33",,,Электросталь,Россия,Моно,,0,,3213477437945,t60kusfhvmljekbvxsogb205hu03y53m,0,,0.0,0.0,0.0,0.0,,,,0,0,0,0,648788785,0,0,0,,0,0,0,0,0,0,0,,
206,0,Худи,198745700,UrbanWear,UW-HOODIE-BLK,Худи унисекс оверсайз чёрное,S,2037489561300,,Логистика,,2025-09-15,0,0,0.0,0,0,0,0,0,0,0.0,0.0,0.0,0.0,0.0,0.0,0.0,0.0,,0.0,0.0,0.0,1,0,79.08,2025-09-01,2025-10-05,,0.0,0,к клиенту при продаже,,,,,,,Тула,Россия,,,0,,2038539753645,xkbefq796ew8257ge0q5zjaucyhonbpq,0,,0.0,0.0,0.0,0.96,,,,0,0,0,0,0,0,0,0,"FBS, (МГТ)",0,0,0,0,0,0,0,,
207,13356886,Кроссовки,312094876,StepMax,SM-SNKR-CSL-38,Кроссовки повседневные женские StepMax Lite,36,2145098763211,Продажа,Продажа,2025-09-13,2025-09-15,1,4990,4600.78,0,0,0,4990,0,0,7.8,13.5,11.25,3.45,158.73,2.78,94.32,2.05,компенсация платёжных услуг,255.83,51.17,4293.78,0,0,0.0,,,,0.0,0,,,Тинькофф Банк,EKB-007,"Екатеринбург, ул. Малышева, 33",,,Хоругвино,Россия,Микс,,0,,4383958234716,31rtmpv5lmq15fbs4wvt3f2f3hycpesb,0,,0.0,0.0,0.0,0.0,,,,0,0,0,0,834450885,0,0,0,,0,0,0,0,0,0,0,,
208,13356886,Футболки,198745632,UrbanWear,UW-TSHIRT-001,Футболка мужская хлопок оверсайз,S,2037489561234,Продажа,Продажа,2025-09-11,2025-09-15,1,1890,1670.76,0,0,0,1890,0,0,11.6,15.0,12.5,0.9,15.04,6.31,26.57,1.59,компенсация платёжных услуг,47.92,9.58,1613.26,0,0,0.0,,,,0.0,0,,,Альфа-Банк,VRN-008,"Воронеж, ул. Плехановская, 22",,,Коледино,Россия,Моно,,0,,2860336435746,g1cj8pmozknhpvrwbrblbz5ntdywm8ra,0,,0.0,0.0,0.0,0.0,,,,0,0,0,0,198836690,0,0,0,,0,0,0,0,0,0,0,,
209,0,Футболки,198745632,UrbanWear,UW-TSHIRT-001,Футболка мужская хлопок оверсайз,S,2037489561234,,Логистика,,2025-09-15,0,0,0.0,0,0,0,0,0,0,0.0,0.0,0.0,0.0,0.0,0.0,0.0,0.0,,0.0,0.0,0.0,1,0,40.82,2025-09-01,2025-10-05,,0.0,0,к клиенту при продаже,,,,,,,Коледино,Россия,,,0,,9454639605649,g1cj8pmozknhpvrwbrblbz5ntdywm8ra,0,,0.0,0.0,0.0,0.89,,,,0,0,0,0,0,0,0,0,"FBS, (МГТ)",0,0,0,0,0,0,0,,
210,0,Джинсы,276583411,DenimPro,DP-JEANS-SLIM-02,Джинсы мужские slim тёмно-синие,31,2098374651002,,Логистика,,2025-09-15,0,0,0.0,0,0,0,0,0,0,0.0,0.0,0.0,0.0,0.0,0.0,0.0,0.0,,0.0,0.0,0.0,1,0,54.08,2025-09-01,2025-10-05,,0.0,0,к клиенту при продаже,,,,,,,Казань,Россия,,,0,,2817018114771,jz6n58yuxczaumapqppmj6jfhvsthbnb,0,,0.0,0.0,0.0,1.18,,,,0,0,0,0,0,0,0,0,"FBW, (МГТ, паллеты)",0,0,0,0,0,0,0,,
211,24942603,Аксессуары,945018273,StyleUp,SU-BELT-LEATHER,Ремень кожаный классический,110,2719384650102,Продажа,Продажа,2025-09-10,2025-09-15,1,1290,1162.29,0,0,0,1290,0,0,9.9,14.0,11.67,1.77,20.57,5.04,27.2,2.34,компенсация платёжных услуг,52.81,10.56,1098.92,0,0,0.0,,,,0.0,0,,,ВТБ,NSK-005,"Новосибирск, ул. Красный пр., 65",,,Электросталь,Россия,Микс,,0,,1810098193204,41sascebfe54ukigdix1cnaq2yotos87,0,,0.0,0.0,0.0,0.0,,,,0,0,0,0,662072076,0,0,0,,0,0,0,0,0,0,0,,
212,0,Аксессуары,945018273,StyleUp,SU-BELT-LEATHER,Ремень кожаный классический,120,2719384650102,,Логистика,,2025-09-15,0,0,0.0,0,0,0,0,0,0,0.0,0.0,0.0,0.0,0.0,0.0,0.0,0.0,,0.0,0.0,0.0,1,0,57.25,2025-09-01,2025-10-05,,0.0,0,к клиенту при продаже,,,,,,,Электросталь,Россия,,,0,,8776320244448,41sascebfe54ukigdix1cnaq2yotos87,0,,0.0,0.0,0.0,1.34,,,,0,0,0,0,0,0,0,0,"FBW, (МГТ, короба)",0,0,0,0,0,0,0,,
213,46913810,Носки,410293847,SockLab,SL-SOCK-PACK-5,Носки мужские набор 5 пар хлопок,27-29,2200198374650,Продажа,Продажа,2025-09-10,2025-09-15,1,690,650.67,0,0,0,690,0,0,5.7,17.0,14.17,8.47,55.11,6.61,13.6,2.09,компенсация платёжных услуг,75.32,15.06,560.29,0,0,0.0,,,,0.0,0,,,ВТБ,NNG-006,"Нижний Новгород, ул. Большая Покровская, 18",,,Электросталь,Россия,Моно,,0,,6575918377617,867kbqnxpvmsr75rmg7f9fzjahsao2qw,0,,0.0,0.0,0.0,0.0,,,,0,0,0,0,565368486,0,0,0,,0,0,0,0,0,0,0,,
214,0,Носки,410293847,SockLab,SL-SOCK-PACK-5,Носки мужские набор 5 пар хлопок,25-27,2200198374650,,Логистика,,2025-09-15,0,0,0.0,0,0,0,0,0,0,0.0,0.0,0.0,0.0,0.0,0.0,0.0,0.0,,0.0,0.0,0.0,1,0,47.46,2025-09-01,2025-10-05,,0.0,0,к клиенту при продаже,,,,,,,Электросталь,Россия,,,0,,0391548152900,867kbqnxpvmsr75rmg7f9fzjahsao2qw,0,,0.0,0.0,0.0,1.07,,,,0,0,0,0,0,0,0,0,"FBW, (МГТ, паллеты)",0,0,0,0,0,0,0,,
215,95822412,Джинсы,276583410,DenimPro,DP-JEANS-MOM-01,Джинсы женские mom fit голубые,27,2098374651001,Продажа,Продажа,2025-09-10,2025-09-15,1,3490,3158.45,0,0,0,3490,0,0,9.5,14.0,11.67,2.17,68.54,5.95,68.22,2.16,компенсация платёжных услуг,142.71,28.54,2987.2,0,0,0.0,,,,0.0,0,,,Тинькофф Банк,MSK-001,"Москва, ул. Ленина, 15",,,Коледино,Россия,Моно,,0,,9449182699747,5f9e0klliro7yy0kz6xnomb42o3q825q,0,,0.0,0.0,0.0,0.0,,,,0,0,0,0,940961771,0,0,0,,0,0,0,0,0,0,0,,
216,46913810,Аксессуары,945018273,StyleUp,SU-BELT-LEATHER,Ремень кожаный классический,90,2719384650102,Продажа,Продажа,2025-09-10,2025-09-15,1,1290,1161.0,0,0,0,1290,0,0,10.0,14.0,11.67,1.67,19.39,2.92,26.82,2.31,компенсация платёжных услуг,49.13,9.83,1102.04,0,0,0.0,,,,0.0,0,,,ВТБ,MSK-001,"Москва, ул. Ленина, 15",,,Казань,Россия,Микс,,0,,7645557893716,8vk9qkav8c3pq5u74ij643yuoaih3iab,0,,0.0,0.0,0.0,0.0,,,,0,0,0,0,638751928,0,0,0,,0,0,0,0,0,0,0,,
217,0,Аксессуары,945018273,StyleUp,SU-BELT-LEATHER,Ремень кожаный классический,100,2719384650102,,Логистика,,2025-09-15,0,0,0.0,0,0,0,0,0,0,0.0,0.0,0.0,0.0,0.0,0.0,0.0,0.0,,0.0,0.0,0.0,1,0,94.81,2025-09-01,2025-10-05,,0.0,0,к клиенту при продаже,,,,,,,Казань,Россия,,,0,,9017266492109,8vk9qkav8c3pq5u74ij643yuoaih3iab,0,,0.0,0.0,0.0,0.86,,,,0,0,0,0,0,0,0,0,"FBS, (МГТ)",0,0,0,0,0,0,0,,
218,95822412,Кроссовки,312094875,StepMax,SM-SNKR-RUN-44,Кроссовки беговые мужские StepMax Air,42,2145098763210,Продажа,Продажа,2025-09-11,2025-09-15,1,5990,5582.68,0,0,0,5990,0,0,6.8,13.5,11.25,4.45,248.43,7.47,118.91,2.13,компенсация платёжных услуг,374.81,74.96,5132.91,0,0,0.0,,,,0.0,0,,,Сбербанк,KRD-009,"Краснодар, ул. Красная, 109",,,Подольск,Россия,Микс,,0,,1582167709269,4ai2278eqe12qeykc2mng806w819fmsy,0,,0.0,0.0,0.0,0.0,,,,0,0,0,0,517984292,0,0,0,,0,0,0,0,0,0,0,,
219,42868828,Кроссовки,312094876,StepMax,SM-SNKR-CSL-38,Кроссовки повседневные женские StepMax Lite,36,2145098763211,Продажа,Продажа,2025-09-14,2025-09-15,1,4990,4550.88,0,0,0,4990,0,0,8.8,13.5,11.25,2.45,111.5,7.83,88.29,1.94,компенсация платёжных услуг,207.62,41.52,4301.74,0,0,0.0,,,,0.0,0,,,Тинькофф Банк,EKB-007,"Екатеринбург, ул. Малышева, 33",,,Белая Дача,Россия,Моно,,0,,2029496880960,rg0zpzjho4vudqhibmqimi8acueobqt0,0,,0.0,0.0,0.0,0.0,,,,0,0,0,0,892447749,0,0,0,,0,0,0,0,0,0,0,,
220,13356886,Шорты,198745750,UrbanWear,UW-SHORTS-CARGO,Шорты мужские карго хлопок,XL,2037489561350,Продажа,Продажа,2025-09-11,2025-09-15,1,1990,1940.25,0,0,0,1990,0,0,2.5,15.0,12.5,10.0,194.03,3.17,32.4,1.67,компенсация платёжных услуг,229.6,45.92,1664.73,0,0,0.0,,,,0.0,0,,,ВТБ,MSK-001,"Москва, ул. Ленина, 15",,,Краснодар,Россия,Моно,,0,,6024856706699,tfytks1f3kwbnbpavajimmnstouifjil,0,,0.0,0.0,0.0,0.0,,,,0,0,0,0,693288872,0,0,0,,0,0,0,0,0,0,0,,
221,0,Шорты,198745750,UrbanWear,UW-SHORTS-CARGO,Шорты мужские карго хлопок,M,2037489561350,,Логистика,,2025-09-15,0,0,0.0,0,0,0,0,0,0,0.0,0.0,0.0,0.0,0.0,0.0,0.0,0.0,,0.0,0.0,0.0,1,0,50.06,2025-09-01,2025-10-05,,0.0,0,к клиенту при продаже,,,,,,,Краснодар,Россия,,,0,,8258972796548,tfytks1f3kwbnbpavajimmnstouifjil,0,,0.0,0.0,0.0,0.84,,,,0,0,0,0,0,0,0,0,"FBW, (МГТ, короба)",0,0,0,0,0,0,0,,
222,0,Джинсы,276583411,DenimPro,DP-JEANS-SLIM-02,Джинсы мужские slim тёмно-синие,30,2098374651002,,Логистика,,2025-09-15,0,0,0.0,0,0,0,0,0,0,0.0,0.0,0.0,0.0,0.0,0.0,0.0,0.0,,0.0,0.0,0.0,1,0,98.34,2025-09-01,2025-10-05,,0.0,0,к клиенту при продаже,,,,,,,Казань,Россия,,,0,,9998636380688,3jlzohfddvsz2tvhvwhholi54087ws1l,0,,0.0,0.0,0.0,1.38,,,,0,0,0,0,0,0,0,0,"FBS, (МГТ)",0,0,0,0,0,0,0,,
223,95822412,Куртки,734019285,NordWind,NW-JACKET-LITE,Куртка демисезонная мужская лёгкая,XXL,2510293847561,Продажа,Продажа,2025-09-12,2025-09-15,1,6490,5860.47,0,0,0,6490,0,0,9.7,13.0,10.83,1.13,66.22,5.01,110.18,1.88,компенсация платёжных услуг,181.41,36.28,5642.78,0,0,0.0,,,,0.0,0,,,Альфа-Банк,VRN-008,"Воронеж, ул. Плехановская, 22",,,Коледино,Россия,Микс,,0,,0517565152785,6atqgkryt6ebin0byqyvbnuz2kga99uf,0,,0.0,0.0,0.0,0.0,,,,0,0,0,0,789073086,0,0,0,,0,0,0,0,0,0,0,,
224,0,Куртки,734019285,NordWind,NW-JACKET-LITE,Куртка демисезонная мужская лёгкая,XL,2510293847561,,Логистика,,2025-09-15,0,0,0.0,0,0,0,0,0,0,0.0,0.0,0.0,0.0,0.0,0.0,0.0,0.0,,0.0,0.0,0.0,1,0,186.86,2025-09-01,2025-10-05,,0.0,0,к клиенту при продаже,,,,,,,Коледино,Россия,,,0,,7745906051644,6atqgkryt6ebin0byqyvbnuz2kga99uf,0,,0.0,0.0,0.0,0.88,,,,0,0,0,0,0,0,0,0,"FBW, (МГТ, короба)",0,0,0,0,0,0,0,,
225,46913810,Аксессуары,945018273,StyleUp,SU-BELT-LEATHER,Ремень кожаный классический,120,2719384650102,Продажа,Продажа,2025-09-12,2025-09-15,1,1290,1190.67,0,0,0,1290,0,0,7.7,14.0,11.67,3.97,47.27,3.41,25.36,2.13,компенсация платёжных услуг,76.04,15.21,1099.42,0,0,0.0,,,,0.0,0,,,Тинькофф Банк,MSK-001,"Москва, ул. Ленина, 15",,,Коледино,Россия,Микс,,0,,8088783391873,l70shyvni8e61493685efzvmt4fvmypj,0,,0.0,0.0,0.0,0.0,,,,0,0,0,0,703221779,0,0,0,,0,0,0,0,0,0,0,,
226,0,Аксессуары,945018273,StyleUp,SU-BELT-LEATHER,Ремень кожаный классический,110,2719384650102,,Логистика,,2025-09-15,0,0,0.0,0,0,0,0,0,0,0.0,0.0,0.0,0.0,0.0,0.0,0.0,0.0,,0.0,0.0,0.0,1,0,59.25,2025-09-01,2025-10-05,,0.0,0,к клиенту при продаже,,,,,,,Коледино,Россия,,,0,,6009420843800,l70shyvni8e61493685efzvmt4fvmypj,0,,0.0,0.0,0.0,1.36,,,,0,0,0,0,0,0,0,0,"FBW, (МГТ, паллеты)",0,0,0,0,0,0,0,,
227,42868828,Белье,867293041,ComfortZone,CZ-BRA-SPORT-01,Бюстгальтер спортивный бесшовный,M,2618293740156,Продажа,Продажа,2025-09-12,2025-09-15,1,890,792.99,0,0,0,890,0,0,10.9,16.0,13.33,2.43,19.27,6.08,17.92,2.26,компенсация платёжных услуг,43.27,8.65,741.07,0,0,0.0,,,,0.0,0,,,ВТБ,KZN-003,"Казань, ул. Баумана, 8",,,Белая Дача,Россия,Моно,,0,,3508789995907,cgw33a8ncxcwc0bogwhupof0hkarpkfz,0,,0.0,0.0,0.0,0.0,,,,0,0,0,0,740285150,0,0,0,,0,0,0,0,0,0,0,,
228,0,Белье,867293041,ComfortZone,CZ-BRA-SPORT-01,Бюстгальтер спортивный бесшовный,M,2618293740156,,Логистика,,2025-09-15,0,0,0.0,0,0,0,0,0,0,0.0,0.0,0.0,0.0,0.0,0.0,0.0,0.0,,0.0,0.0,0.0,1,0,71.78,2025-09-01,2025-10-05,,0.0,0,к клиенту при продаже,,,,,,,Белая Дача,Россия,,,0,,0122993713915,cgw33a8ncxcwc0bogwhupof0hkarpkfz,0,,0.0,0.0,0.0,1.17,,,,0,0,0,0,0,0,0,0,"FBS, (МГТ)",0,0,0,0,0,0,0,,
229,95822412,Футболки,198745633,UrbanWear,UW-TSHIRT-002,Футболка женская приталенная,XS,2037489561235,Продажа,Продажа,2025-09-12,2025-09-15,1,1690,1588.6,0,0,0,1690,0,0,6.0,15.0,12.5,6.5,103.26,4.74,38.6,2.43,компенсация платёжных услуг,146.6,29.32,1412.68,0,0,0.0,,,,0.0,0,,,ВТБ,NNG-006,"Нижний Новгород, ул. Большая Покровская, 18",,,Хоругвино,Россия,Моно,,0,,9086885811591,ycfnhp39lqt9ngq6tlv0gub5kb3pkbqy,0,,0.0,0.0,0.0,0.0,,,,0,0,0,0,816482528,0,0,0,,0,0,0,0,0,0,0,,
230,0,Платья,645098231,LaDonna,LD-DRESS-MIDI,Платье миди с цветочным принтом,M,2409182736450,,Логистика,,2025-09-15,0,0,0.0,0,0,0,0,0,0,0.0,0.0,0.0,0.0,0.0,0.0,0.0,0.0,,0.0,0.0,0.0,1,0,43.07,2025-09-01,2025-10-05,,0.0,0,к клиенту при продаже,,,,,,,Подольск,Россия,,,0,,8178215431861,ws81bxd7itqrt8g7qncwzxqvrt4upr44,0,,0.0,0.0,0.0,1.27,,,,0,0,0,0,0,0,0,0,"FBW, (МГТ, короба)",0,0,0,0,0,0,0,,
231,0,Футболки,198745632,UrbanWear,UW-TSHIRT-001,Футболка мужская хлопок оверсайз,S,2037489561234,,Логистика,,2025-09-15,0,0,0.0,0,0,0,0,0,0,0.0,0.0,0.0,0.0,0.0,0.0,0.0,0.0,,0.0,0.0,0.0,1,0,40.57,2025-09-01,2025-10-05,,0.0,0,к клиенту при продаже,,,,,,,Коледино,Россия,,,0,,3002217401450,xv5cix39ellhlrswp0ykkswnwzf8y7p6,0,,0.0,0.0,0.0,1.01,,,,0,0,0,0,0,0,0,0,"FBW, (МГТ, короба)",0,0,0,0,0,0,0,,
232,0,Носки,410293847,SockLab,SL-SOCK-PACK-5,Носки мужские набор 5 пар хлопок,27-29,2200198374650,,Логистика,,2025-09-15,0,0,0.0,0,0,0,0,0,0,0.0,0.0,0.0,0.0,0.0,0.0,0.0,0.0,,0.0,0.0,0.0,1,0,56.25,2025-09-01,2025-10-05,,0.0,0,к клиенту при продаже,,,,,,,Электросталь,Россия,,,0,,4467828295228,qj9ujefubfd340nxidb5z8xgqhpzhuug,0,,0.0,0.0,0.0,1.19,,,,0,0,0,0,0,0,0,0,"FBW, (МГТ, паллеты)",0,0,0,0,0,0,0,,
233,42868828,Шорты,198745750,UrbanWear,UW-SHORTS-CARGO,Шорты мужские карго хлопок,M,2037489561350,Продажа,Продажа,2025-09-11,2025-09-15,1,1990,1896.47,0,0,0,1990,0,0,4.7,15.0,12.5,7.8,147.92,4.88,40.02,2.11,компенсация платёжных услуг,192.82,38.56,1665.09,0,0,0.0,,,,0.0,0,,,ВТБ,VRN-008,"Воронеж, ул. Плехановская, 22",,,Хоругвино,Россия,Микс,,0,,3277351630879,6v4uaupflyv16zhz3e88seby8en00bgb,0,,0.0,0.0,0.0,0.0,,,,0,0,0,0,640586817,0,0,0,,0,0,0,0,0,0,0,,
234,0,Шорты,198745750,UrbanWear,UW-SHORTS-CARGO,Шорты мужские карго хлопок,M,2037489561350,,Логистика,,2025-09-15,0,0,0.0,0,0,0,0,0,0,0.0,0.0,0.0,0.0,0.0,0.0,0.0,0.0,,0.0,0.0,0.0,1,0,56.16,2025-09-01,2025-10-05,,0.0,0,к клиенту при продаже,,,,,,,Хоругвино,Россия,,,0,,9688510812788,6v4uaupflyv16zhz3e88seby8en00bgb,0,,0.0,0.0,0.0,0.99,,,,0,0,0,0,0,0,0,0,"FBW, (МГТ, паллеты)",0,0,0,0,0,0,0,,
235,42868828,Платья,645098231,LaDonna,LD-DRESS-MIDI,Платье миди с цветочным принтом,XS,2409182736450,Продажа,Продажа,2025-09-14,2025-09-15,1,3290,2954.42,0,0,0,3290,0,0,10.2,15.0,12.5,2.3,67.95,4.94,65.0,2.2,компенсация платёжных услуг,137.89,27.58,2788.95,0,0,0.0,,,,0.0,0,,,Альфа-Банк,SMR-010,"Самара, ул. Ленинградская, 56",,,Казань,Россия,Микс,,0,,2907065828893,37pjpo3cvs3zrb9opllv12bvxejaxvt7,0,,0.0,0.0,0.0,0.0,,,,0,0,0,0,103250098,0,0,0,,0,0,0,0,0,0,0,,
236,95822412,Рюкзаки,523098174,CarryOn,CO-BKPK-URBAN,Рюкзак городской с USB портом,0,2301847562009,Продажа,Продажа,2025-09-10,2025-09-15,1,2490,2223.57,0,0,0,2490,0,0,10.7,14.5,12.08,1.38,30.69,4.73,43.58,1.96,компенсация платёжных услуг,79.0,15.8,2128.77,0,0,0.0,,,,0.0,0,,,Альфа-Банк,KZN-003,"Казань, ул. Баумана, 8",,,Белая Дача,Россия,Микс,,0,,9116623279209,6tdv9rruhcu5m767jez24wpfdfhj05mp,0,,0.0,0.0,0.0,0.0,,,,0,0,0,0,495669330,0,0,0,,0,0,0,0,0,0,0,,
237,24942603,Футболки,198745632,UrbanWear,UW-TSHIRT-001,Футболка мужская хлопок оверсайз,XL,2037489561234,Продажа,Продажа,2025-09-10,2025-09-15,1,1890,1814.4,0,0,0,1890,0,0,4.0,15.0,12.5,8.5,154.22,3.18,37.01,2.04,компенсация платёжных услуг,194.41,38.88,1581.11,0,0,0.0,,,,0.0,0,,,Тинькофф Банк,SPB-012,"Санкт-Петербург, Невский пр., 42",,,Электросталь,Россия,Микс,,0,,3176460828732,q3vyar63x5ulzzix2soth4mvkqe4dwz7,0,,0.0,0.0,0.0,0.0,,,,0,0,0,0,138141109,0,0,0,,0,0,0,0,0,0,0,,
238,0,Футболки,198745632,UrbanWear,UW-TSHIRT-001,Футболка мужская хлопок оверсайз,XXL,2037489561234,,Логистика,,2025-09-15,0,0,0.0,0,0,0,0,0,0,0.0,0.0,0.0,0.0,0.0,0.0,0.0,0.0,,0.0,0.0,0.0,1,0,66.99,2025-09-01,2025-10-05,,0.0,0,к клиенту при продаже,,,,,,,Электросталь,Россия,,,0,,0894745272251,q3vyar63x5ulzzix2soth4mvkqe4dwz7,0,,0.0,0.0,0.0,1.44,,,,0,0,0,0,0,0,0,0,"FBW, (МГТ, паллеты)",0,0,0,0,0,0,0,,
239,0,Кроссовки,312094875,StepMax,SM-SNKR-RUN-44,Кроссовки беговые мужские StepMax Air,41,2145098763210,,Логистика,,2025-09-15,0,0,0.0,0,0,0,0,0,0,0.0,0.0,0.0,0.0,0.0,0.0,0.0,0.0,,0.0,0.0,0.0,1,0,89.98,2025-09-01,2025-10-05,,0.0,0,к клиенту при продаже,,,,,,,Электросталь,Россия,,,0,,6197939087603,72w4oebmqpjbmwmnohg3vtl1drz0xv6d,0,,0.0,0.0,0.0,0.92,,,,0,0,0,0,0,0,0,0,"FBW, (МГТ, короба)",0,0,0,0,0,0,0,,
240,42868828,Джинсы,276583411,DenimPro,DP-JEANS-SLIM-02,Джинсы мужские slim тёмно-синие,31,2098374651002,Продажа,Продажа,2025-09-13,2025-09-15,1,3790,3596.71,0,0,0,3790,0,0,5.1,14.0,11.67,6.57,236.3,6.99,56.47,1.57,компенсация платёжных услуг,299.76,59.95,3237.0,0,0,0.0,,,,0.0,0,,,Сбербанк,SMR-010,"Самара, ул. Ленинградская, 56",,,Хоругвино,Россия,Микс,,0,,8026954208134,z8xuku8niarn4flhw3chnj6gdtgcg8zf,0,,0.0,0.0,0.0,0.0,,,,0,0,0,0,142771234,0,0,0,,0,0,0,0,0,0,0,,
241,0,Джинсы,276583411,DenimPro,DP-JEANS-SLIM-02,Джинсы мужские slim тёмно-синие,32,2098374651002,,Логистика,,2025-09-15,0,0,0.0,0,0,0,0,0,0,0.0,0.0,0.0,0.0,0.0,0.0,0.0,0.0,,0.0,0.0,0.0,1,0,89.3,2025-09-01,2025-10-05,,0.0,0,к клиенту при продаже,,,,,,,Хоругвино,Россия,,,0,,9947959488055,z8xuku8niarn4flhw3chnj6gdtgcg8zf,0,,0.0,0.0,0.0,0.8,,,,0,0,0,0,0,0,0,0,"FBS, (МГТ)",0,0,0,0,0,0,0,,
242,24942603,Худи,198745700,UrbanWear,UW-HOODIE-BLK,Худи унисекс оверсайз чёрное,XL,2037489561300,Продажа,Продажа,2025-09-14,2025-09-15,1,2990,2714.92,0,0,0,2990,0,0,9.2,15.0,12.5,3.3,89.59,5.8,56.2,2.07,компенсация платёжных услуг,151.59,30.32,2533.01,0,0,0.0,,,,0.0,0,,,ВТБ,SPB-012,"Санкт-Петербург, Невский пр., 42",,,Краснодар,Россия,Моно,,0,,5235053764705,i4p2gayqmgj96ze6e24i1agzgxvxc6se,0,,0.0,0.0,0.0,0.0,,,,0,0,0,0,929790424,0,0,0,,0,0,0,0,0,0,0,,
243,0,Худи,198745700,UrbanWear,UW-HOODIE-BLK,Худи унисекс оверсайз чёрное,M,2037489561300,,Логистика,,2025-09-15,0,0,0.0,0,0,0,0,0,0,0.0,0.0,0.0,0.0,0.0,0.0,0.0,0.0,,0.0,0.0,0.0,1,0,96.71,2025-09-01,2025-10-05,,0.0,0,к клиенту при продаже,,,,,,,Краснодар,Россия,,,0,,4768096194153,i4p2gayqmgj96ze6e24i1agzgxvxc6se,0,,0.0,0.0,0.0,1.33,,,,0,0,0,0,0,0,0,0,"FBW, (МГТ, паллеты)",0,0,0,0,0,0,0,,
244,0,Футболки,198745633,UrbanWear,UW-TSHIRT-002,Футболка женская приталенная,S,2037489561235,,Логистика,,2025-09-15,0,0,0.0,0,0,0,0,0,0,0.0,0.0,0.0,0.0,0.0,0.0,0.0,0.0,,0.0,0.0,0.0,1,0,70.15,2025-09-01,2025-10-05,,0.0,0,к клиенту при продаже,,,,,,,Белая Дача,Россия,,,0,,3480927697953,nv4f0te2j403cnfu2hersnun446q16nz,0,,0.0,0.0,0.0,1.12,,,,0,0,0,0,0,0,0,0,"FBW, (МГТ, короба)",0,0,0,0,0,0,0,,
245,0,Футболки,198745632,UrbanWear,UW-TSHIRT-001,Футболка мужская хлопок оверсайз,XXL,2037489561234,,Логистика,,2025-09-15,0,0,0.0,0,0,0,0,0,0,0.0,0.0,0.0,0.0,0.0,0.0,0.0,0.0,,0.0,0.0,0.0,1,0,58.78,2025-09-01,2025-10-05,,0.0,0,к клиенту при продаже,,,,,,,Тула,Россия,,,0,,2588763262978,9uq7rzapuolxpouv75d3nmyb4bomzqb0,0,,0.0,0.0,0.0,0.85,,,,0,0,0,0,0,0,0,0,"FBW, (МГТ, паллеты)",0,0,0,0,0,0,0,,
246,0,Белье,867293041,ComfortZone,CZ-BRA-SPORT-01,Бюстгальтер спортивный бесшовный,M,2618293740156,,Логистика,,2025-09-15,0,0,0.0,0,0,0,0,0,0,0.0,0.0,0.0,0.0,0.0,0.0,0.0,0.0,,0.0,0.0,0.0,1,0,111.77,2025-09-01,2025-10-05,,0.0,0,к клиенту при продаже,,,,,,,Хоругвино,Россия,,,0,,7918064802938,tvguw48tp37v7jmkjlnditn5kg3fye4h,0,,0.0,0.0,0.0,1.2,,,,0,0,0,0,0,0,0,0,"FBW, (МГТ, паллеты)",0,0,0,0,0,0,0,,
247,46913810,Куртки,734019285,NordWind,NW-JACKET-LITE,Куртка демисезонная мужская лёгкая,XL,2510293847561,Продажа,Продажа,2025-09-11,2025-09-15,1,6490,6353.71,0,0,0,6490,0,0,2.1,13.0,10.83,8.73,554.68,4.25,146.14,2.3,компенсация платёжных услуг,705.07,141.01,5507.63,0,0,0.0,,,,0.0,0,,,Сбербанк,KRD-009,"Краснодар, ул. Красная, 109",,,Подольск,Россия,Микс,,0,,7607374271461,g680iuga4fegyyj5n860ath9kp6asssu,0,,0.0,0.0,0.0,0.0,,,,0,0,0,0,759116058,0,0,0,,0,0,0,0,0,0,0,,
248,0,Рюкзаки,523098174,CarryOn,CO-BKPK-URBAN,Рюкзак городской с USB портом,0,2301847562009,,Логистика,,2025-09-15,0,0,0.0,0,0,0,0,0,0,0.0,0.0,0.0,0.0,0.0,0.0,0.0,0.0,,0.0,0.0,0.0,1,0,111.03,2025-09-01,2025-10-05,,0.0,0,к клиенту при продаже,,,,,,,Краснодар,Россия,,,0,,5635630822089,9x6kqb166xtf52bwhnybjk8jv7ojmp6o,0,,0.0,0.0,0.0,1.02,,,,0,0,0,0,0,0,0,0,"FBW, (МГТ, паллеты)",0,0,0,0,0,0,0,,
249,13356886,Кроссовки,312094875,StepMax,SM-SNKR-RUN-44,Кроссовки беговые мужские StepMax Air,44,2145098763210,Продажа,Продажа,2025-09-12,2025-09-15,1,5990,5798.32,0,0,0,5990,0,0,3.2,13.5,11.25,8.05,466.76,4.52,115.39,1.99,компенсация платёжных услуг,586.67,117.33,5094.32,0,0,0.0,,,,0.0,0,,,Сбербанк,NNG-006,"Нижний Новгород, ул. Большая Покровская, 18",,,Тула,Россия,Моно,,0,,3080304347631,f36c0ox87czr7xwqf1ttimlytgvkymzl,0,,0.0,0.0,0.0,0.0,,,,0,0,0,0,171468379,0,0,0,,0,0,0,0,0,0,0,,
250,24942603,Футболки,198745632,UrbanWear,UW-TSHIRT-001,Футболка мужская хлопок оверсайз,XXL,2037489561234,Продажа,Продажа,2025-09-11,2025-09-15,1,1890,1842.75,0,0,0,1890,0,0,2.5,15.0,12.5,10.0,184.28,4.58,43.49,2.36,компенсация платёжных услуг,232.35,46.47,1563.93,0,0,0.0,,,,0.0,0,,,Альфа-Банк,RND-004,"Ростов-на-Дону, пр. Будённовский, 21",,,Казань,Россия,Микс,,0,,1230479539928,hc2yix79pbrtg6c2rra3plcgqllx70r3,0,,0.0,0.0,0.0,0.0,,,,0,0,0,0,836113452,0,0,0,,0,0,0,0,0,0,0,,
251,0,Футболки,198745632,UrbanWear,UW-TSHIRT-001,Футболка мужская хлопок оверсайз,XL,2037489561234,,Логистика,,2025-09-15,0,0,0.0,0,0,0,0,0,0,0.0,0.0,0.0,0.0,0.0,0.0,0.0,0.0,,0.0,0.0,0.0,1,0,87.01,2025-09-01,2025-10-05,,0.0,0,к клиенту при продаже,,,,,,,Казань,Россия,,,0,,2905500053209,hc2yix79pbrtg6c2rra3plcgqllx70r3,0,,0.0,0.0,0.0,1.2,,,,0,0,0,0,0,0,0,0,"FBW, (МГТ, паллеты)",0,0,0,0,0,0,0,,
252,42868828,Рюкзаки,523098174,CarryOn,CO-BKPK-URBAN,Рюкзак городской с USB портом,0,2301847562009,Продажа,Продажа,2025-09-12,2025-09-15,1,2490,2305.74,0,0,0,2490,0,0,7.4,14.5,12.08,4.68,107.91,3.95,52.34,2.27,компенсация платёжных услуг,164.2,32.84,2108.7,0,0,0.0,,,,0.0,0,,,ВТБ,RND-004,"Ростов-на-Дону, пр. Будённовский, 21",,,Белая Дача,Россия,Микс,,0,,9253207401949,m2caml518dwkxdmnnvum2eni8wx46qgb,0,,0.0,0.0,0.0,0.0,,,,0,0,0,0,105031540,0,0,0,,0,0,0,0,0,0,0,,
253,95822412,Джинсы,276583411,DenimPro,DP-JEANS-SLIM-02,Джинсы мужские slim тёмно-синие,30,2098374651002,Продажа,Продажа,2025-09-11,2025-09-15,1,3790,3649.77,0,0,0,3790,0,0,3.7,14.0,11.67,7.97,290.89,4.01,86.86,2.38,компенсация платёжных услуг,381.76,76.35,3191.66,0,0,0.0,,,,0.0,0,,,Альфа-Банк,SMR-010,"Самара, ул. Ленинградская, 56",,,Краснодар,Россия,Микс,,0,,2579542300532,vk32rgwhgxmd7qcq3za8e83mtebdud8t,0,,0.0,0.0,0.0,0.0,,,,0,0,0,0,961499302,0,0,0,,0,0,0,0,0,0,0,,
254,13356886,Джинсы,276583411,DenimPro,DP-JEANS-SLIM-02,Джинсы мужские slim тёмно-синие,31,2098374651002,Продажа,Продажа,2025-09-11,2025-09-15,1,3790,3638.4,0,0,0,3790,0,0,4.0,14.0,11.67,7.67,279.07,7.33,75.31,2.07,компенсация платёжных услуг,361.71,72.34,3204.35,0,0,0.0,,,,0.0,0,,,ВТБ,SPB-012,"Санкт-Петербург, Невский пр., 42",,,Белая Дача,Россия,Моно,,0,,1625344728897,mqadw9ufzdepcgwluk5o5cvhjobeifdd,0,,0.0,0.0,0.0,0.0,,,,0,0,0,0,476719621,0,0,0,,0,0,0,0,0,0,0,,
255,46913810,Джинсы,276583411,DenimPro,DP-JEANS-SLIM-02,Джинсы мужские slim тёмно-синие,34,2098374651002,Продажа,Продажа,2025-09-11,2025-09-15,1,3790,3604.29,0,0,0,3790,0,0,4.9,14.0,11.67,6.77,244.01,4.27,56.95,1.58,компенсация платёжных услуг,305.23,61.05,3238.01,0,0,0.0,,,,0.0,0,,,Тинькофф Банк,SMR-010,"Самара, ул. Ленинградская, 56",,,Краснодар,Россия,Моно,,0,,3091554312883,iuprog710eq8o9s4znmzofe98wp94p4j,0,,0.0,0.0,0.0,0.0,,,,0,0,0,0,164520636,0,0,0,,0,0,0,0,0,0,0,,
256,95822412,Кроссовки,312094875,StepMax,SM-SNKR-RUN-44,Кроссовки беговые мужские StepMax Air,43,2145098763210,Продажа,Продажа,2025-09-11,2025-09-15,1,5990,5822.28,0,0,0,5990,0,0,2.8,13.5,11.25,8.45,491.98,6.08,101.89,1.75,компенсация платёжных услуг,599.95,119.99,5102.34,0,0,0.0,,,,0.0,0,,,Сбербанк,SPB-012,"Санкт-Петербург, Невский пр., 42",,,Краснодар,Россия,Микс,,0,,0694821765001,yw1tcfi4plmvk5sgcsvpaoj1mddbd3nh,0,,0.0,0.0,0.0,0.0,,,,0,0,0,0,860459464,0,0,0,,0,0,0,0,0,0,0,,
257,42868828,Белье,867293041,ComfortZone,CZ-BRA-SPORT-01,Бюстгальтер спортивный бесшовный,S,2618293740156,Продажа,Продажа,2025-09-15,2025-09-15,1,890,830.37,0,0,0,890,0,0,6.7,16.0,13.33,6.63,55.05,6.46,17.44,2.1,компенсация платёжных услуг,78.95,15.79,735.63,0,0,0.0,,,,0.0,0,,,Сбербанк,EKB-007,"Екатеринбург, ул. Малышева, 33",,,Хоругвино,Россия,Моно,,0,,9106169186859,2dwn717yw1bsdx4w3lnaehpitza7uy4s,0,,0.0,0.0,0.0,0.0,,,,0,0,0,0,602455623,0,0,0,,0,0,0,0,0,0,0,,
258,46913810,Белье,867293041,ComfortZone,CZ-BRA-SPORT-01,Бюстгальтер спортивный бесшовный,M,2618293740156,Продажа,Продажа,2025-09-13,2025-09-15,1,890,833.93,0,0,0,890,0,0,6.3,16.0,13.33,7.03,58.63,1.84,16.6,1.99,компенсация платёжных услуг,77.07,15.41,741.45,0,0,0.0,,,,0.0,0,,,ВТБ,KZN-003,"Казань, ул. Баумана, 8",,,Хоругвино,Россия,Микс,,0,,1832845011452,ly0ocrvqzmf4v5i2j4r40e0gzgxrdcqn,0,,0.0,0.0,0.0,0.0,,,,0,0,0,0,161424650,0,0,0,,0,0,0,0,0,0,0,,
259,0,Белье,867293041,ComfortZone,CZ-BRA-SPORT-01,Бюстгальтер спортивный бесшовный,M,2618293740156,,Логистика,,2025-09-15,0,0,0.0,0,0,0,0,0,0,0.0,0.0,0.0,0.0,0.0,0.0,0.0,0.0,,0.0,0.0,0.0,1,0,54.97,2025-09-01,2025-10-05,,0.0,0,к клиенту при продаже,,,,,,,Хоругвино,Россия,,,0,,9970981340400,ly0ocrvqzmf4v5i2j4r40e0gzgxrdcqn,0,,0.0,0.0,0.0,1.43,,,,0,0,0,0,0,0,0,0,"FBS, (МГТ)",0,0,0,0,0,0,0,,
260,24942603,Носки,410293847,SockLab,SL-SOCK-PACK-5,Носки мужские набор 5 пар хлопок,27-29,2200198374650,Продажа,Продажа,2025-09-10,2025-09-15,1,690,668.61,0,0,0,690,0,0,3.1,17.0,14.17,11.07,74.02,5.23,14.98,2.24,компенсация платёжных услуг,94.23,18.85,555.53,0,0,0.0,,,,0.0,0,,,Тинькофф Банк,KZN-003,"Казань, ул. Баумана, 8",,,Коледино,Россия,Моно,,0,,9450813309541,7q25y7khg4g7nie3fkp96aiu01lc5ww9,0,,0.0,0.0,0.0,0.0,,,,0,0,0,0,596087332,0,0,0,,0,0,0,0,0,0,0,,
261,95822412,Куртки,734019285,NordWind,NW-JACKET-LITE,Куртка демисезонная мужская лёгкая,M,2510293847561,Продажа,Продажа,2025-09-10,2025-09-15,1,6490,6087.62,0,0,0,6490,0,0,6.2,13.0,10.83,4.63,281.86,5.85,139.41,2.29,компенсация платёжных услуг,427.12,85.42,5575.08,0,0,0.0,,,,0.0,0,,,Альфа-Банк,KZN-003,"Казань, ул. Баумана, 8",,,Тула,Россия,Моно,,0,,8884815008651,lqhpqpfie952ex2jz8k7zoj3e0qqxnn8,0,,0.0,0.0,0.0,0.0,,,,0,0,0,0,769666668,0,0,0,,0,0,0,0,0,0,0,,
262,13356886,Рюкзаки,523098174,CarryOn,CO-BKPK-URBAN,Рюкзак городской с USB портом,0,2301847562009,Продажа,Продажа,2025-09-10,2025-09-15,1,2490,2313.21,0,0,0,2490,0,0,7.1,14.5,12.08,4.98,115.2,4.55,42.33,1.83,компенсация платёжных услуг,162.08,32.42,2118.71,0,0,0.0,,,,0.0,0,,,Альфа-Банк,SMR-010,"Самара, ул. Ленинградская, 56",,,Краснодар,Россия,Моно,,0,,3752615687908,x4nkio5b6iijpshoxxaoz5e7ggo46x1w,0,,0.0,0.0,0.0,0.0,,,,0,0,0,0,967946492,0,0,0,,0,0,0,0,0,0,0,,
263,42868828,Рюкзаки,523098174,CarryOn,CO-BKPK-URBAN,Рюкзак городской с USB портом,0,2301847562009,Продажа,Продажа,2025-09-11,2025-09-15,1,2490,2325.66,0,0,0,2490,0,0,6.6,14.5,12.08,5.48,127.45,2.74,39.07,1.68,компенсация платёжных услуг,169.26,33.85,2122.55,0,0,0.0,,,,0.0,0,,,Альфа-Банк,SMR-010,"Самара, ул. Ленинградская, 56",,,Коледино,Россия,Микс,,0,,8906641723883,iec1g7h6jjlvwgj9y56ca037ff5hvv7f,0,,0.0,0.0,0.0,0.0,,,,0,0,0,0,584632494,0,0,0,,0,0,0,0,0,0,0,,
264,0,Белье,867293041,ComfortZone,CZ-BRA-SPORT-01,Бюстгальтер спортивный бесшовный,S,2618293740156,,Логистика,,2025-09-15,0,0,0.0,0,0,0,0,0,0,0.0,0.0,0.0,0.0,0.0,0.0,0.0,0.0,,0.0,0.0,0.0,1,0,113.31,2025-09-01,2025-10-05,,0.0,0,к клиенту при продаже,,,,,,,Хоругвино,Россия,,,0,,2509888025170,n7ofhepn3vwtkcnl384xg08gsg8ueno8,0,,0.0,0.0,0.0,1.1,,,,0,0,0,0,0,0,0,0,"FBW, (МГТ, паллеты)",0,0,0,0,0,0,0,,
265,95822412,Джинсы,276583410,DenimPro,DP-JEANS-MOM-01,Джинсы женские mom fit голубые,30,2098374651001,Продажа,Продажа,2025-09-10,2025-09-15,1,3490,3092.14,0,0,0,3490,0,0,11.4,14.0,11.67,0.27,8.35,1.95,74.52,2.41,компенсация платёжных услуг,84.82,16.96,2990.36,0,0,0.0,,,,0.0,0,,,Альфа-Банк,SMR-010,"Самара, ул. Ленинградская, 56",,,Белая Дача,Россия,Моно,,0,,0132544686294,6kb9z7fw0c20x450uheh3rfwtevtx3nf,0,,0.0,0.0,0.0,0.0,,,,0,0,0,0,861734945,0,0,0,,0,0,0,0,0,0,0,,
266,13356886,Худи,198745700,UrbanWear,UW-HOODIE-BLK,Худи унисекс оверсайз чёрное,M,2037489561300,Продажа,Продажа,2025-09-10,2025-09-15,1,2990,2876.38,0,0,0,2990,0,0,3.8,15.0,12.5,8.7,250.25,6.63,43.72,1.52,компенсация платёжных услуг,300.6,60.12,2515.66,0,0,0.0,,,,0.0,0,,,Тинькофф Банк,SMR-010,"Самара, ул. Ленинградская, 56",,,Казань,Россия,Микс,,0,,7770595396604,umam003l4jzwyix7brrbai3al6eja1v2,0,,0.0,0.0,0.0,0.0,,,,0,0,0,0,510833977,0,0,0,,0,0,0,0,0,0,0,,
267,95822412,Платья,645098231,LaDonna,LD-DRESS-MIDI,Платье миди с цветочным принтом,S,2409182736450,Продажа,Продажа,2025-09-11,2025-09-15,1,3290,3184.72,0,0,0,3290,0,0,3.2,15.0,12.5,9.3,296.18,1.03,74.2,2.33,компенсация платёжных услуг,371.41,74.28,2739.03,0,0,0.0,,,,0.0,0,,,Альфа-Банк,EKB-007,"Екатеринбург, ул. Малышева, 33",,,Электросталь,Россия,Моно,,0,,1797114420859,yadyapg1gke8rcvfv2r35ljm6c7luvct,0,,0.0,0.0,0.0,0.0,,,,0,0,0,0,329183846,0,0,0,,0,0,0,0,0,0,0,,
268,13356886,Футболки,198745632,UrbanWear,UW-TSHIRT-001,Футболка мужская хлопок оверсайз,XXL,2037489561234,Продажа,Продажа,2025-09-10,2025-09-15,1,1890,1676.43,0,0,0,1890,0,0,11.3,15.0,12.5,1.2,20.12,7.87,36.88,2.2,компенсация платёжных услуг,64.87,12.97,1598.59,0,0,0.0,,,,0.0,0,,,ВТБ,SMR-010,"Самара, ул. Ленинградская, 56",,,Хоругвино,Россия,Микс,,0,,8505745633858,6jy5r1sppn74pf4io2xm43o8jocujvxh,0,,0.0,0.0,0.0,0.0,,,,0,0,0,0,681628162,0,0,0,,0,0,0,0,0,0,0,,
269,0,Футболки,198745632,UrbanWear,UW-TSHIRT-001,Футболка мужская хлопок оверсайз,L,2037489561234,,Логистика,,2025-09-15,0,0,0.0,0,0,0,0,0,0,0.0,0.0,0.0,0.0,0.0,0.0,0.0,0.0,,0.0,0.0,0.0,1,0,51.43,2025-09-01,2025-10-05,,0.0,0,к клиенту при продаже,,,,,,,Хоругвино,Россия,,,0,,2125811759566,6jy5r1sppn74pf4io2xm43o8jocujvxh,0,,0.0,0.0,0.0,1.09,,,,0,0,0,0,0,0,0,0,"FBW, (МГТ, паллеты)",0,0,0,0,0,0,0,,
270,46913810,Аксессуары,945018273,StyleUp,SU-BELT-LEATHER,Ремень кожаный классический,90,2719384650102,Продажа,Продажа,2025-09-11,2025-09-15,1,1290,1244.85,0,0,0,1290,0,0,3.5,14.0,11.67,8.17,101.7,7.24,29.38,2.36,компенсация платёжных услуг,138.32,27.66,1078.87,0,0,0.0,,,,0.0,0,,,Альфа-Банк,SPB-012,"Санкт-Петербург, Невский пр., 42",,,Электросталь,Россия,Микс,,0,,9088245452340,oapmlqs8lxsol15m9gqjanqs334kccnj,0,,0.0,0.0,0.0,0.0,,,,0,0,0,0,926609653,0,0,0,,0,0,0,0,0,0,0,,
271,0,Аксессуары,945018273,StyleUp,SU-BELT-LEATHER,Ремень кожаный классический,100,2719384650102,,Логистика,,2025-09-15,0,0,0.0,0,0,0,0,0,0,0.0,0.0,0.0,0.0,0.0,0.0,0.0,0.0,,0.0,0.0,0.0,1,0,76.21,2025-09-01,2025-10-05,,0.0,0,к клиенту при продаже,,,,,,,Электросталь,Россия,,,0,,0682954173065,oapmlqs8lxsol15m9gqjanqs334kccnj,0,,0.0,0.0,0.0,1.47,,,,0,0,0,0,0,0,0,0,"FBW, (МГТ, паллеты)",0,0,0,0,0,0,0,,
272,95822412,Футболки,198745632,UrbanWear,UW-TSHIRT-001,Футболка мужская хлопок оверсайз,L,2037489561234,Продажа,Продажа,2025-09-12,2025-09-15,1,1890,1723.68,0,0,0,1890,0,0,8.8,15.0,12.5,3.7,63.78,7.22,35.85,2.08,компенсация платёжных услуг,106.85,21.37,1595.46,0,0,0.0,,,,0.0,0,,,Сбербанк,KZN-003,"Казань, ул. Баумана, 8",,,Краснодар,Россия,Микс,,0,,0721888935915,ya1w3rr43ur4mfjhojalbh1nyks9urxi,0,,0.0,0.0,0.0,0.0,,,,0,0,0,0,806372967,0,0,0,,0,0,0,0,0,0,0,,
273,42868828,Куртки,734019285,NordWind,NW-JACKET-LITE,Куртка демисезонная мужская лёгкая,M,2510293847561,Продажа,Продажа,2025-09-11,2025-09-15,1,6490,6120.07,0,0,0,6490,0,0,5.7,13.0,10.83,5.13,313.96,7.87,124.24,2.03,компенсация платёжных услуг,446.07,89.21,5584.79,0,0,0.0,,,,0.0,0,,,Сбербанк,NNG-006,"Нижний Новгород, ул. Большая Покровская, 18",,,Краснодар,Россия,Моно,,0,,2133336504117,as04lx5z3jufxh8p0mtz1fpr7h4pzngv,0,,0.0,0.0,0.0,0.0,,,,0,0,0,0,680768018,0,0,0,,0,0,0,0,0,0,0,,
274,0,Куртки,734019285,NordWind,NW-JACKET-LITE,Куртка демисезонная мужская лёгкая,M,2510293847561,,Логистика,,2025-09-15,0,0,0.0,0,0,0,0,0,0,0.0,0.0,0.0,0.0,0.0,0.0,0.0,0.0,,0.0,0.0,0.0,1,0,94.29,2025-09-01,2025-10-05,,0.0,0,к клиенту при продаже,,,,,,,Краснодар,Россия,,,0,,9826508748876,as04lx5z3jufxh8p0mtz1fpr7h4pzngv,0,,0.0,0.0,0.0,1.24,,,,0,0,0,0,0,0,0,0,"FBS, (МГТ)",0,0,0,0,0,0,0,,
275,0,Носки,410293847,SockLab,SL-SOCK-PACK-5,Носки мужские набор 5 пар хлопок,29-31,2200198374650,,Логистика,,2025-09-15,0,0,0.0,0,0,0,0,0,0,0.0,0.0,0.0,0.0,0.0,0.0,0.0,0.0,,0.0,0.0,0.0,1,0,103.13,2025-09-01,2025-10-05,,0.0,0,к клиенту при продаже,,,,,,,Коледино,Россия,,,0,,7078080478580,9uzc2plhs95twbqhsmcrcun91wg3hjso,0,,0.0,0.0,0.0,1.17,,,,0,0,0,0,0,0,0,0,"FBW, (МГТ, паллеты)",0,0,0,0,0,0,0,,
276,24942603,Джинсы,276583410,DenimPro,DP-JEANS-MOM-01,Джинсы женские mom fit голубые,28,2098374651001,Продажа,Продажа,2025-09-13,2025-09-15,1,3490,3343.42,0,0,0,3490,0,0,4.2,14.0,11.67,7.47,249.75,4.97,76.23,2.28,компенсация платёжных услуг,330.95,66.19,2946.28,0,0,0.0,,,,0.0,0,,,Альфа-Банк,RND-004,"Ростов-на-Дону, пр. Будённовский, 21",,,Электросталь,Россия,Микс,,0,,3764482060999,c908t6rwarqcfk3ekwh1mq46pl5nbti1,0,,0.0,0.0,0.0,0.0,,,,0,0,0,0,757495663,0,0,0,,0,0,0,0,0,0,0,,
277,95822412,Худи,198745700,UrbanWear,UW-HOODIE-BLK,Худи унисекс оверсайз чёрное,M,2037489561300,Продажа,Продажа,2025-09-12,2025-09-15,1,2990,2670.07,0,0,0,2990,0,0,10.7,15.0,12.5,1.8,48.06,5.11,44.86,1.68,компенсация платёжных услуг,98.03,19.61,2552.43,0,0,0.0,,,,0.0,0,,,Тинькофф Банк,MSK-001,"Москва, ул. Ленина, 15",,,Коледино,Россия,Микс,,0,,1097781252516,b8pmx76al3g0d2aoblj0ua9o6h0feeb9,0,,0.0,0.0,0.0,0.0,,,,0,0,0,0,499902513,0,0,0,,0,0,0,0,0,0,0,,
278,46913810,Худи,198745700,UrbanWear,UW-HOODIE-BLK,Худи унисекс оверсайз чёрное,M,2037489561300,Продажа,Продажа,2025-09-10,2025-09-15,1,2990,2888.34,0,0,0,2990,0,0,3.4,15.0,12.5,9.1,262.84,2.0,47.66,1.65,компенсация платёжных услуг,312.5,62.5,2513.34,0,0,0.0,,,,0.0,0,,,Тинькофф Банк,VRN-008,"Воронеж, ул. Плехановская, 22",,,Коледино,Россия,Микс,,0,,0231195200754,bk97ei9nx85j2s2da89otcj81rtaogze,0,,0.0,0.0,0.0,0.0,,,,0,0,0,0,266454885,0,0,0,,0,0,0,0,0,0,0,,
279,0,Худи,198745700,UrbanWear,UW-HOODIE-BLK,Худи унисекс оверсайз чёрное,S,2037489561300,,Логистика,,2025-09-15,0,0,0.0,0,0,0,0,0,0,0.0,0.0,0.0,0.0,0.0,0.0,0.0,0.0,,0.0,0.0,0.0,1,0,58.25,2025-09-01,2025-10-05,,0.0,0,к клиенту при продаже,,,,,,,Коледино,Россия,,,0,,9308719991659,bk97ei9nx85j2s2da89otcj81rtaogze,0,,0.0,0.0,0.0,1.42,,,,0,0,0,0,0,0,0,0,"FBW, (МГТ, короба)",0,0,0,0,0,0,0,,
280,13356886,Футболки,198745632,UrbanWear,UW-TSHIRT-001,Футболка мужская хлопок оверсайз,XXL,2037489561234,Продажа,Продажа,2025-09-11,2025-09-15,1,1890,1725.57,0,0,0,1890,0,0,8.7,15.0,12.5,3.8,65.57,7.48,29.68,1.72,компенсация платёжных услуг,102.73,20.55,1602.29,0,0,0.0,,,,0.0,0,,,ВТБ,EKB-007,"Екатеринбург, ул. Малышева, 33",,,Белая Дача,Россия,Микс,,0,,4969625760869,zx8ub1sb7ac6dk57icl12s67jqoq0wtg,0,,0.0,0.0,0.0,0.0,,,,0,0,0,0,911758204,0,0,0,,0,0,0,0,0,0,0,,
281,46913810,Куртки,734019285,NordWind,NW-JACKET-LITE,Куртка демисезонная мужская лёгкая,M,2510293847561,Продажа,Продажа,2025-09-10,2025-09-15,1,6490,5925.37,0,0,0,6490,0,0,8.7,13.0,10.83,2.13,126.21,7.82,114.36,1.93,компенсация платёжных услуг,248.39,49.68,5627.3,0,0,0.0,,,,0.0,0,,,ВТБ,RND-004,"Ростов-на-Дону, пр. Будённовский, 21",,,Краснодар,Россия,Моно,,0,,3667005586406,mvaq93fa2m2h0cnwq21knpkia0w8myzd,0,,0.0,0.0,0.0,0.0,,,,0,0,0,0,465052178,0,0,0,,0,0,0,0,0,0,0,,
282,95822412,Футболки,198745632,UrbanWear,UW-TSHIRT-001,Футболка мужская хлопок оверсайз,S,2037489561234,Продажа,Продажа,2025-09-11,2025-09-15,1,1890,1814.4,0,0,0,1890,0,0,4.0,15.0,12.5,8.5,154.22,5.37,27.4,1.51,компенсация платёжных услуг,186.99,37.4,1590.01,0,0,0.0,,,,0.0,0,,,ВТБ,VRN-008,"Воронеж, ул. Плехановская, 22",,,Коледино,Россия,Микс,,0,,2184209087646,kdm6z6xtb80u10kwccimnschlsxjxrqm,0,,0.0,0.0,0.0,0.0,,,,0,0,0,0,441193441,0,0,0,,0,0,0,0,0,0,0,,
283,24942603,Футболки,198745632,UrbanWear,UW-TSHIRT-001,Футболка мужская хлопок оверсайз,XXL,2037489561234,Возврат,Возврат,2025-09-12,2025-09-15,1,1890,1740.69,0,0,0,1890,0,0,7.9,15.0,12.5,4.6,-80.07,-1.46,-33.77,1.94,компенсация платёжных услуг,-115.3,-23.06,-1602.33,0,0,0.0,,,,0.0,0,,,,SPB-012,"Санкт-Петербург, Невский пр., 42",,,Коледино,Россия,,,0,,8389169390597,txdxnada1k3re8hcx09lpxhv163dc0vs,0,,0.0,0.0,0.0,0.0,,,,0,0,0,0,0,0,0,0,,0,0,0,0,0,0,0,,
284,0,Футболки,198745632,UrbanWear,UW-TSHIRT-001,Футболка мужская хлопок оверсайз,M,2037489561234,,Логистика,,2025-09-15,0,0,0.0,0,0,0,0,0,0,0.0,0.0,0.0,0.0,0.0,0.0,0.0,0.0,,0.0,0.0,0.0,0,1,90.0,2025-09-01,2025-10-05,,0.0,0,от клиента при возврате,,,,,,,Коледино,Россия,,,0,,0224424190709,txdxnada1k3re8hcx09lpxhv163dc0vs,0,,0.0,0.0,0.0,0.84,,,,0,0,0,0,0,0,0,0,"FBS, (МГТ)",0,0,0,0,0,0,0,,
285,42868828,Платья,645098231,LaDonna,LD-DRESS-MIDI,Платье миди с цветочным принтом,S,2409182736450,Возврат,Возврат,2025-09-11,2025-09-15,1,3290,3069.57,0,0,0,3290,0,0,6.7,15.0,12.5,5.8,-178.04,-3.86,-72.44,2.36,компенсация платёжных услуг,-254.34,-50.87,-2764.36,0,0,0.0,,,,0.0,0,,,,MSK-001,"Москва, ул. Ленина, 15",,,Белая Дача,Россия,,,0,,4448548158294,m91kqzjqamzc39bmth2i5p7vwkfu90fp,0,,0.0,0.0,0.0,0.0,,,,0,0,0,0,0,0,0,0,,0,0,0,0,0,0,0,,
286,0,Платья,645098231,LaDonna,LD-DRESS-MIDI,Платье миди с цветочным принтом,XS,2409182736450,,Логистика,,2025-09-15,0,0,0.0,0,0,0,0,0,0,0.0,0.0,0.0,0.0,0.0,0.0,0.0,0.0,,0.0,0.0,0.0,0,1,82.08,2025-09-01,2025-10-05,,0.0,0,от клиента при возврате,,,,,,,Белая Дача,Россия,,,0,,0687191144560,m91kqzjqamzc39bmth2i5p7vwkfu90fp,0,,0.0,0.0,0.0,1.27,,,,0,0,0,0,0,0,0,0,"FBW, (МГТ, паллеты)",0,0,0,0,0,0,0,,
287,95822412,Платья,645098231,LaDonna,LD-DRESS-MIDI,Платье миди с цветочным принтом,M,2409182736450,Возврат,Возврат,2025-09-07,2025-09-15,1,3290,3043.25,0,0,0,3290,0,0,7.5,15.0,12.5,5.0,-152.16,-6.84,-66.04,2.17,компенсация платёжных услуг,-225.04,-45.01,-2773.2,0,0,0.0,,,,0.0,0,,,,SMR-010,"Самара, ул. Ленинградская, 56",,,Коледино,Россия,,,0,,4583564185961,8xq41wjx3xyrg7qsodmx0rdt5nhxf4t8,0,,0.0,0.0,0.0,0.0,,,,0,0,0,0,0,0,0,0,,0,0,0,0,0,0,0,,
288,0,Платья,645098231,LaDonna,LD-DRESS-MIDI,Платье миди с цветочным принтом,M,2409182736450,,Логистика,,2025-09-15,0,0,0.0,0,0,0,0,0,0,0.0,0.0,0.0,0.0,0.0,0.0,0.0,0.0,,0.0,0.0,0.0,0,1,55.47,2025-09-01,2025-10-05,,0.0,0,от клиента при возврате,,,,,,,Коледино,Россия,,,0,,4342894729648,8xq41wjx3xyrg7qsodmx0rdt5nhxf4t8,0,,0.0,0.0,0.0,0.92,,,,0,0,0,0,0,0,0,0,"FBW, (МГТ, короба)",0,0,0,0,0,0,0,,
289,13356886,Белье,867293041,ComfortZone,CZ-BRA-SPORT-01,Бюстгальтер спортивный бесшовный,L,2618293740156,Возврат,Возврат,2025-09-06,2025-09-15,1,890,857.96,0,0,0,890,0,0,3.6,16.0,13.33,9.73,-83.48,-6.24,-16.04,1.87,компенсация платёжных услуг,-105.76,-21.15,-731.05,0,0,0.0,,,,0.0,0,,,,EKB-007,"Екатеринбург, ул. Малышева, 33",,,Казань,Россия,,,0,,4631493635444,uzu9sh7n1bqg3dcmyxbd07q2jbtzgtld,0,,0.0,0.0,0.0,0.0,,,,0,0,0,0,0,0,0,0,,0,0,0,0,0,0,0,,
290,0,Белье,867293041,ComfortZone,CZ-BRA-SPORT-01,Бюстгальтер спортивный бесшовный,S,2618293740156,,Логистика,,2025-09-15,0,0,0.0,0,0,0,0,0,0,0.0,0.0,0.0,0.0,0.0,0.0,0.0,0.0,,0.0,0.0,0.0,0,1,50.63,2025-09-01,2025-10-05,,0.0,0,от клиента при возврате,,,,,,,Казань,Россия,,,0,,9231102048169,uzu9sh7n1bqg3dcmyxbd07q2jbtzgtld,0,,0.0,0.0,0.0,1.18,,,,0,0,0,0,0,0,0,0,"FBW, (МГТ, паллеты)",0,0,0,0,0,0,0,,
291,42868828,Кроссовки,312094876,StepMax,SM-SNKR-CSL-38,Кроссовки повседневные женские StepMax Lite,38,2145098763211,Возврат,Возврат,2025-09-12,2025-09-15,1,4990,4635.71,0,0,0,4990,0,0,7.1,13.5,11.25,4.15,-192.38,-5.44,-102.45,2.21,компенсация платёжных услуг,-300.27,-60.05,-4275.39,0,0,0.0,,,,0.0,0,,,,SMR-010,"Самара, ул. Ленинградская, 56",,,Краснодар,Россия,,,0,,9376090400440,f4vh9t13g4wani24rmju1ze50k61ftgu,0,,0.0,0.0,0.0,0.0,,,,0,0,0,0,0,0,0,0,,0,0,0,0,0,0,0,,
292,0,Кроссовки,312094876,StepMax,SM-SNKR-CSL-38,Кроссовки повседневные женские StepMax Lite,39,2145098763211,,Логистика,,2025-09-15,0,0,0.0,0,0,0,0,0,0,0.0,0.0,0.0,0.0,0.0,0.0,0.0,0.0,,0.0,0.0,0.0,0,1,88.85,2025-09-01,2025-10-05,,0.0,0,от клиента при возврате,,,,,,,Краснодар,Россия,,,0,,0035265323274,f4vh9t13g4wani24rmju1ze50k61ftgu,0,,0.0,0.0,0.0,0.98,,,,0,0,0,0,0,0,0,0,"FBS, (МГТ)",0,0,0,0,0,0,0,,
293,24942603,Рюкзаки,523098174,CarryOn,CO-BKPK-URBAN,Рюкзак городской с USB портом,0,2301847562009,Возврат,Возврат,2025-09-07,2025-09-15,1,2490,2298.27,0,0,0,2490,0,0,7.7,14.5,12.08,4.38,-100.66,-1.32,-54.01,2.35,компенсация платёжных услуг,-155.99,-31.2,-2111.08,0,0,0.0,,,,0.0,0,,,,KZN-003,"Казань, ул. Баумана, 8",,,Казань,Россия,,,0,,1215885875551,un8fitozabdjqvioc0tsdwan0ur99yae,0,,0.0,0.0,0.0,0.0,,,,0,0,0,0,0,0,0,0,,0,0,0,0,0,0,0,,
294,0,Рюкзаки,523098174,CarryOn,CO-BKPK-URBAN,Рюкзак городской с USB портом,0,2301847562009,,Логистика,,2025-09-15,0,0,0.0,0,0,0,0,0,0,0.0,0.0,0.0,0.0,0.0,0.0,0.0,0.0,,0.0,0.0,0.0,0,1,192.55,2025-09-01,2025-10-05,,0.0,0,от клиента при возврате,,,,,,,Казань,Россия,,,0,,0886069948461,un8fitozabdjqvioc0tsdwan0ur99yae,0,,0.0,0.0,0.0,1.44,,,,0,0,0,0,0,0,0,0,"FBW, (МГТ, паллеты)",0,0,0,0,0,0,0,,
295,13356886,Худи,198745700,UrbanWear,UW-HOODIE-BLK,Худи унисекс оверсайз чёрное,S,2037489561300,Возврат,Возврат,2025-09-11,2025-09-15,1,2990,2768.74,0,0,0,2990,0,0,7.4,15.0,12.5,5.1,-141.21,-2.45,-49.28,1.78,компенсация платёжных услуг,-192.94,-38.59,-2537.21,0,0,0.0,,,,0.0,0,,,,RND-004,"Ростов-на-Дону, пр. Будённовский, 21",,,Казань,Россия,,,0,,3254577083459,a2q7lkbvxsmxvqcgh8a7b1bb61pdbhf3,0,,0.0,0.0,0.0,0.0,,,,0,0,0,0,0,0,0,0,,0,0,0,0,0,0,0,,
296,0,Худи,198745700,UrbanWear,UW-HOODIE-BLK,Худи унисекс оверсайз чёрное,L,2037489561300,,Логистика,,2025-09-15,0,0,0.0,0,0,0,0,0,0,0.0,0.0,0.0,0.0,0.0,0.0,0.0,0.0,,0.0,0.0,0.0,0,1,90.22,2025-09-01,2025-10-05,,0.0,0,от клиента при возврате,,,,,,,Казань,Россия,,,0,,9751450971065,a2q7lkbvxsmxvqcgh8a7b1bb61pdbhf3,0,,0.0,0.0,0.0,1.26,,,,0,0,0,0,0,0,0,0,"FBW, (МГТ, паллеты)",0,0,0,0,0,0,0,,
297,46913810,Платья,645098231,LaDonna,LD-DRESS-MIDI,Платье миди с цветочным принтом,M,2409182736450,Возврат,Возврат,2025-09-07,2025-09-15,1,3290,2974.16,0,0,0,3290,0,0,9.6,15.0,12.5,2.9,-86.25,-7.25,-46.99,1.58,компенсация платёжных услуг,-140.49,-28.1,-2805.57,0,0,0.0,,,,0.0,0,,,,NSK-005,"Новосибирск, ул. Красный пр., 65",,,Краснодар,Россия,,,0,,4363492759629,wqmkqi028h1v8svwudj9vhqcnjbps0qc,0,,0.0,0.0,0.0,0.0,,,,0,0,0,0,0,0,0,0,,0,0,0,0,0,0,0,,
298,0,Платья,645098231,LaDonna,LD-DRESS-MIDI,Платье миди с цветочным принтом,M,2409182736450,,Логистика,,2025-09-15,0,0,0.0,0,0,0,0,0,0,0.0,0.0,0.0,0.0,0.0,0.0,0.0,0.0,,0.0,0.0,0.0,0,1,41.3,2025-09-01,2025-10-05,,0.0,0,от клиента при возврате,,,,,,,Краснодар,Россия,,,0,,4727742604517,wqmkqi028h1v8svwudj9vhqcnjbps0qc,0,,0.0,0.0,0.0,0.82,,,,0,0,0,0,0,0,0,0,"FBW, (МГТ, паллеты)",0,0,0,0,0,0,0,,
299,0,Джинсы,276583410,DenimPro,DP-JEANS-MOM-01,Джинсы женские mom fit голубые,28,2098374651001,,Логистика,,2025-09-15,0,0,0.0,0,0,0,0,0,0,0.0,0.0,0.0,0.0,0.0,0.0,0.0,0.0,,0.0,0.0,0.0,1,0,86.7,2025-09-01,2025-10-05,,0.0,0,к клиенту при отмене,,,,,,,Казань,Россия,,,0,,0133588311725,bi8bnq49dmxs03dsw1s6mopz24heskjw,0,,0.0,0.0,0.0,1.07,,,,0,0,0,0,0,0,0,0,"FBW, (МГТ, короба)",0,0,0,0,0,0,0,,
300,0,Джинсы,276583410,DenimPro,DP-JEANS-MOM-01,Джинсы женские mom fit голубые,28,2098374651001,,Логистика,,2025-09-15,0,0,0.0,0,0,0,0,0,0,0.0,0.0,0.0,0.0,0.0,0.0,0.0,0.0,,0.0,0.0,0.0,1,0,96.23,2025-09-01,2025-10-05,,0.0,0,к клиенту при отмене,,,,,,,Хоругвино,Россия,,,0,,9308096627120,l9v2qji47jwu7sa7idi09kgw8c4ag1qi,0,,0.0,0.0,0.0,1.19,,,,0,0,0,0,0,0,0,0,"FBW, (МГТ, паллеты)",0,0,0,0,0,0,0,,
301,0,Кроссовки,312094876,StepMax,SM-SNKR-CSL-38,Кроссовки повседневные женские StepMax Lite,37,2145098763211,,Логистика,,2025-09-15,0,0,0.0,0,0,0,0,0,0,0.0,0.0,0.0,0.0,0.0,0.0,0.0,0.0,,0.0,0.0,0.0,1,0,149.29,2025-09-01,2025-10-05,,0.0,0,к клиенту при отмене,,,,,,,Белая Дача,Россия,,,0,,6918188891825,ce91tefo1s93enwwz3fo1ypislwvoqj4,0,,0.0,0.0,0.0,0.85,,,,0,0,0,0,0,0,0,0,"FBS, (МГТ)",0,0,0,0,0,0,0,,
302,0,Футболки,198745633,UrbanWear,UW-TSHIRT-002,Футболка женская приталенная,XS,2037489561235,,Логистика,,2025-09-15,0,0,0.0,0,0,0,0,0,0,0.0,0.0,0.0,0.0,0.0,0.0,0.0,0.0,,0.0,0.0,0.0,1,0,109.7,2025-09-01,2025-10-05,,0.0,0,к клиенту при отмене,,,,,,,Коледино,Россия,,,0,,4843573282229,swy1ze5hbhaqelfxizgjf3j9lhepu4u5,0,,0.0,0.0,0.0,1.3,,,,0,0,0,0,0,0,0,0,"FBW, (МГТ, короба)",0,0,0,0,0,0,0,,
303,0,Белье,867293041,ComfortZone,CZ-BRA-SPORT-01,Бюстгальтер спортивный бесшовный,L,2618293740156,,Логистика,,2025-09-15,0,0,0.0,0,0,0,0,0,0,0.0,0.0,0.0,0.0,0.0,0.0,0.0,0.0,,0.0,0.0,0.0,1,0,47.02,2025-09-01,2025-10-05,,0.0,0,к клиенту при отмене,,,,,,,Краснодар,Россия,,,0,,9895907869172,3ev6nz81xn5b0molrv4dgqvtaklof5l5,0,,0.0,0.0,0.0,1.07,,,,0,0,0,0,0,0,0,0,"FBS, (МГТ)",0,0,0,0,0,0,0,,
304,0,Сумки,523098175,CarryOn,CO-BAG-TOTE-01,Сумка-тоут женская эко-кожа,0,2301847562010,,Логистика,,2025-09-15,0,0,0.0,0,0,0,0,0,0,0.0,0.0,0.0,0.0,0.0,0.0,0.0,0.0,,0.0,0.0,0.0,1,0,116.8,2025-09-01,2025-10-05,,0.0,0,к клиенту при отмене,,,,,,,Белая Дача,Россия,,,0,,9592735184058,2ve4irf7bcu5sxqkqbkurt6267cgfx30,0,,0.0,0.0,0.0,1.49,,,,0,0,0,0,0,0,0,0,"FBW, (МГТ, короба)",0,0,0,0,0,0,0,,
305,0,Аксессуары,945018273,StyleUp,SU-BELT-LEATHER,Ремень кожаный классический,100,2719384650102,,Логистика,,2025-09-15,0,0,0.0,0,0,0,0,0,0,0.0,0.0,0.0,0.0,0.0,0.0,0.0,0.0,,0.0,0.0,0.0,1,0,40.69,2025-09-01,2025-10-05,,0.0,0,к клиенту при отмене,,,,,,,Тула,Россия,,,0,,8584787107292,258jy6vy0v3cmuexbx0hj7t5bfxpfw8x,0,,0.0,0.0,0.0,1.4,,,,0,0,0,0,0,0,0,0,"FBW, (МГТ, паллеты)",0,0,0,0,0,0,0,,
306,0,,0,,,,0,,,Хранение,,2025-09-15,0,0,0.0,0,0,0,0,0,0,0.0,0.0,0.0,0.0,0.0,0.0,0.0,0.0,,0.0,0.0,0.0,0,0,0.0,,,,0.0,0,Хранение,,,,,,,,,,,0,,,bjhtzqceq0yet337az2b0fmkov2y9269,0,,2013.52,0.0,0.0,0.0,,,,0,0,0,0,0,0,0,0,,0,0,0,0,0,0,0,,
307,0,,0,,,,0,,,Удержания,,2025-09-15,0,0,0.0,0,0,0,0,0,0,0.0,0.0,0.0,0.0,0.0,0.0,0.0,0.0,,0.0,0.0,0.0,0,0,0.0,,,,0.0,0,Минимальный платёж Конструктор тарифов,,,,,,,,,,,0,,,27kkz4gzw6iz1256hhgtqmor9eh7oljq,0,,0.0,4394.99,0.0,0.0,,,,0,0,0,0,0,0,0,0,,0,0,0,0,0,0,0,,
308,0,,0,,,,0,,,Удержания,,2025-09-15,0,0,0.0,0,0,0,0,0,0,0.0,0.0,0.0,0.0,0.0,0.0,0.0,0.0,,0.0,0.0,0.0,0,0,0.0,,,,0.0,0,WB Продвижение — автокампания,,,,,,,,,,,0,,,vrua7bl11cpgw9ce0x6m8npiwzb9131b,0,,0.0,2344.39,0.0,0.0,,,,0,0,0,0,0,0,0,0,,0,0,0,0,0,0,0,,
309,0,Кроссовки,312094876,StepMax,SM-SNKR-CSL-38,Кроссовки повседневные женские StepMax Lite,38,2145098763211,Продажа,Компенсация ущерба,,2025-09-15,1,0,0.0,0,0,0,0,0,0,0.0,0.0,0.0,0.0,0.0,0.0,0.0,0.0,,0.0,0.0,3462.58,0,0,0.0,,,,0.0,0,,,,,,,,Электросталь,Россия,,,0,,5459056081522,gdmbiqath5pkp6vcrjjp6e0ccg3b103o,0,,0.0,0.0,0.0,0.0,,,,0,0,0,0,0,0,0,0,,0,0,0,0,0,0,0,,
310,0,Джинсы,276583411,DenimPro,DP-JEANS-SLIM-02,Джинсы мужские slim тёмно-синие,31,2098374651002,,Логистика,,2025-09-16,0,0,0.0,0,0,0,0,0,0,0.0,0.0,0.0,0.0,0.0,0.0,0.0,0.0,,0.0,0.0,0.0,1,0,119.16,2025-09-01,2025-10-05,,0.0,0,к клиенту при продаже,,,,,,,Электросталь,Россия,,,0,,6872032298363,vbdivuzzpqk51fpkh1dnmmjbqe7ckw5n,0,,0.0,0.0,0.0,1.25,,,,0,0,0,0,0,0,0,0,"FBS, (МГТ)",0,0,0,0,0,0,0,,
311,0,Куртки,734019285,NordWind,NW-JACKET-LITE,Куртка демисезонная мужская лёгкая,L,2510293847561,,Логистика,,2025-09-16,0,0,0.0,0,0,0,0,0,0,0.0,0.0,0.0,0.0,0.0,0.0,0.0,0.0,,0.0,0.0,0.0,1,0,83.31,2025-09-01,2025-10-05,,0.0,0,к клиенту при продаже,,,,,,,Хоругвино,Россия,,,0,,5905374918104,ac56t4ufel6246hid25owf75935a0l72,0,,0.0,0.0,0.0,1.41,,,,0,0,0,0,0,0,0,0,"FBW, (МГТ, паллеты)",0,0,0,0,0,0,0,,
312,0,Белье,867293041,ComfortZone,CZ-BRA-SPORT-01,Бюстгальтер спортивный бесшовный,S,2618293740156,,Логистика,,2025-09-16,0,0,0.0,0,0,0,0,0,0,0.0,0.0,0.0,0.0,0.0,0.0,0.0,0.0,,0.0,0.0,0.0,1,0,74.29,2025-09-01,2025-10-05,,0.0,0,к клиенту при продаже,,,,,,,Хоругвино,Россия,,,0,,2343829484709,jiw1swjckjlteiyzcotohp6vz41nam14,0,,0.0,0.0,0.0,1.41,,,,0,0,0,0,0,0,0,0,"FBW, (МГТ, короба)",0,0,0,0,0,0,0,,
313,13356886,Джинсы,276583410,DenimPro,DP-JEANS-MOM-01,Джинсы женские mom fit голубые,29,2098374651001,Продажа,Продажа,2025-09-12,2025-09-16,1,3490,3235.23,0,0,0,3490,0,0,7.3,14.0,11.67,4.37,141.38,4.18,68.26,2.11,компенсация платёжных услуг,213.82,42.76,2978.65,0,0,0.0,,,,0.0,0,,,Сбербанк,SPB-012,"Санкт-Петербург, Невский пр., 42",,,Коледино,Россия,Моно,,0,,4848373329640,lgb0s0r2sds8b25sq8croyr6ccvcjwtl,0,,0.0,0.0,0.0,0.0,,,,0,0,0,0,802992685,0,0,0,,0,0,0,0,0,0,0,,
314,0,Джинсы,276583410,DenimPro,DP-JEANS-MOM-01,Джинсы женские mom fit голубые,27,2098374651001,,Логистика,,2025-09-16,0,0,0.0,0,0,0,0,0,0,0.0,0.0,0.0,0.0,0.0,0.0,0.0,0.0,,0.0,0.0,0.0,1,0,47.46,2025-09-01,2025-10-05,,0.0,0,к клиенту при продаже,,,,,,,Коледино,Россия,,,0,,8555313678796,lgb0s0r2sds8b25sq8croyr6ccvcjwtl,0,,0.0,0.0,0.0,0.87,,,,0,0,0,0,0,0,0,0,"FBS, (МГТ)",0,0,0,0,0,0,0,,
315,24942603,Рюкзаки,523098174,CarryOn,CO-BKPK-URBAN,Рюкзак городской с USB портом,0,2301847562009,Продажа,Продажа,2025-09-13,2025-09-16,1,2490,2427.75,0,0,0,2490,0,0,2.5,14.5,12.08,9.58,232.58,3.89,53.9,2.22,компенсация платёжных услуг,290.37,58.07,2079.31,0,0,0.0,,,,0.0,0,,,Сбербанк,KZN-003,"Казань, ул. Баумана, 8",,,Краснодар,Россия,Моно,,0,,4984193690557,zyrru7zkut6om1fb8c7x0h3jujd0ib6i,0,,0.0,0.0,0.0,0.0,,,,0,0,0,0,105563528,0,0,0,,0,0,0,0,0,0,0,,
316,0,Рюкзаки,523098174,CarryOn,CO-BKPK-URBAN,Рюкзак городской с USB портом,0,2301847562009,,Логистика,,2025-09-16,0,0,0.0,0,0,0,0,0,0,0.0,0.0,0.0,0.0,0.0,0.0,0.0,0.0,,0.0,0.0,0.0,1,0,101.01,2025-09-01,2025-10-05,,0.0,0,к клиенту при продаже,,,,,,,Краснодар,Россия,,,0,,9349998051929,zyrru7zkut6om1fb8c7x0h3jujd0ib6i,0,,0.0,0.0,0.0,1.42,,,,0,0,0,0,0,0,0,0,"FBW, (МГТ, короба)",0,0,0,0,0,0,0,,
317,0,Рюкзаки,523098174,CarryOn,CO-BKPK-URBAN,Рюкзак городской с USB портом,0,2301847562009,,Логистика,,2025-09-16,0,0,0.0,0,0,0,0,0,0,0.0,0.0,0.0,0.0,0.0,0.0,0.0,0.0,,0.0,0.0,0.0,1,0,184.78,2025-09-01,2025-10-05,,0.0,0,к клиенту при продаже,,,,,,,Хоругвино,Россия,,,0,,0505551351250,j3l0xzamkygvwoplod9r7anqjluujmiy,0,,0.0,0.0,0.0,0.86,,,,0,0,0,0,0,0,0,0,"FBW, (МГТ, паллеты)",0,0,0,0,0,0,0,,
318,95822412,Рюкзаки,523098174,CarryOn,CO-BKPK-URBAN,Рюкзак городской с USB портом,0,2301847562009,Продажа,Продажа,2025-09-15,2025-09-16,1,2490,2410.32,0,0,0,2490,0,0,3.2,14.5,12.08,8.88,214.04,7.95,45.56,1.89,компенсация платёжных услуг,267.55,53.51,2089.26,0,0,0.0,,,,0.0,0,,,Тинькофф Банк,EKB-007,"Екатеринбург, ул. Малышева, 33",,,Хоругвино,Россия,Моно,,0,,7947432411870,sqcq30o30ubmc97c7bo119xp9n56nyxt,0,,0.0,0.0,0.0,0.0,,,,0,0,0,0,996382881,0,0,0,,0,0,0,0,0,0,0,,
319,46913810,Аксессуары,945018273,StyleUp,SU-BELT-LEATHER,Ремень кожаный классический,90,2719384650102,Продажа,Продажа,2025-09-11,2025-09-16,1,1290,1197.12,0,0,0,1290,0,0,7.2,14.0,11.67,4.47,53.51,6.87,18.79,1.57,компенсация платёжных услуг,79.17,15.83,1102.12,0,0,0.0,,,,0.0,0,,,Сбербанк,MSK-001,"Москва, ул. Ленина, 15",,,Хоругвино,Россия,Моно,,0,,8270536664405,q46nouhfj7upfln4rxyj38xrg2gzr7tx,0,,0.0,0.0,0.0,0.0,,,,0,0,0,0,542802779,0,0,0,,0,0,0,0,0,0,0,,
320,0,Аксессуары,945018273,StyleUp,SU-BELT-LEATHER,Ремень кожаный классический,110,2719384650102,,Логистика,,2025-09-16,0,0,0.0,0,0,0,0,0,0,0.0,0.0,0.0,0.0,0.0,0.0,0.0,0.0,,0.0,0.0,0.0,1,0,41.34,2025-09-01,2025-10-05,,0.0,0,к клиенту при продаже,,,,,,,Хоругвино,Россия,,,0,,0868910115823,q46nouhfj7upfln4rxyj38xrg2gzr7tx,0,,0.0,0.0,0.0,1.31,,,,0,0,0,0,0,0,0,0,"FBS, (МГТ)",0,0,0,0,0,0,0,,
321,0,Футболки,198745633,UrbanWear,UW-TSHIRT-002,Футболка женская приталенная,XS,2037489561235,,Логистика,,2025-09-16,0,0,0.0,0,0,0,0,0,0,0.0,0.0,0.0,0.0,0.0,0.0,0.0,0.0,,0.0,0.0,0.0,1,0,48.36,2025-09-01,2025-10-05,,0.0,0,к клиенту при продаже,,,,,,,Казань,Россия,,,0,,8733753074007,yt8qzpky32orwixz2c9ros7yt2m6twd1,0,,0.0,0.0,0.0,1.09,,,,0,0,0,0,0,0,0,0,"FBW, (МГТ, короба)",0,0,0,0,0,0,0,,
322,42868828,Сумки,523098175,CarryOn,CO-BAG-TOTE-01,Сумка-тоут женская эко-кожа,0,2301847562010,Продажа,Продажа,2025-09-15,2025-09-16,1,1990,1948.21,0,0,0,1990,0,0,2.1,14.5,12.08,9.98,194.43,7.54,39.16,2.01,компенсация платёжных услуг,241.13,48.23,1658.85,0,0,0.0,,,,0.0,0,,,ВТБ,NNG-006,"Нижний Новгород, ул. Большая Покровская, 18",,,Хоругвино,Россия,Моно,,0,,7332553804504,w2w5506rr5pcxa5s00i85sywp0rxxf36,0,,0.0,0.0,0.0,0.0,,,,0,0,0,0,277601056,0,0,0,,0,0,0,0,0,0,0,,
323,24942603,Платья,645098231,LaDonna,LD-DRESS-MIDI,Платье миди с цветочным принтом,S,2409182736450,Продажа,Продажа,2025-09-12,2025-09-16,1,3290,2977.45,0,0,0,3290,0,0,9.5,15.0,12.5,3.0,89.32,1.23,68.78,2.31,компенсация платёжных услуг,159.33,31.87,2786.25,0,0,0.0,,,,0.0,0,,,Сбербанк,SMR-010,"Самара, ул. Ленинградская, 56",,,Казань,Россия,Моно,,0,,7527726939935,zy7ez9gtwz1uu7zy6t5padnbcj29yfc2,0,,0.0,0.0,0.0,0.0,,,,0,0,0,0,825340529,0,0,0,,0,0,0,0,0,0,0,,
324,0,Платья,645098231,LaDonna,LD-DRESS-MIDI,Платье миди с цветочным принтом,S,2409182736450,,Логистика,,2025-09-16,0,0,0.0,0,0,0,0,0,0,0.0,0.0,0.0,0.0,0.0,0.0,0.0,0.0,,0.0,0.0,0.0,1,0,99.49,2025-09-01,2025-10-05,,0.0,0,к клиенту при продаже,,,,,,,Казань,Россия,,,0,,9767567921611,zy7ez9gtwz1uu7zy6t5padnbcj29yfc2,0,,0.0,0.0,0.0,0.94,,,,0,0,0,0,0,0,0,0,"FBW, (МГТ, паллеты)",0,0,0,0,0,0,0,,
325,0,Носки,410293847,SockLab,SL-SOCK-PACK-5,Носки мужские набор 5 пар хлопок,25-27,2200198374650,,Логистика,,2025-09-16,0,0,0.0,0,0,0,0,0,0,0.0,0.0,0.0,0.0,0.0,0.0,0.0,0.0,,0.0,0.0,0.0,1,0,84.97,2025-09-01,2025-10-05,,0.0,0,к клиенту при продаже,,,,,,,Электросталь,Россия,,,0,,6084643359201,hub2rtsoyg9zqyahulwjtiqwnrhzn4kg,0,,0.0,0.0,0.0,1.2,,,,0,0,0,0,0,0,0,0,"FBW, (МГТ, паллеты)",0,0,0,0,0,0,0,,
326,0,Худи,198745700,UrbanWear,UW-HOODIE-BLK,Худи унисекс оверсайз чёрное,M,2037489561300,,Логистика,,2025-09-16,0,0,0.0,0,0,0,0,0,0,0.0,0.0,0.0,0.0,0.0,0.0,0.0,0.0,,0.0,0.0,0.0,1,0,89.85,2025-09-01,2025-10-05,,0.0,0,к клиенту при продаже,,,,,,,Белая Дача,Россия,,,0,,6170726182383,xva1nkbtfshb0oqvshkoecubods1eeur,0,,0.0,0.0,0.0,1.11,,,,0,0,0,0,0,0,0,0,"FBW, (МГТ, короба)",0,0,0,0,0,0,0,,
327,0,Носки,410293847,SockLab,SL-SOCK-PACK-5,Носки мужские набор 5 пар хлопок,29-31,2200198374650,,Логистика,,2025-09-16,0,0,0.0,0,0,0,0,0,0,0.0,0.0,0.0,0.0,0.0,0.0,0.0,0.0,,0.0,0.0,0.0,1,0,110.29,2025-09-01,2025-10-05,,0.0,0,к клиенту при продаже,,,,,,,Коледино,Россия,,,0,,9233175686454,thsjr0fzauxbgk2wbxanj4x5a5xin9dl,0,,0.0,0.0,0.0,1.42,,,,0,0,0,0,0,0,0,0,"FBW, (МГТ, короба)",0,0,0,0,0,0,0,,
328,46913810,Рюкзаки,523098174,CarryOn,CO-BKPK-URBAN,Рюкзак городской с USB портом,0,2301847562009,Продажа,Продажа,2025-09-12,2025-09-16,1,2490,2278.35,0,0,0,2490,0,0,8.5,14.5,12.08,3.58,81.56,4.37,48.53,2.13,компенсация платёжных услуг,134.46,26.89,2117.0,0,0,0.0,,,,0.0,0,,,Альфа-Банк,NNG-006,"Нижний Новгород, ул. Большая Покровская, 18",,,Хоругвино,Россия,Микс,,0,,9055650539701,ikgeq20hwobm3hxyjckt1elou83g47rr,0,,0.0,0.0,0.0,0.0,,,,0,0,0,0,941801815,0,0,0,,0,0,0,0,0,0,0,,
329,0,Рюкзаки,523098174,CarryOn,CO-BKPK-URBAN,Рюкзак городской с USB портом,0,2301847562009,,Логистика,,2025-09-16,0,0,0.0,0,0,0,0,0,0,0.0,0.0,0.0,0.0,0.0,0.0,0.0,0.0,,0.0,0.0,0.0,1,0,125.03,2025-09-01,2025-10-05,,0.0,0,к клиенту при продаже,,,,,,,Хоругвино,Россия,,,0,,1173872083835,ikgeq20hwobm3hxyjckt1elou83g47rr,0,,0.0,0.0,0.0,1.17,,,,0,0,0,0,0,0,0,0,"FBW, (МГТ, короба)",0,0,0,0,0,0,0,,
330,0,Кроссовки,312094876,StepMax,SM-SNKR-CSL-38,Кроссовки повседневные женские StepMax Lite,37,2145098763211,,Логистика,,2025-09-16,0,0,0.0,0,0,0,0,0,0,0.0,0.0,0.0,0.0,0.0,0.0,0.0,0.0,,0.0,0.0,0.0,1,0,168.85,2025-09-01,2025-10-05,,0.0,0,к клиенту при продаже,,,,,,,Электросталь,Россия,,,0,,7418753163730,ue2wnf5ca7zvky2refjqigyvzwd3kpug,0,,0.0,0.0,0.0,1.45,,,,0,0,0,0,0,0,0,0,"FBW, (МГТ, короба)",0,0,0,0,0,0,0,,
331,24942603,Куртки,734019285,NordWind,NW-JACKET-LITE,Куртка демисезонная мужская лёгкая,L,2510293847561,Продажа,Продажа,2025-09-14,2025-09-16,1,6490,5977.29,0,0,0,6490,0,0,7.9,13.0,10.83,2.93,175.13,6.86,106.4,1.78,компенсация платёжных услуг,288.39,57.68,5631.22,0,0,0.0,,,,0.0,0,,,ВТБ,EKB-007,"Екатеринбург, ул. Малышева, 33",,,Белая Дача,Россия,Микс,,0,,4299984097543,cvbphvgnqgmjmbukdqp1hkf286utios5,0,,0.0,0.0,0.0,0.0,,,,0,0,0,0,366106987,0,0,0,,0,0,0,0,0,0,0,,
332,46913810,Носки,410293847,SockLab,SL-SOCK-PACK-5,Носки мужские набор 5 пар хлопок,29-31,2200198374650,Продажа,Продажа,2025-09-12,2025-09-16,1,690,643.08,0,0,0,690,0,0,6.8,17.0,14.17,7.37,47.39,7.57,13.38,2.08,компенсация платёжных услуг,68.34,13.67,561.07,0,0,0.0,,,,0.0,0,,,Тинькофф Банк,EKB-007,"Екатеринбург, ул. Малышева, 33",,,Электросталь,Россия,Микс,,0,,8540345845884,wzawnytk1zwuhywm7s6nbnqbnxzu1emt,0,,0.0,0.0,0.0,0.0,,,,0,0,0,0,444095402,0,0,0,,0,0,0,0,0,0,0,,
333,42868828,Кроссовки,312094875,StepMax,SM-SNKR-RUN-44,Кроссовки беговые мужские StepMax Air,42,2145098763210,Продажа,Продажа,2025-09-11,2025-09-16,1,5990,5367.04,0,0,0,5990,0,0,10.4,13.5,11.25,0.85,45.62,5.85,116.46,2.17,компенсация платёжных услуг,167.93,33.59,5165.52,0,0,0.0,,,,0.0,0,,,Тинькофф Банк,KZN-003,"Казань, ул. Баумана, 8",,,Белая Дача,Россия,Моно,,0,,0312150333513,mpxkc5i8xomxlvz4qke2gjr81bmqf7zk,0,,0.0,0.0,0.0,0.0,,,,0,0,0,0,355448903,0,0,0,,0,0,0,0,0,0,0,,
334,0,Кроссовки,312094875,StepMax,SM-SNKR-RUN-44,Кроссовки беговые мужские StepMax Air,43,2145098763210,,Логистика,,2025-09-16,0,0,0.0,0,0,0,0,0,0,0.0,0.0,0.0,0.0,0.0,0.0,0.0,0.0,,0.0,0.0,0.0,1,0,139.93,2025-09-01,2025-10-05,,0.0,0,к клиенту при продаже,,,,,,,Белая Дача,Россия,,,0,,1955628979677,mpxkc5i8xomxlvz4qke2gjr81bmqf7zk,0,,0.0,0.0,0.0,0.9,,,,0,0,0,0,0,0,0,0,"FBW, (МГТ, паллеты)",0,0,0,0,0,0,0,,
335,13356886,Аксессуары,945018273,StyleUp,SU-BELT-LEATHER,Ремень кожаный классический,110,2719384650102,Продажа,Продажа,2025-09-11,2025-09-16,1,1290,1137.78,0,0,0,1290,0,0,11.8,14.0,11.67,0.5,5.69,7.12,18.09,1.59,компенсация платёжных услуг,30.9,6.18,1100.7,0,0,0.0,,,,0.0,0,,,ВТБ,RND-004,"Ростов-на-Дону, пр. Будённовский, 21",,,Хоругвино,Россия,Микс,,0,,2894815024890,rbyeawhmlvhs21hd4y89orvscyozpnam,0,,0.0,0.0,0.0,0.0,,,,0,0,0,0,962950738,0,0,0,,0,0,0,0,0,0,0,,
336,46913810,Куртки,734019285,NordWind,NW-JACKET-LITE,Куртка демисезонная мужская лёгкая,M,2510293847561,Продажа,Продажа,2025-09-15,2025-09-16,1,6490,6314.77,0,0,0,6490,0,0,2.7,13.0,10.83,8.13,513.39,5.67,142.08,2.25,компенсация платёжных услуг,661.14,132.23,5521.4,0,0,0.0,,,,0.0,0,,,Сбербанк,SMR-010,"Самара, ул. Ленинградская, 56",,,Подольск,Россия,Моно,,0,,1308993157250,eeamyfp9s8gk0eeyylh9p1earphbxvq6,0,,0.0,0.0,0.0,0.0,,,,0,0,0,0,320547840,0,0,0,,0,0,0,0,0,0,0,,
337,0,Худи,198745700,UrbanWear,UW-HOODIE-BLK,Худи унисекс оверсайз чёрное,L,2037489561300,,Логистика,,2025-09-16,0,0,0.0,0,0,0,0,0,0,0.0,0.0,0.0,0.0,0.0,0.0,0.0,0.0,,0.0,0.0,0.0,1,0,93.33,2025-09-01,2025-10-05,,0.0,0,к клиенту при продаже,,,,,,,Белая Дача,Россия,,,0,,1414290784016,o1lqsrnkzcrnq0y4io9p4627nayyosye,0,,0.0,0.0,0.0,1.47,,,,0,0,0,0,0,0,0,0,"FBW, (МГТ, паллеты)",0,0,0,0,0,0,0,,
338,0,Футболки,198745633,UrbanWear,UW-TSHIRT-002,Футболка женская приталенная,M,2037489561235,,Логистика,,2025-09-16,0,0,0.0,0,0,0,0,0,0,0.0,0.0,0.0,0.0,0.0,0.0,0.0,0.0,,0.0,0.0,0.0,1,0,118.96,2025-09-01,2025-10-05,,0.0,0,к клиенту при продаже,,,,,,,Подольск,Россия,,,0,,2517945032757,9fc1xx6cwzxskoytk06akt7zqht2xz52,0,,0.0,0.0,0.0,0.88,,,,0,0,0,0,0,0,0,0,"FBW, (МГТ, короба)",0,0,0,0,0,0,0,,
339,13356886,Платья,645098231,LaDonna,LD-DRESS-MIDI,Платье миди с цветочным принтом,S,2409182736450,Продажа,Продажа,2025-09-13,2025-09-16,1,3290,3066.28,0,0,0,3290,0,0,6.8,15.0,12.5,5.7,174.78,4.2,75.74,2.47,компенсация платёжных услуг,254.72,50.94,2760.62,0,0,0.0,,,,0.0,0,,,Сбербанк,EKB-007,"Екатеринбург, ул. Малышева, 33",,,Казань,Россия,Микс,,0,,0159181325133,y3ufn0dsg2qfpodpehcyou25vw9y80pf,0,,0.0,0.0,0.0,0.0,,,,0,0,0,0,589016791,0,0,0,,0,0,0,0,0,0,0,,
340,0,Футболки,198745632,UrbanWear,UW-TSHIRT-001,Футболка мужская хлопок оверсайз,S,2037489561234,,Логистика,,2025-09-16,0,0,0.0,0,0,0,0,0,0,0.0,0.0,0.0,0.0,0.0,0.0,0.0,0.0,,0.0,0.0,0.0,1,0,44.38,2025-09-01,2025-10-05,,0.0,0,к клиенту при продаже,,,,,,,Белая Дача,Россия,,,0,,1008464876444,4oesrsbzb7tlom539iy87hlcwbpa274i,0,,0.0,0.0,0.0,1.23,,,,0,0,0,0,0,0,0,0,"FBW, (МГТ, паллеты)",0,0,0,0,0,0,0,,
341,46913810,Джинсы,276583410,DenimPro,DP-JEANS-MOM-01,Джинсы женские mom fit голубые,26,2098374651001,Продажа,Продажа,2025-09-12,2025-09-16,1,3490,3353.89,0,0,0,3490,0,0,3.9,14.0,11.67,7.77,260.6,3.65,62.72,1.87,компенсация платёжных услуг,326.97,65.39,2961.53,0,0,0.0,,,,0.0,0,,,ВТБ,EKB-007,"Екатеринбург, ул. Малышева, 33",,,Краснодар,Россия,Моно,,0,,8212621554777,v1bbhg5zmtga46ayn2d7ki3x79955cf7,0,,0.0,0.0,0.0,0.0,,,,0,0,0,0,149601706,0,0,0,,0,0,0,0,0,0,0,,
342,46913810,Аксессуары,945018273,StyleUp,SU-BELT-LEATHER,Ремень кожаный классический,100,2719384650102,Продажа,Продажа,2025-09-12,2025-09-16,1,1290,1221.63,0,0,0,1290,0,0,5.3,14.0,11.67,6.37,77.82,5.73,21.38,1.75,компенсация платёжных услуг,104.93,20.99,1095.71,0,0,0.0,,,,0.0,0,,,Альфа-Банк,EKB-007,"Екатеринбург, ул. Малышева, 33",,,Казань,Россия,Моно,,0,,9779028744564,hpnf4jd1ksibsmqpnrjapjc6kstcjiem,0,,0.0,0.0,0.0,0.0,,,,0,0,0,0,857678011,0,0,0,,0,0,0,0,0,0,0,,
343,46913810,Джинсы,276583411,DenimPro,DP-JEANS-SLIM-02,Джинсы мужские slim тёмно-синие,32,2098374651002,Продажа,Продажа,2025-09-16,2025-09-16,1,3790,3680.09,0,0,0,3790,0,0,2.9,14.0,11.67,8.77,322.74,1.73,75.44,2.05,компенсация платёжных услуг,399.91,79.98,3200.2,0,0,0.0,,,,0.0,0,,,Сбербанк,SMR-010,"Самара, ул. Ленинградская, 56",,,Хоругвино,Россия,Моно,,0,,1092260051841,nue7a34mpyo2tla27f8lwvv59hotgduq,0,,0.0,0.0,0.0,0.0,,,,0,0,0,0,624644564,0,0,0,,0,0,0,0,0,0,0,,
344,0,Джинсы,276583411,DenimPro,DP-JEANS-SLIM-02,Джинсы мужские slim тёмно-синие,30,2098374651002,,Логистика,,2025-09-16,0,0,0.0,0,0,0,0,0,0,0.0,0.0,0.0,0.0,0.0,0.0,0.0,0.0,,0.0,0.0,0.0,1,0,50.33,2025-09-01,2025-10-05,,0.0,0,к клиенту при продаже,,,,,,,Хоругвино,Россия,,,0,,3928386153274,nue7a34mpyo2tla27f8lwvv59hotgduq,0,,0.0,0.0,0.0,1.09,,,,0,0,0,0,0,0,0,0,"FBS, (МГТ)",0,0,0,0,0,0,0,,
345,46913810,Футболки,198745633,UrbanWear,UW-TSHIRT-002,Футболка женская приталенная,M,2037489561235,Продажа,Продажа,2025-09-11,2025-09-16,1,1690,1548.04,0,0,0,1690,0,0,8.4,15.0,12.5,4.1,63.47,6.32,31.27,2.02,компенсация платёжных услуг,101.06,20.21,1426.77,0,0,0.0,,,,0.0,0,,,ВТБ,NSK-005,"Новосибирск, ул. Красный пр., 65",,,Тула,Россия,Моно,,0,,2732099862851,g1y9xca6qs0szaa1eipicerhnxi09p5e,0,,0.0,0.0,0.0,0.0,,,,0,0,0,0,905897904,0,0,0,,0,0,0,0,0,0,0,,
346,24942603,Сумки,523098175,CarryOn,CO-BAG-TOTE-01,Сумка-тоут женская эко-кожа,0,2301847562010,Продажа,Продажа,2025-09-13,2025-09-16,1,1990,1787.02,0,0,0,1990,0,0,10.2,14.5,12.08,1.88,33.6,1.01,28.06,1.57,компенсация платёжных услуг,62.67,12.53,1711.82,0,0,0.0,,,,0.0,0,,,ВТБ,VRN-008,"Воронеж, ул. Плехановская, 22",,,Хоругвино,Россия,Микс,,0,,7137119481017,v84a1x7ov6sgp3jk8xnlo50dw1mf07ol,0,,0.0,0.0,0.0,0.0,,,,0,0,0,0,547581039,0,0,0,,0,0,0,0,0,0,0,,
347,95822412,Сумки,523098175,CarryOn,CO-BAG-TOTE-01,Сумка-тоут женская эко-кожа,0,2301847562010,Продажа,Продажа,2025-09-12,2025-09-16,1,1990,1848.71,0,0,0,1990,0,0,7.1,14.5,12.08,4.98,92.07,5.62,27.73,1.5,компенсация платёжных услуг,125.42,25.08,1698.21,0,0,0.0,,,,0.0,0,,,Альфа-Банк,MSK-001,"Москва, ул. Ленина, 15",,,Коледино,Россия,Микс,,0,,8976247739946,2ns8jr1vmymlinov953a5o47aet81iqy,0,,0.0,0.0,0.0,0.0,,,,0,0,0,0,780513199,0,0,0,,0,0,0,0,0,0,0,,
348,24942603,Шорты,198745750,UrbanWear,UW-SHORTS-CARGO,Шорты мужские карго хлопок,M,2037489561350,Продажа,Продажа,2025-09-11,2025-09-16,1,1990,1765.13,0,0,0,1990,0,0,11.3,15.0,12.5,1.2,21.18,3.98,37.42,2.12,компенсация платёжных услуг,62.58,12.52,1690.03,0,0,0.0,,,,0.0,0,,,Сбербанк,MSK-001,"Москва, ул. Ленина, 15",,,Коледино,Россия,Микс,,0,,5792404013972,s1iym90pkr1ifsi159i3hz3zsg9vwieb,0,,0.0,0.0,0.0,0.0,,,,0,0,0,0,508400544,0,0,0,,0,0,0,0,0,0,0,,
349,0,Шорты,198745750,UrbanWear,UW-SHORTS-CARGO,Шорты мужские карго хлопок,XL,2037489561350,,Логистика,,2025-09-16,0,0,0.0,0,0,0,0,0,0,0.0,0.0,0.0,0.0,0.0,0.0,0.0,0.0,,0.0,0.0,0.0,1,0,54.54,2025-09-01,2025-10-05,,0.0,0,к клиенту при продаже,,,,,,,Коледино,Россия,,,0,,3226424316671,s1iym90pkr1ifsi159i3hz3zsg9vwieb,0,,0.0,0.0,0.0,0.8,,,,0,0,0,0,0,0,0,0,"FBS, (МГТ)",0,0,0,0,0,0,0,,
350,24942603,Футболки,198745632,UrbanWear,UW-TSHIRT-001,Футболка мужская хлопок оверсайз,M,2037489561234,Продажа,Продажа,2025-09-12,2025-09-16,1,1890,1697.22,0,0,0,1890,0,0,10.2,15.0,12.5,2.3,39.04,7.83,35.81,2.11,компенсация платёжных услуг,82.68,16.54,1598.0,0,0,0.0,,,,0.0,0,,,Сбербанк,NNG-006,"Нижний Новгород, ул. Большая Покровская, 18",,,Белая Дача,Россия,Микс,,0,,6430342137321,00zkom2zkf5b1sa3y5t37szpf9s9ehwh,0,,0.0,0.0,0.0,0.0,,,,0,0,0,0,612621813,0,0,0,,0,0,0,0,0,0,0,,
351,0,Футболки,198745632,UrbanWear,UW-TSHIRT-001,Футболка мужская хлопок оверсайз,M,2037489561234,,Логистика,,2025-09-16,0,0,0.0,0,0,0,0,0,0,0.0,0.0,0.0,0.0,0.0,0.0,0.0,0.0,,0.0,0.0,0.0,1,0,45.23,2025-09-01,2025-10-05,,0.0,0,к клиенту при продаже,,,,,,,Белая Дача,Россия,,,0,,5602955703903,00zkom2zkf5b1sa3y5t37szpf9s9ehwh,0,,0.0,0.0,0.0,1.22,,,,0,0,0,0,0,0,0,0,"FBW, (МГТ, паллеты)",0,0,0,0,0,0,0,,
352,0,Кроссовки,312094876,StepMax,SM-SNKR-CSL-38,Кроссовки повседневные женские StepMax Lite,37,2145098763211,,Логистика,,2025-09-16,0,0,0.0,0,0,0,0,0,0,0.0,0.0,0.0,0.0,0.0,0.0,0.0,0.0,,0.0,0.0,0.0,1,0,142.78,2025-09-01,2025-10-05,,0.0,0,к клиенту при продаже,,,,,,,Краснодар,Россия,,,0,,3270025034602,q3kmsx54rjsxfoh9mbuzphd7ndjwt695,0,,0.0,0.0,0.0,1.0,,,,0,0,0,0,0,0,0,0,"FBS, (МГТ)",0,0,0,0,0,0,0,,
353,95822412,Джинсы,276583411,DenimPro,DP-JEANS-SLIM-02,Джинсы мужские slim тёмно-синие,33,2098374651002,Продажа,Продажа,2025-09-13,2025-09-16,1,3790,3664.93,0,0,0,3790,0,0,3.3,14.0,11.67,8.37,306.75,5.41,60.47,1.65,компенсация платёжных услуг,372.63,74.53,3217.77,0,0,0.0,,,,0.0,0,,,Сбербанк,EKB-007,"Екатеринбург, ул. Малышева, 33",,,Электросталь,Россия,Моно,,0,,1543529990885,ditmownx23veuljgqpq8r4hc7jvlcg1j,0,,0.0,0.0,0.0,0.0,,,,0,0,0,0,222886061,0,0,0,,0,0,0,0,0,0,0,,
354,0,Джинсы,276583411,DenimPro,DP-JEANS-SLIM-02,Джинсы мужские slim тёмно-синие,34,2098374651002,,Логистика,,2025-09-16,0,0,0.0,0,0,0,0,0,0,0.0,0.0,0.0,0.0,0.0,0.0,0.0,0.0,,0.0,0.0,0.0,1,0,88.05,2025-09-01,2025-10-05,,0.0,0,к клиенту при продаже,,,,,,,Электросталь,Россия,,,0,,4523384681373,ditmownx23veuljgqpq8r4hc7jvlcg1j,0,,0.0,0.0,0.0,1.04,,,,0,0,0,0,0,0,0,0,"FBW, (МГТ, короба)",0,0,0,0,0,0,0,,
355,0,Джинсы,276583410,DenimPro,DP-JEANS-MOM-01,Джинсы женские mom fit голубые,26,2098374651001,,Логистика,,2025-09-16,0,0,0.0,0,0,0,0,0,0,0.0,0.0,0.0,0.0,0.0,0.0,0.0,0.0,,0.0,0.0,0.0,1,0,42.85,2025-09-01,2025-10-05,,0.0,0,к клиенту при продаже,,,,,,,Краснодар,Россия,,,0,,1396218721898,7xfh41a68t2a3ah7u0s3kdz4ppj590em,0,,0.0,0.0,0.0,1.24,,,,0,0,0,0,0,0,0,0,"FBW, (МГТ, короба)",0,0,0,0,0,0,0,,
356,0,Куртки,734019285,NordWind,NW-JACKET-LITE,Куртка демисезонная мужская лёгкая,XL,2510293847561,,Логистика,,2025-09-16,0,0,0.0,0,0,0,0,0,0,0.0,0.0,0.0,0.0,0.0,0.0,0.0,0.0,,0.0,0.0,0.0,1,0,91.17,2025-09-01,2025-10-05,,0.0,0,к клиенту при продаже,,,,,,,Тула,Россия,,,0,,4952043351293,xsnhft4i26lh07ba7dorfki1ije2xe0j,0,,0.0,0.0,0.0,1.48,,,,0,0,0,0,0,0,0,0,"FBS, (МГТ)",0,0,0,0,0,0,0,,
357,46913810,Сумки,523098175,CarryOn,CO-BAG-TOTE-01,Сумка-тоут женская эко-кожа,0,2301847562010,Продажа,Продажа,2025-09-15,2025-09-16,1,1990,1838.76,0,0,0,1990,0,0,7.6,14.5,12.08,4.48,82.38,5.49,31.26,1.7,компенсация платёжных услуг,119.13,23.83,1695.8,0,0,0.0,,,,0.0,0,,,Тинькофф Банк,SPB-012,"Санкт-Петербург, Невский пр., 42",,,Краснодар,Россия,Моно,,0,,2217573752886,77z4es3aofc9lgytlcqfmuiw7j35vlwo,0,,0.0,0.0,0.0,0.0,,,,0,0,0,0,884538138,0,0,0,,0,0,0,0,0,0,0,,
358,0,Платья,645098231,LaDonna,LD-DRESS-MIDI,Платье миди с цветочным принтом,L,2409182736450,,Логистика,,2025-09-16,0,0,0.0,0,0,0,0,0,0,0.0,0.0,0.0,0.0,0.0,0.0,0.0,0.0,,0.0,0.0,0.0,1,0,53.78,2025-09-01,2025-10-05,,0.0,0,к клиенту при продаже,,,,,,,Подольск,Россия,,,0,,9466169579325,c0tk1qqfvwuo11k09ntn8eohdk5199tm,0,,0.0,0.0,0.0,1.44,,,,0,0,0,0,0,0,0,0,"FBW, (МГТ, паллеты)",0,0,0,0,0,0,0,,
359,46913810,Джинсы,276583410,DenimPro,DP-JEANS-MOM-01,Джинсы женские mom fit голубые,27,2098374651001,Продажа,Продажа,2025-09-11,2025-09-16,1,3490,3381.81,0,0,0,3490,0,0,3.1,14.0,11.67,8.57,289.82,4.27,70.34,2.08,компенсация платёжных услуг,364.43,72.89,2944.49,0,0,0.0,,,,0.0,0,,,ВТБ,NSK-005,"Новосибирск, ул. Красный пр., 65",,,Казань,Россия,Моно,,0,,0798284740178,og4c8j6e07fpy1aeldwqxke0qc96mj9n,0,,0.0,0.0,0.0,0.0,,,,0,0,0,0,341198293,0,0,0,,0,0,0,0,0,0,0,,
360,24942603,Кроссовки,312094875,StepMax,SM-SNKR-RUN-44,Кроссовки беговые мужские StepMax Air,45,2145098763210,Продажа,Продажа,2025-09-15,2025-09-16,1,5990,5762.38,0,0,0,5990,0,0,3.8,13.5,11.25,7.45,429.3,4.08,135.42,2.35,компенсация платёжных услуг,568.8,113.76,5079.82,0,0,0.0,,,,0.0,0,,,Тинькофф Банк,VRN-008,"Воронеж, ул. Плехановская, 22",,,Тула,Россия,Микс,,0,,0059983231594,rgoi9wm1sav9cng8tana6u48gwghm56v,0,,0.0,0.0,0.0,0.0,,,,0,0,0,0,259826206,0,0,0,,0,0,0,0,0,0,0,,
361,42868828,Носки,410293847,SockLab,SL-SOCK-PACK-5,Носки мужские набор 5 пар хлопок,25-27,2200198374650,Продажа,Продажа,2025-09-11,2025-09-16,1,690,639.63,0,0,0,690,0,0,7.3,17.0,14.17,6.87,43.94,1.33,11.51,1.8,компенсация платёжных услуг,56.78,11.36,571.49,0,0,0.0,,,,0.0,0,,,Тинькофф Банк,KRD-009,"Краснодар, ул. Красная, 109",,,Подольск,Россия,Моно,,0,,8645856024123,x6uzs1xke1kwonrrlrnr2kyb3gd60ugl,0,,0.0,0.0,0.0,0.0,,,,0,0,0,0,677419345,0,0,0,,0,0,0,0,0,0,0,,
362,13356886,Джинсы,276583410,DenimPro,DP-JEANS-MOM-01,Джинсы женские mom fit голубые,29,2098374651001,Продажа,Продажа,2025-09-12,2025-09-16,1,3490,3378.32,0,0,0,3490,0,0,3.2,14.0,11.67,8.47,286.14,2.57,71.96,2.13,компенсация платёжных услуг,360.67,72.13,2945.52,0,0,0.0,,,,0.0,0,,,Сбербанк,MSK-001,"Москва, ул. Ленина, 15",,,Тула,Россия,Микс,,0,,9626476639491,q6cn8siwmzap4vkftlecsaz0lb6yaacn,0,,0.0,0.0,0.0,0.0,,,,0,0,0,0,796710943,0,0,0,,0,0,0,0,0,0,0,,
363,0,Джинсы,276583410,DenimPro,DP-JEANS-MOM-01,Джинсы женские mom fit голубые,29,2098374651001,,Логистика,,2025-09-16,0,0,0.0,0,0,0,0,0,0,0.0,0.0,0.0,0.0,0.0,0.0,0.0,0.0,,0.0,0.0,0.0,1,0,65.3,2025-09-01,2025-10-05,,0.0,0,к клиенту при продаже,,,,,,,Тула,Россия,,,0,,7867008083921,5qq8qmxetizu802nq52nloqtq685ohm6,0,,0.0,0.0,0.0,1.45,,,,0,0,0,0,0,0,0,0,"FBS, (МГТ)",0,0,0,0,0,0,0,,
364,0,Кроссовки,312094875,StepMax,SM-SNKR-RUN-44,Кроссовки беговые мужские StepMax Air,42,2145098763210,,Логистика,,2025-09-16,0,0,0.0,0,0,0,0,0,0,0.0,0.0,0.0,0.0,0.0,0.0,0.0,0.0,,0.0,0.0,0.0,1,0,137.35,2025-09-01,2025-10-05,,0.0,0,к клиенту при продаже,,,,,,,Электросталь,Россия,,,0,,5102373350525,py8crin0xgnki5vrz38efe9var2pz6nt,0,,0.0,0.0,0.0,1.48,,,,0,0,0,0,0,0,0,0,"FBS, (МГТ)",0,0,0,0,0,0,0,,
365,0,Кроссовки,312094875,StepMax,SM-SNKR-RUN-44,Кроссовки беговые мужские StepMax Air,44,2145098763210,,Логистика,,2025-09-16,0,0,0.0,0,0,0,0,0,0,0.0,0.0,0.0,0.0,0.0,0.0,0.0,0.0,,0.0,0.0,0.0,1,0,144.23,2025-09-01,2025-10-05,,0.0,0,к клиенту при продаже,,,,,,,Электросталь,Россия,,,0,,5386696654043,rhxrhgtw4cy4f1r9cfwow73o1blog0nq,0,,0.0,0.0,0.0,1.03,,,,0,0,0,0,0,0,0,0,"FBW, (МГТ, паллеты)",0,0,0,0,0,0,0,,
366,24942603,Рюкзаки,523098174,CarryOn,CO-BKPK-URBAN,Рюкзак городской с USB портом,0,2301847562009,Продажа,Продажа,2025-09-11,2025-09-16,1,2490,2288.31,0,0,0,2490,0,0,8.1,14.5,12.08,3.98,91.07,7.24,55.38,2.42,компенсация платёжных услуг,153.69,30.74,2103.88,0,0,0.0,,,,0.0,0,,,Альфа-Банк,SPB-012,"Санкт-Петербург, Невский пр., 42",,,Краснодар,Россия,Моно,,0,,6488428441887,yh6uamwjpiwujt4ftlh33hw8d09jrd4h,0,,0.0,0.0,0.0,0.0,,,,0,0,0,0,103402003,0,0,0,,0,0,0,0,0,0,0,,
367,0,Рюкзаки,523098174,CarryOn,CO-BKPK-URBAN,Рюкзак городской с USB портом,0,2301847562009,,Логистика,,2025-09-16,0,0,0.0,0,0,0,0,0,0,0.0,0.0,0.0,0.0,0.0,0.0,0.0,0.0,,0.0,0.0,0.0,1,0,112.61,2025-09-01,2025-10-05,,0.0,0,к клиенту при продаже,,,,,,,Краснодар,Россия,,,0,,7534686376637,yh6uamwjpiwujt4ftlh33hw8d09jrd4h,0,,0.0,0.0,0.0,1.42,,,,0,0,0,0,0,0,0,0,"FBW, (МГТ, паллеты)",0,0,0,0,0,0,0,,
368,46913810,Худи,198745700,UrbanWear,UW-HOODIE-BLK,Худи унисекс оверсайз чёрное,S,2037489561300,Продажа,Продажа,2025-09-15,2025-09-16,1,2990,2685.02,0,0,0,2990,0,0,10.2,15.0,12.5,2.3,61.76,2.35,44.84,1.67,компенсация платёжных услуг,108.95,21.79,2554.28,0,0,0.0,,,,0.0,0,,,ВТБ,NNG-006,"Нижний Новгород, ул. Большая Покровская, 18",,,Казань,Россия,Микс,,0,,5658206266066,kvfflncc2atrd83x9age9ny3mub6lbu9,0,,0.0,0.0,0.0,0.0,,,,0,0,0,0,215468554,0,0,0,,0,0,0,0,0,0,0,,
369,0,Худи,198745700,UrbanWear,UW-HOODIE-BLK,Худи унисекс оверсайз чёрное,XL,2037489561300,,Логистика,,2025-09-16,0,0,0.0,0,0,0,0,0,0,0.0,0.0,0.0,0.0,0.0,0.0,0.0,0.0,,0.0,0.0,0.0,1,0,71.47,2025-09-01,2025-10-05,,0.0,0,к клиенту при продаже,,,,,,,Казань,Россия,,,0,,8352748293321,kvfflncc2atrd83x9age9ny3mub6lbu9,0,,0.0,0.0,0.0,1.04,,,,0,0,0,0,0,0,0,0,"FBW, (МГТ, короба)",0,0,0,0,0,0,0,,
370,42868828,Футболки,198745633,UrbanWear,UW-TSHIRT-002,Футболка женская приталенная,XS,2037489561235,Продажа,Продажа,2025-09-11,2025-09-16,1,1690,1595.36,0,0,0,1690,0,0,5.6,15.0,12.5,6.9,110.08,1.67,28.08,1.76,компенсация платёжных услуг,139.83,27.97,1427.56,0,0,0.0,,,,0.0,0,,,Альфа-Банк,KRD-009,"Краснодар, ул. Красная, 109",,,Подольск,Россия,Моно,,0,,5500377907985,r90mwb4ll3k4bk8ejnfmoctclka9lz57,0,,0.0,0.0,0.0,0.0,,,,0,0,0,0,232850821,0,0,0,,0,0,0,0,0,0,0,,
371,0,Худи,198745700,UrbanWear,UW-HOODIE-BLK,Худи унисекс оверсайз чёрное,M,2037489561300,,Логистика,,2025-09-16,0,0,0.0,0,0,0,0,0,0,0.0,0.0,0.0,0.0,0.0,0.0,0.0,0.0,,0.0,0.0,0.0,1,0,41.62,2025-09-01,2025-10-05,,0.0,0,к клиенту при продаже,,,,,,,Белая Дача,Россия,,,0,,8229985996909,x4fogx8irjbaqc6cqko5fkpa2tvmxqyj,0,,0.0,0.0,0.0,1.2,,,,0,0,0,0,0,0,0,0,"FBW, (МГТ, короба)",0,0,0,0,0,0,0,,
372,42868828,Аксессуары,945018273,StyleUp,SU-BELT-LEATHER,Ремень кожаный классический,90,2719384650102,Продажа,Продажа,2025-09-11,2025-09-16,1,1290,1197.12,0,0,0,1290,0,0,7.2,14.0,11.67,4.47,53.51,5.37,18.79,1.57,компенсация платёжных услуг,77.67,15.53,1103.92,0,0,0.0,,,,0.0,0,,,Сбербанк,KRD-009,"Краснодар, ул. Красная, 109",,,Подольск,Россия,Моно,,0,,6930006080378,z6iz8er6u0estie6sv5itmtjlegp4h2h,0,,0.0,0.0,0.0,0.0,,,,0,0,0,0,594886752,0,0,0,,0,0,0,0,0,0,0,,
373,46913810,Джинсы,276583411,DenimPro,DP-JEANS-SLIM-02,Джинсы мужские slim тёмно-синие,30,2098374651002,Продажа,Продажа,2025-09-12,2025-09-16,1,3790,3642.19,0,0,0,3790,0,0,3.9,14.0,11.67,7.77,283.0,6.52,80.86,2.22,компенсация платёжных услуг,370.38,74.08,3197.73,0,0,0.0,,,,0.0,0,,,Альфа-Банк,KRD-009,"Краснодар, ул. Красная, 109",,,Казань,Россия,Моно,,0,,2990034225859,xoiyfoy0sxylka51e04pd8jqbo8wf8nk,0,,0.0,0.0,0.0,0.0,,,,0,0,0,0,683545617,0,0,0,,0,0,0,0,0,0,0,,
374,0,Джинсы,276583411,DenimPro,DP-JEANS-SLIM-02,Джинсы мужские slim тёмно-синие,34,2098374651002,,Логистика,,2025-09-16,0,0,0.0,0,0,0,0,0,0,0.0,0.0,0.0,0.0,0.0,0.0,0.0,0.0,,0.0,0.0,0.0,1,0,98.46,2025-09-01,2025-10-05,,0.0,0,к клиенту при продаже,,,,,,,Казань,Россия,,,0,,5827166632692,xoiyfoy0sxylka51e04pd8jqbo8wf8nk,0,,0.0,0.0,0.0,1.06,,,,0,0,0,0,0,0,0,0,"FBS, (МГТ)",0,0,0,0,0,0,0,,
375,24942603,Джинсы,276583411,DenimPro,DP-JEANS-SLIM-02,Джинсы мужские slim тёмно-синие,33,2098374651002,Продажа,Продажа,2025-09-14,2025-09-16,1,3790,3676.3,0,0,0,3790,0,0,3.0,14.0,11.67,8.67,318.74,7.73,86.76,2.36,компенсация платёжных услуг,413.23,82.65,3180.42,0,0,0.0,,,,0.0,0,,,Сбербанк,MSK-001,"Москва, ул. Ленина, 15",,,Казань,Россия,Моно,,0,,8901711592347,3jlzohfddvsz2tvhvwhholi54087ws1l,0,,0.0,0.0,0.0,0.0,,,,0,0,0,0,298458430,0,0,0,,0,0,0,0,0,0,0,,
376,0,Джинсы,276583411,DenimPro,DP-JEANS-SLIM-02,Джинсы мужские slim тёмно-синие,32,2098374651002,,Логистика,,2025-09-16,0,0,0.0,0,0,0,0,0,0,0.0,0.0,0.0,0.0,0.0,0.0,0.0,0.0,,0.0,0.0,0.0,1,0,67.16,2025-09-01,2025-10-05,,0.0,0,к клиенту при продаже,,,,,,,Электросталь,Россия,,,0,,7825361069090,3r4sip4b8j4zxd82bmqw8evrc0erje4s,0,,0.0,0.0,0.0,1.21,,,,0,0,0,0,0,0,0,0,"FBW, (МГТ, паллеты)",0,0,0,0,0,0,0,,
377,42868828,Футболки,198745632,UrbanWear,UW-TSHIRT-001,Футболка мужская хлопок оверсайз,XL,2037489561234,Продажа,Продажа,2025-09-12,2025-09-16,1,1890,1776.6,0,0,0,1890,0,0,6.0,15.0,12.5,6.5,115.48,1.91,29.85,1.68,компенсация платёжных услуг,147.24,29.45,1599.91,0,0,0.0,,,,0.0,0,,,Сбербанк,SMR-010,"Самара, ул. Ленинградская, 56",,,Электросталь,Россия,Моно,,0,,4769791670543,0xdhj5sc36u9cyrveow0ef578o1fe1ye,0,,0.0,0.0,0.0,0.0,,,,0,0,0,0,874888000,0,0,0,,0,0,0,0,0,0,0,,
378,0,Джинсы,276583410,DenimPro,DP-JEANS-MOM-01,Джинсы женские mom fit голубые,27,2098374651001,,Логистика,,2025-09-16,0,0,0.0,0,0,0,0,0,0,0.0,0.0,0.0,0.0,0.0,0.0,0.0,0.0,,0.0,0.0,0.0,1,0,82.48,2025-09-01,2025-10-05,,0.0,0,к клиенту при продаже,,,,,,,Электросталь,Россия,,,0,,3918607800039,e4vzn8z4c0x2hyvezrad8ejpmlnl7ha7,0,,0.0,0.0,0.0,1.46,,,,0,0,0,0,0,0,0,0,"FBW, (МГТ, короба)",0,0,0,0,0,0,0,,
379,0,Носки,410293847,SockLab,SL-SOCK-PACK-5,Носки мужские набор 5 пар хлопок,27-29,2200198374650,,Логистика,,2025-09-16,0,0,0.0,0,0,0,0,0,0,0.0,0.0,0.0,0.0,0.0,0.0,0.0,0.0,,0.0,0.0,0.0,1,0,82.81,2025-09-01,2025-10-05,,0.0,0,к клиенту при продаже,,,,,,,Краснодар,Россия,,,0,,9857299395005,glg08yvu69qaz6fp9xaqs3tgdbfxa2wd,0,,0.0,0.0,0.0,0.91,,,,0,0,0,0,0,0,0,0,"FBW, (МГТ, короба)",0,0,0,0,0,0,0,,
380,0,Джинсы,276583410,DenimPro,DP-JEANS-MOM-01,Джинсы женские mom fit голубые,25,2098374651001,,Логистика,,2025-09-16,0,0,0.0,0,0,0,0,0,0,0.0,0.0,0.0,0.0,0.0,0.0,0.0,0.0,,0.0,0.0,0.0,1,0,100.04,2025-09-01,2025-10-05,,0.0,0,к клиенту при продаже,,,,,,,Тула,Россия,,,0,,6468627484789,wjta882jozibp9of9svca3dc9e69ix9x,0,,0.0,0.0,0.0,1.15,,,,0,0,0,0,0,0,0,0,"FBW, (МГТ, паллеты)",0,0,0,0,0,0,0,,
381,42868828,Аксессуары,945018273,StyleUp,SU-BELT-LEATHER,Ремень кожаный классический,120,2719384650102,Продажа,Продажа,2025-09-13,2025-09-16,1,1290,1208.73,0,0,0,1290,0,0,6.3,14.0,11.67,5.37,64.91,7.28,22.84,1.89,компенсация платёжных услуг,95.03,19.01,1094.69,0,0,0.0,,,,0.0,0,,,Альфа-Банк,SPB-012,"Санкт-Петербург, Невский пр., 42",,,Казань,Россия,Моно,,0,,9338778990433,xxdsbrp14xhl5v32bh1a4ogn378vpcay,0,,0.0,0.0,0.0,0.0,,,,0,0,0,0,179269797,0,0,0,,0,0,0,0,0,0,0,,
382,0,Кроссовки,312094875,StepMax,SM-SNKR-RUN-44,Кроссовки беговые мужские StepMax Air,41,2145098763210,,Логистика,,2025-09-16,0,0,0.0,0,0,0,0,0,0,0.0,0.0,0.0,0.0,0.0,0.0,0.0,0.0,,0.0,0.0,0.0,1,0,87.08,2025-09-01,2025-10-05,,0.0,0,к клиенту при продаже,,,,,,,Электросталь,Россия,,,0,,6881801087287,yn4bpsaue5rau7bwhzmjbg3k59s7v55k,0,,0.0,0.0,0.0,0.88,,,,0,0,0,0,0,0,0,0,"FBW, (МГТ, паллеты)",0,0,0,0,0,0,0,,
383,13356886,Кроссовки,312094875,StepMax,SM-SNKR-RUN-44,Кроссовки беговые мужские StepMax Air,41,2145098763210,Продажа,Продажа,2025-09-12,2025-09-16,1,5990,5271.2,0,0,0,5990,0,0,12.0,13.5,11.25,0.5,26.36,4.24,105.95,2.01,компенсация платёжных услуг,136.55,27.31,5107.34,0,0,0.0,,,,0.0,0,,,ВТБ,SPB-012,"Санкт-Петербург, Невский пр., 42",,,Электросталь,Россия,Моно,,0,,1874361646939,72w4oebmqpjbmwmnohg3vtl1drz0xv6d,0,,0.0,0.0,0.0,0.0,,,,0,0,0,0,745347846,0,0,0,,0,0,0,0,0,0,0,,
384,95822412,Кроссовки,312094875,StepMax,SM-SNKR-RUN-44,Кроссовки беговые мужские StepMax Air,43,2145098763210,Продажа,Продажа,2025-09-12,2025-09-16,1,5990,5480.85,0,0,0,5990,0,0,8.5,13.5,11.25,2.75,150.72,5.08,95.91,1.75,компенсация платёжных услуг,251.71,50.34,5178.8,0,0,0.0,,,,0.0,0,,,Тинькофф Банк,RND-004,"Ростов-на-Дону, пр. Будённовский, 21",,,Электросталь,Россия,Моно,,0,,3337052729605,kazal4w7s3gof2nnkqe7a5ji1vege3by,0,,0.0,0.0,0.0,0.0,,,,0,0,0,0,976793968,0,0,0,,0,0,0,0,0,0,0,,
385,0,Аксессуары,945018273,StyleUp,SU-BELT-LEATHER,Ремень кожаный классический,100,2719384650102,,Логистика,,2025-09-16,0,0,0.0,0,0,0,0,0,0,0.0,0.0,0.0,0.0,0.0,0.0,0.0,0.0,,0.0,0.0,0.0,1,0,46.95,2025-09-01,2025-10-05,,0.0,0,к клиенту при продаже,,,,,,,Хоругвино,Россия,,,0,,1337539065642,brxfx3at253iqquolgqe6xb1z337c7nx,0,,0.0,0.0,0.0,1.5,,,,0,0,0,0,0,0,0,0,"FBW, (МГТ, короба)",0,0,0,0,0,0,0,,
386,0,Аксессуары,945018273,StyleUp,SU-BELT-LEATHER,Ремень кожаный классический,90,2719384650102,,Логистика,,2025-09-16,0,0,0.0,0,0,0,0,0,0,0.0,0.0,0.0,0.0,0.0,0.0,0.0,0.0,,0.0,0.0,0.0,1,0,95.44,2025-09-01,2025-10-05,,0.0,0,к клиенту при продаже,,,,,,,Подольск,Россия,,,0,,6330575321153,9vqr2c23ag9xc5rexfchiz6wquqb8rcp,0,,0.0,0.0,0.0,0.94,,,,0,0,0,0,0,0,0,0,"FBS, (МГТ)",0,0,0,0,0,0,0,,
387,46913810,Футболки,198745632,UrbanWear,UW-TSHIRT-001,Футболка мужская хлопок оверсайз,L,2037489561234,Продажа,Продажа,2025-09-14,2025-09-16,1,1890,1744.47,0,0,0,1890,0,0,7.7,15.0,12.5,4.8,83.73,5.32,42.91,2.46,компенсация платёжных услуг,131.96,26.39,1586.12,0,0,0.0,,,,0.0,0,,,ВТБ,SPB-012,"Санкт-Петербург, Невский пр., 42",,,Тула,Россия,Микс,,0,,1622657131142,9uq7rzapuolxpouv75d3nmyb4bomzqb0,0,,0.0,0.0,0.0,0.0,,,,0,0,0,0,218014918,0,0,0,,0,0,0,0,0,0,0,,
388,24942603,Аксессуары,945018273,StyleUp,SU-BELT-LEATHER,Ремень кожаный классический,110,2719384650102,Продажа,Продажа,2025-09-13,2025-09-16,1,1290,1251.3,0,0,0,1290,0,0,3.0,14.0,11.67,8.67,108.49,2.1,30.91,2.47,компенсация платёжных услуг,141.5,28.3,1081.5,0,0,0.0,,,,0.0,0,,,ВТБ,KZN-003,"Казань, ул. Баумана, 8",,,Краснодар,Россия,Моно,,0,,1403851673458,22keuviv48jukujoa14zgivse00hu3x5,0,,0.0,0.0,0.0,0.0,,,,0,0,0,0,165717230,0,0,0,,0,0,0,0,0,0,0,,
389,0,Аксессуары,945018273,StyleUp,SU-BELT-LEATHER,Ремень кожаный классический,110,2719384650102,,Логистика,,2025-09-16,0,0,0.0,0,0,0,0,0,0,0.0,0.0,0.0,0.0,0.0,0.0,0.0,0.0,,0.0,0.0,0.0,1,0,42.98,2025-09-01,2025-10-05,,0.0,0,к клиенту при продаже,,,,,,,Краснодар,Россия,,,0,,5830720088172,22keuviv48jukujoa14zgivse00hu3x5,0,,0.0,0.0,0.0,0.81,,,,0,0,0,0,0,0,0,0,"FBW, (МГТ, паллеты)",0,0,0,0,0,0,0,,
390,0,Рюкзаки,523098174,CarryOn,CO-BKPK-URBAN,Рюкзак городской с USB портом,0,2301847562009,,Логистика,,2025-09-16,0,0,0.0,0,0,0,0,0,0,0.0,0.0,0.0,0.0,0.0,0.0,0.0,0.0,,0.0,0.0,0.0,1,0,168.35,2025-09-01,2025-10-05,,0.0,0,к клиенту при продаже,,,,,,,Электросталь,Россия,,,0,,4007781695882,xuwcozfqpii49h5vn28hr6cmewt33ood,0,,0.0,0.0,0.0,1.29,,,,0,0,0,0,0,0,0,0,"FBW, (МГТ, паллеты)",0,0,0,0,0,0,0,,
391,42868828,Рюкзаки,523098174,CarryOn,CO-BKPK-URBAN,Рюкзак городской с USB портом,0,2301847562009,Продажа,Продажа,2025-09-12,2025-09-16,1,2490,2400.36,0,0,0,2490,0,0,3.6,14.5,12.08,8.48,203.55,7.58,45.13,1.88,компенсация платёжных услуг,256.26,51.25,2092.85,0,0,0.0,,,,0.0,0,,,Тинькофф Банк,SPB-012,"Санкт-Петербург, Невский пр., 42",,,Краснодар,Россия,Микс,,0,,6443419163266,9x6kqb166xtf52bwhnybjk8jv7ojmp6o,0,,0.0,0.0,0.0,0.0,,,,0,0,0,0,447470668,0,0,0,,0,0,0,0,0,0,0,,
392,24942603,Белье,867293041,ComfortZone,CZ-BRA-SPORT-01,Бюстгальтер спортивный бесшовный,L,2618293740156,Продажа,Продажа,2025-09-11,2025-09-16,1,890,817.91,0,0,0,890,0,0,8.1,16.0,13.33,5.23,42.78,7.28,19.22,2.35,компенсация платёжных услуг,69.28,13.86,734.77,0,0,0.0,,,,0.0,0,,,Сбербанк,KZN-003,"Казань, ул. Баумана, 8",,,Тула,Россия,Моно,,0,,6940035299877,dvxkkxo0ssw74wqng6n1rwu1esevgc0q,0,,0.0,0.0,0.0,0.0,,,,0,0,0,0,421306214,0,0,0,,0,0,0,0,0,0,0,,
393,0,Белье,867293041,ComfortZone,CZ-BRA-SPORT-01,Бюстгальтер спортивный бесшовный,L,2618293740156,,Логистика,,2025-09-16,0,0,0.0,0,0,0,0,0,0,0.0,0.0,0.0,0.0,0.0,0.0,0.0,0.0,,0.0,0.0,0.0,1,0,74.04,2025-09-01,2025-10-05,,0.0,0,к клиенту при продаже,,,,,,,Тула,Россия,,,0,,9911205345756,dvxkkxo0ssw74wqng6n1rwu1esevgc0q,0,,0.0,0.0,0.0,1.33,,,,0,0,0,0,0,0,0,0,"FBW, (МГТ, короба)",0,0,0,0,0,0,0,,
394,0,Носки,410293847,SockLab,SL-SOCK-PACK-5,Носки мужские набор 5 пар хлопок,25-27,2200198374650,,Логистика,,2025-09-16,0,0,0.0,0,0,0,0,0,0,0.0,0.0,0.0,0.0,0.0,0.0,0.0,0.0,,0.0,0.0,0.0,1,0,49.84,2025-09-01,2025-10-05,,0.0,0,к клиенту при продаже,,,,,,,Подольск,Россия,,,0,,2720367434906,a30w78zwgdqblupph3nwx0taz8a4leo0,0,,0.0,0.0,0.0,1.0,,,,0,0,0,0,0,0,0,0,"FBW, (МГТ, короба)",0,0,0,0,0,0,0,,
395,95822412,Носки,410293847,SockLab,SL-SOCK-PACK-5,Носки мужские набор 5 пар хлопок,25-27,2200198374650,Продажа,Продажа,2025-09-12,2025-09-16,1,690,618.24,0,0,0,690,0,0,10.4,17.0,14.17,3.77,23.31,7.26,14.34,2.32,компенсация платёжных услуг,44.91,8.98,564.35,0,0,0.0,,,,0.0,0,,,ВТБ,SPB-012,"Санкт-Петербург, Невский пр., 42",,,Коледино,Россия,Микс,,0,,9239967818766,j5g1hog8ev2nynmqoqopycweu97z77db,0,,0.0,0.0,0.0,0.0,,,,0,0,0,0,104737159,0,0,0,,0,0,0,0,0,0,0,,
396,0,Носки,410293847,SockLab,SL-SOCK-PACK-5,Носки мужские набор 5 пар хлопок,29-31,2200198374650,,Логистика,,2025-09-16,0,0,0.0,0,0,0,0,0,0,0.0,0.0,0.0,0.0,0.0,0.0,0.0,0.0,,0.0,0.0,0.0,1,0,86.23,2025-09-01,2025-10-05,,0.0,0,к клиенту при продаже,,,,,,,Коледино,Россия,,,0,,0031480080193,j5g1hog8ev2nynmqoqopycweu97z77db,0,,0.0,0.0,0.0,1.0,,,,0,0,0,0,0,0,0,0,"FBW, (МГТ, паллеты)",0,0,0,0,0,0,0,,
397,46913810,Джинсы,276583411,DenimPro,DP-JEANS-SLIM-02,Джинсы мужские slim тёмно-синие,32,2098374651002,Продажа,Продажа,2025-09-13,2025-09-16,1,3790,3634.61,0,0,0,3790,0,0,4.1,14.0,11.67,7.57,275.14,4.84,87.96,2.42,компенсация платёжных услуг,367.94,73.59,3193.08,0,0,0.0,,,,0.0,0,,,ВТБ,RND-004,"Ростов-на-Дону, пр. Будённовский, 21",,,Подольск,Россия,Моно,,0,,3184540867599,9t15kck4zynfgj1yofqt49qpeq6yf84z,0,,0.0,0.0,0.0,0.0,,,,0,0,0,0,842630509,0,0,0,,0,0,0,0,0,0,0,,
398,0,Куртки,734019285,NordWind,NW-JACKET-LITE,Куртка демисезонная мужская лёгкая,XXL,2510293847561,,Логистика,,2025-09-16,0,0,0.0,0,0,0,0,0,0,0.0,0.0,0.0,0.0,0.0,0.0,0.0,0.0,,0.0,0.0,0.0,1,0,195.91,2025-09-01,2025-10-05,,0.0,0,к клиенту при продаже,,,,,,,Подольск,Россия,,,0,,6040967831741,4aw8jhe5s517dxj17x6xda71ebvfwb5h,0,,0.0,0.0,0.0,1.47,,,,0,0,0,0,0,0,0,0,"FBW, (МГТ, короба)",0,0,0,0,0,0,0,,
399,46913810,Белье,867293041,ComfortZone,CZ-BRA-SPORT-01,Бюстгальтер спортивный бесшовный,L,2618293740156,Продажа,Продажа,2025-09-13,2025-09-16,1,890,820.58,0,0,0,890,0,0,7.8,16.0,13.33,5.53,45.38,2.24,19.61,2.39,компенсация платёжных услуг,67.23,13.45,739.9,0,0,0.0,,,,0.0,0,,,ВТБ,SMR-010,"Самара, ул. Ленинградская, 56",,,Хоругвино,Россия,Моно,,0,,5777235495446,n7ofhepn3vwtkcnl384xg08gsg8ueno8,0,,0.0,0.0,0.0,0.0,,,,0,0,0,0,733516846,0,0,0,,0,0,0,0,0,0,0,,
400,42868828,Кроссовки,312094875,StepMax,SM-SNKR-RUN-44,Кроссовки беговые мужские StepMax Air,41,2145098763210,Продажа,Продажа,2025-09-16,2025-09-16,1,5990,5516.79,0,0,0,5990,0,0,7.9,13.5,11.25,3.35,184.81,3.82,99.3,1.8,компенсация платёжных услуг,287.93,57.59,5171.27,0,0,0.0,,,,0.0,0,,,ВТБ,KZN-003,"Казань, ул. Баумана, 8",,,Коледино,Россия,Моно,,0,,3640427279058,14rs8u9bg9zvwt0y5kidy63ndttum2ix,0,,0.0,0.0,0.0,0.0,,,,0,0,0,0,257560938,0,0,0,,0,0,0,0,0,0,0,,
401,0,Кроссовки,312094875,StepMax,SM-SNKR-RUN-44,Кроссовки беговые мужские StepMax Air,43,2145098763210,,Логистика,,2025-09-16,0,0,0.0,0,0,0,0,0,0,0.0,0.0,0.0,0.0,0.0,0.0,0.0,0.0,,0.0,0.0,0.0,1,0,187.45,2025-09-01,2025-10-05,,0.0,0,к клиенту при продаже,,,,,,,Коледино,Россия,,,0,,3063228434813,14rs8u9bg9zvwt0y5kidy63ndttum2ix,0,,0.0,0.0,0.0,0.86,,,,0,0,0,0,0,0,0,0,"FBW, (МГТ, короба)",0,0,0,0,0,0,0,,
402,95822412,Шорты,198745750,UrbanWear,UW-SHORTS-CARGO,Шорты мужские карго хлопок,M,2037489561350,Продажа,Продажа,2025-09-14,2025-09-16,1,1990,1789.01,0,0,0,1990,0,0,10.1,15.0,12.5,2.4,42.94,2.66,27.37,1.53,компенсация платёжных услуг,72.97,14.59,1701.45,0,0,0.0,,,,0.0,0,,,Альфа-Банк,KZN-003,"Казань, ул. Баумана, 8",,,Белая Дача,Россия,Микс,,0,,3674345216130,9en0kertqhnol3obopab05dwjate4vv9,0,,0.0,0.0,0.0,0.0,,,,0,0,0,0,125024070,0,0,0,,0,0,0,0,0,0,0,,
403,24942603,Аксессуары,945018273,StyleUp,SU-BELT-LEATHER,Ремень кожаный классический,120,2719384650102,Продажа,Продажа,2025-09-16,2025-09-16,1,1290,1148.1,0,0,0,1290,0,0,11.0,14.0,11.67,0.67,7.69,3.84,18.71,1.63,компенсация платёжных услуг,30.24,6.05,1111.81,0,0,0.0,,,,0.0,0,,,Альфа-Банк,SPB-012,"Санкт-Петербург, Невский пр., 42",,,Тула,Россия,Микс,,0,,0310466040434,eauzvmmh541oo5vyfrrloa8o34lpqk5f,0,,0.0,0.0,0.0,0.0,,,,0,0,0,0,492959953,0,0,0,,0,0,0,0,0,0,0,,
404,0,Аксессуары,945018273,StyleUp,SU-BELT-LEATHER,Ремень кожаный классический,90,2719384650102,,Логистика,,2025-09-16,0,0,0.0,0,0,0,0,0,0,0.0,0.0,0.0,0.0,0.0,0.0,0.0,0.0,,0.0,0.0,0.0,1,0,69.87,2025-09-01,2025-10-05,,0.0,0,к клиенту при продаже,,,,,,,Тула,Россия,,,0,,2535032726399,eauzvmmh541oo5vyfrrloa8o34lpqk5f,0,,0.0,0.0,0.0,0.93,,,,0,0,0,0,0,0,0,0,"FBW, (МГТ, паллеты)",0,0,0,0,0,0,0,,
405,13356886,Сумки,523098175,CarryOn,CO-BAG-TOTE-01,Сумка-тоут женская эко-кожа,0,2301847562010,Продажа,Продажа,2025-09-15,2025-09-16,1,1990,1789.01,0,0,0,1990,0,0,10.1,14.5,12.08,1.98,35.42,1.7,30.23,1.69,компенсация платёжных услуг,67.35,13.47,1708.19,0,0,0.0,,,,0.0,0,,,Сбербанк,SMR-010,"Самара, ул. Ленинградская, 56",,,Коледино,Россия,Микс,,0,,4281762629421,u017wtp0kzupnei5zrwuo8nq189y42dj,0,,0.0,0.0,0.0,0.0,,,,0,0,0,0,486418967,0,0,0,,0,0,0,0,0,0,0,,
406,95822412,Кроссовки,312094876,StepMax,SM-SNKR-CSL-38,Кроссовки повседневные женские StepMax Lite,37,2145098763211,Продажа,Продажа,2025-09-11,2025-09-16,1,4990,4545.89,0,0,0,4990,0,0,8.9,13.5,11.25,2.35,106.83,1.62,79.1,1.74,компенсация платёжных услуг,187.55,37.51,4320.83,0,0,0.0,,,,0.0,0,,,ВТБ,EKB-007,"Екатеринбург, ул. Малышева, 33",,,Хоругвино,Россия,Моно,,0,,3418005445751,5zphw7lhxol0iuod0fuviv6txomi8co2,0,,0.0,0.0,0.0,0.0,,,,0,0,0,0,608936232,0,0,0,,0,0,0,0,0,0,0,,
407,24942603,Кроссовки,312094876,StepMax,SM-SNKR-CSL-38,Кроссовки повседневные женские StepMax Lite,39,2145098763211,Продажа,Продажа,2025-09-12,2025-09-16,1,4990,4500.98,0,0,0,4990,0,0,9.8,13.5,11.25,1.45,65.26,2.73,94.52,2.1,компенсация платёжных услуг,162.51,32.5,4305.97,0,0,0.0,,,,0.0,0,,,Сбербанк,SPB-012,"Санкт-Петербург, Невский пр., 42",,,Белая Дача,Россия,Моно,,0,,2929448927285,de74v6aousx9dxznkqwqyo6ilvb8dm1a,0,,0.0,0.0,0.0,0.0,,,,0,0,0,0,309044028,0,0,0,,0,0,0,0,0,0,0,,
408,95822412,Платья,645098231,LaDonna,LD-DRESS-MIDI,Платье миди с цветочным принтом,XS,2409182736450,Продажа,Продажа,2025-09-11,2025-09-16,1,3290,3118.92,0,0,0,3290,0,0,5.2,15.0,12.5,7.3,227.68,4.36,73.61,2.36,компенсация платёжных услуг,305.65,61.13,2752.14,0,0,0.0,,,,0.0,0,,,Сбербанк,NNG-006,"Нижний Новгород, ул. Большая Покровская, 18",,,Электросталь,Россия,Моно,,0,,8706989348195,u547otb85vif81j67kjfclccr9d47d7n,0,,0.0,0.0,0.0,0.0,,,,0,0,0,0,224560633,0,0,0,,0,0,0,0,0,0,0,,
409,0,Сумки,523098175,CarryOn,CO-BAG-TOTE-01,Сумка-тоут женская эко-кожа,0,2301847562010,,Логистика,,2025-09-16,0,0,0.0,0,0,0,0,0,0,0.0,0.0,0.0,0.0,0.0,0.0,0.0,0.0,,0.0,0.0,0.0,1,0,76.11,2025-09-01,2025-10-05,,0.0,0,к клиенту при продаже,,,,,,,Подольск,Россия,,,0,,3721947431640,bwk8xn29gxekbzcmlox8gct3m9gx06aw,0,,0.0,0.0,0.0,1.46,,,,0,0,0,0,0,0,0,0,"FBW, (МГТ, паллеты)",0,0,0,0,0,0,0,,
410,24942603,Рюкзаки,523098174,CarryOn,CO-BKPK-URBAN,Рюкзак городской с USB портом,0,2301847562009,Продажа,Продажа,2025-09-11,2025-09-16,1,2490,2333.13,0,0,0,2490,0,0,6.3,14.5,12.08,5.78,134.85,4.39,55.3,2.37,компенсация платёжных услуг,194.54,38.91,2099.68,0,0,0.0,,,,0.0,0,,,Сбербанк,EKB-007,"Екатеринбург, ул. Малышева, 33",,,Казань,Россия,Моно,,0,,7318174562037,c5z5l9hgmtvppfnniix1sknxd6zmbytj,0,,0.0,0.0,0.0,0.0,,,,0,0,0,0,106936450,0,0,0,,0,0,0,0,0,0,0,,
411,0,Рюкзаки,523098174,CarryOn,CO-BKPK-URBAN,Рюкзак городской с USB портом,0,2301847562009,,Логистика,,2025-09-16,0,0,0.0,0,0,0,0,0,0,0.0,0.0,0.0,0.0,0.0,0.0,0.0,0.0,,0.0,0.0,0.0,1,0,95.09,2025-09-01,2025-10-05,,0.0,0,к клиенту при продаже,,,,,,,Казань,Россия,,,0,,1284195548867,c5z5l9hgmtvppfnniix1sknxd6zmbytj,0,,0.0,0.0,0.0,1.16,,,,0,0,0,0,0,0,0,0,"FBW, (МГТ, паллеты)",0,0,0,0,0,0,0,,
412,42868828,Платья,645098231,LaDonna,LD-DRESS-MIDI,Платье миди с цветочным принтом,S,2409182736450,Возврат,Возврат,2025-09-11,2025-09-16,1,3290,3000.48,0,0,0,3290,0,0,8.8,15.0,12.5,3.7,-111.02,-1.8,-65.11,2.17,компенсация платёжных услуг,-177.93,-35.59,-2786.96,0,0,0.0,,,,0.0,0,,,,NNG-006,"Нижний Новгород, ул. Большая Покровская, 18",,,Электросталь,Россия,,,0,,3730485816774,2iiennngvdlv0wgd4hkpwi25y4xvryda,0,,0.0,0.0,0.0,0.0,,,,0,0,0,0,0,0,0,0,,0,0,0,0,0,0,0,,
413,0,Платья,645098231,LaDonna,LD-DRESS-MIDI,Платье миди с цветочным принтом,S,2409182736450,,Логистика,,2025-09-16,0,0,0.0,0,0,0,0,0,0,0.0,0.0,0.0,0.0,0.0,0.0,0.0,0.0,,0.0,0.0,0.0,0,1,105.61,2025-09-01,2025-10-05,,0.0,0,от клиента при возврате,,,,,,,Электросталь,Россия,,,0,,3874644735644,2iiennngvdlv0wgd4hkpwi25y4xvryda,0,,0.0,0.0,0.0,0.91,,,,0,0,0,0,0,0,0,0,"FBW, (МГТ, короба)",0,0,0,0,0,0,0,,
414,95822412,Джинсы,276583411,DenimPro,DP-JEANS-SLIM-02,Джинсы мужские slim тёмно-синие,30,2098374651002,Возврат,Возврат,2025-09-12,2025-09-16,1,3790,3513.33,0,0,0,3790,0,0,7.3,14.0,11.67,4.37,-153.53,-1.57,-56.56,1.61,компенсация платёжных услуг,-211.66,-42.33,-3259.34,0,0,0.0,,,,0.0,0,,,,SMR-010,"Самара, ул. Ленинградская, 56",,,Белая Дача,Россия,,,0,,6732361338644,tyyxz90vqszxpgbmczdbraeiu5axtvdh,0,,0.0,0.0,0.0,0.0,,,,0,0,0,0,0,0,0,0,,0,0,0,0,0,0,0,,
415,0,Джинсы,276583411,DenimPro,DP-JEANS-SLIM-02,Джинсы мужские slim тёмно-синие,30,2098374651002,,Логистика,,2025-09-16,0,0,0.0,0,0,0,0,0,0,0.0,0.0,0.0,0.0,0.0,0.0,0.0,0.0,,0.0,0.0,0.0,0,1,58.91,2025-09-01,2025-10-05,,0.0,0,от клиента при возврате,,,,,,,Белая Дача,Россия,,,0,,6657823177375,tyyxz90vqszxpgbmczdbraeiu5axtvdh,0,,0.0,0.0,0.0,1.11,,,,0,0,0,0,0,0,0,0,"FBS, (МГТ)",0,0,0,0,0,0,0,,
416,46913810,Белье,867293041,ComfortZone,CZ-BRA-SPORT-01,Бюстгальтер спортивный бесшовный,M,2618293740156,Возврат,Возврат,2025-09-13,2025-09-16,1,890,845.5,0,0,0,890,0,0,5.0,16.0,13.33,8.33,-70.43,-4.15,-17.16,2.03,компенсация платёжных услуг,-91.74,-18.35,-735.41,0,0,0.0,,,,0.0,0,,,,SPB-012,"Санкт-Петербург, Невский пр., 42",,,Краснодар,Россия,,,0,,6846373484739,jz9g6dvnq49440dclqgdd0dilxn48lbc,0,,0.0,0.0,0.0,0.0,,,,0,0,0,0,0,0,0,0,,0,0,0,0,0,0,0,,
417,0,Белье,867293041,ComfortZone,CZ-BRA-SPORT-01,Бюстгальтер спортивный бесшовный,S,2618293740156,,Логистика,,2025-09-16,0,0,0.0,0,0,0,0,0,0,0.0,0.0,0.0,0.0,0.0,0.0,0.0,0.0,,0.0,0.0,0.0,0,1,64.29,2025-09-01,2025-10-05,,0.0,0,от клиента при возврате,,,,,,,Краснодар,Россия,,,0,,5046921469980,jz9g6dvnq49440dclqgdd0dilxn48lbc,0,,0.0,0.0,0.0,1.35,,,,0,0,0,0,0,0,0,0,"FBS, (МГТ)",0,0,0,0,0,0,0,,
418,42868828,Джинсы,276583411,DenimPro,DP-JEANS-SLIM-02,Джинсы мужские slim тёмно-синие,31,2098374651002,Возврат,Возврат,2025-09-11,2025-09-16,1,3790,3573.97,0,0,0,3790,0,0,5.7,14.0,11.67,5.97,-213.37,-5.64,-77.2,2.16,компенсация платёжных услуг,-296.21,-59.24,-3218.52,0,0,0.0,,,,0.0,0,,,,KZN-003,"Казань, ул. Баумана, 8",,,Электросталь,Россия,,,0,,5150751308547,lv1j308ipuv58ohcu0e0r3jss3t14lyf,0,,0.0,0.0,0.0,0.0,,,,0,0,0,0,0,0,0,0,,0,0,0,0,0,0,0,,
419,0,Джинсы,276583411,DenimPro,DP-JEANS-SLIM-02,Джинсы мужские slim тёмно-синие,33,2098374651002,,Логистика,,2025-09-16,0,0,0.0,0,0,0,0,0,0,0.0,0.0,0.0,0.0,0.0,0.0,0.0,0.0,,0.0,0.0,0.0,0,1,94.52,2025-09-01,2025-10-05,,0.0,0,от клиента при возврате,,,,,,,Электросталь,Россия,,,0,,6563354223530,lv1j308ipuv58ohcu0e0r3jss3t14lyf,0,,0.0,0.0,0.0,1.38,,,,0,0,0,0,0,0,0,0,"FBW, (МГТ, паллеты)",0,0,0,0,0,0,0,,
420,13356886,Джинсы,276583410,DenimPro,DP-JEANS-MOM-01,Джинсы женские mom fit голубые,27,2098374651001,Возврат,Возврат,2025-09-13,2025-09-16,1,3490,3189.86,0,0,0,3490,0,0,8.6,14.0,11.67,3.07,-97.93,-2.71,-55.5,1.74,компенсация платёжных услуг,-156.14,-31.23,-3002.49,0,0,0.0,,,,0.0,0,,,,NSK-005,"Новосибирск, ул. Красный пр., 65",,,Тула,Россия,,,0,,8145900479447,kcs2yx1zdnqsamctxtyh40s2t657jyf8,0,,0.0,0.0,0.0,0.0,,,,0,0,0,0,0,0,0,0,,0,0,0,0,0,0,0,,
421,0,Джинсы,276583410,DenimPro,DP-JEANS-MOM-01,Джинсы женские mom fit голубые,28,2098374651001,,Логистика,,2025-09-16,0,0,0.0,0,0,0,0,0,0,0.0,0.0,0.0,0.0,0.0,0.0,0.0,0.0,,0.0,0.0,0.0,0,1,40.85,2025-09-01,2025-10-05,,0.0,0,от клиента при возврате,,,,,,,Тула,Россия,,,0,,4924160448610,kcs2yx1zdnqsamctxtyh40s2t657jyf8,0,,0.0,0.0,0.0,1.1,,,,0,0,0,0,0,0,0,0,"FBS, (МГТ)",0,0,0,0,0,0,0,,
422,42868828,Джинсы,276583410,DenimPro,DP-JEANS-MOM-01,Джинсы женские mom fit голубые,26,2098374651001,Возврат,Возврат,2025-09-10,2025-09-16,1,3490,3221.27,0,0,0,3490,0,0,7.7,14.0,11.67,3.97,-127.88,-7.25,-61.53,1.91,компенсация платёжных услуг,-196.66,-39.33,-2985.28,0,0,0.0,,,,0.0,0,,,,RND-004,"Ростов-на-Дону, пр. Будённовский, 21",,,Белая Дача,Россия,,,0,,4588907042315,km7y1uvjytmp4nvv78zoheotb1ppqvq1,0,,0.0,0.0,0.0,0.0,,,,0,0,0,0,0,0,0,0,,0,0,0,0,0,0,0,,
423,0,Джинсы,276583410,DenimPro,DP-JEANS-MOM-01,Джинсы женские mom fit голубые,28,2098374651001,,Логистика,,2025-09-16,0,0,0.0,0,0,0,0,0,0,0.0,0.0,0.0,0.0,0.0,0.0,0.0,0.0,,0.0,0.0,0.0,0,1,53.79,2025-09-01,2025-10-05,,0.0,0,от клиента при возврате,,,,,,,Белая Дача,Россия,,,0,,5992119272522,km7y1uvjytmp4nvv78zoheotb1ppqvq1,0,,0.0,0.0,0.0,1.26,,,,0,0,0,0,0,0,0,0,"FBW, (МГТ, короба)",0,0,0,0,0,0,0,,
424,24942603,Шорты,198745750,UrbanWear,UW-SHORTS-CARGO,Шорты мужские карго хлопок,L,2037489561350,Возврат,Возврат,2025-09-10,2025-09-16,1,1990,1854.68,0,0,0,1990,0,0,6.8,15.0,12.5,5.7,-105.72,-3.36,-35.42,1.91,компенсация платёжных услуг,-144.5,-28.9,-1681.28,0,0,0.0,,,,0.0,0,,,,NSK-005,"Новосибирск, ул. Красный пр., 65",,,Краснодар,Россия,,,0,,8868657296614,uqionmc7icku92qq1xzqg1kwh54wqrv5,0,,0.0,0.0,0.0,0.0,,,,0,0,0,0,0,0,0,0,,0,0,0,0,0,0,0,,
425,0,Шорты,198745750,UrbanWear,UW-SHORTS-CARGO,Шорты мужские карго хлопок,M,2037489561350,,Логистика,,2025-09-16,0,0,0.0,0,0,0,0,0,0,0.0,0.0,0.0,0.0,0.0,0.0,0.0,0.0,,0.0,0.0,0.0,0,1,109.13,2025-09-01,2025-10-05,,0.0,0,от клиента при возврате,,,,,,,Краснодар,Россия,,,0,,7500644184698,uqionmc7icku92qq1xzqg1kwh54wqrv5,0,,0.0,0.0,0.0,1.47,,,,0,0,0,0,0,0,0,0,"FBS, (МГТ)",0,0,0,0,0,0,0,,
426,24942603,Джинсы,276583410,DenimPro,DP-JEANS-MOM-01,Джинсы женские mom fit голубые,30,2098374651001,Возврат,Возврат,2025-09-09,2025-09-16,1,3490,3081.67,0,0,0,3490,0,0,11.7,14.0,11.67,0.5,-15.41,-3.42,-46.84,1.52,компенсация платёжных услуг,-65.67,-13.13,-3002.87,0,0,0.0,,,,0.0,0,,,,EKB-007,"Екатеринбург, ул. Малышева, 33",,,Казань,Россия,,,0,,6270743473983,dbznmtr28j9bf63y8ocvf34ei2brsv43,0,,0.0,0.0,0.0,0.0,,,,0,0,0,0,0,0,0,0,,0,0,0,0,0,0,0,,
427,0,Джинсы,276583410,DenimPro,DP-JEANS-MOM-01,Джинсы женские mom fit голубые,30,2098374651001,,Логистика,,2025-09-16,0,0,0.0,0,0,0,0,0,0,0.0,0.0,0.0,0.0,0.0,0.0,0.0,0.0,,0.0,0.0,0.0,0,1,103.8,2025-09-01,2025-10-05,,0.0,0,от клиента при возврате,,,,,,,Казань,Россия,,,0,,6940714806539,dbznmtr28j9bf63y8ocvf34ei2brsv43,0,,0.0,0.0,0.0,0.92,,,,0,0,0,0,0,0,0,0,"FBS, (МГТ)",0,0,0,0,0,0,0,,
428,0,Белье,867293041,ComfortZone,CZ-BRA-SPORT-01,Бюстгальтер спортивный бесшовный,S,2618293740156,,Логистика,,2025-09-16,0,0,0.0,0,0,0,0,0,0,0.0,0.0,0.0,0.0,0.0,0.0,0.0,0.0,,0.0,0.0,0.0,1,0,59.9,2025-09-01,2025-10-05,,0.0,0,к клиенту при отмене,,,,,,,Белая Дача,Россия,,,0,,0523662067195,dkrf4fxen3macmvb9zxvth4oqsrldhh2,0,,0.0,0.0,0.0,0.95,,,,0,0,0,0,0,0,0,0,"FBS, (МГТ)",0,0,0,0,0,0,0,,
429,0,Джинсы,276583410,DenimPro,DP-JEANS-MOM-01,Джинсы женские mom fit голубые,26,2098374651001,,Логистика,,2025-09-16,0,0,0.0,0,0,0,0,0,0,0.0,0.0,0.0,0.0,0.0,0.0,0.0,0.0,,0.0,0.0,0.0,0,1,60.08,2025-09-01,2025-10-05,,0.0,0,от клиента при отмене,,,,,,,Казань,Россия,,,0,,7244309889016,bi8bnq49dmxs03dsw1s6mopz24heskjw,0,,0.0,0.0,0.0,1.18,,,,0,0,0,0,0,0,0,0,"FBW, (МГТ, паллеты)",0,0,0,0,0,0,0,,
430,0,Джинсы,276583410,DenimPro,DP-JEANS-MOM-01,Джинсы женские mom fit голубые,28,2098374651001,,Логистика,,2025-09-16,0,0,0.0,0,0,0,0,0,0,0.0,0.0,0.0,0.0,0.0,0.0,0.0,0.0,,0.0,0.0,0.0,0,1,114.48,2025-09-01,2025-10-05,,0.0,0,от клиента при отмене,,,,,,,Хоругвино,Россия,,,0,,2543576855548,l9v2qji47jwu7sa7idi09kgw8c4ag1qi,0,,0.0,0.0,0.0,0.81,,,,0,0,0,0,0,0,0,0,"FBW, (МГТ, паллеты)",0,0,0,0,0,0,0,,
431,0,Кроссовки,312094876,StepMax,SM-SNKR-CSL-38,Кроссовки повседневные женские StepMax Lite,37,2145098763211,,Логистика,,2025-09-16,0,0,0.0,0,0,0,0,0,0,0.0,0.0,0.0,0.0,0.0,0.0,0.0,0.0,,0.0,0.0,0.0,0,1,154.95,2025-09-01,2025-10-05,,0.0,0,от клиента при отмене,,,,,,,Белая Дача,Россия,,,0,,3942357296774,ce91tefo1s93enwwz3fo1ypislwvoqj4,0,,0.0,0.0,0.0,1.02,,,,0,0,0,0,0,0,0,0,"FBW, (МГТ, короба)",0,0,0,0,0,0,0,,
432,0,Футболки,198745633,UrbanWear,UW-TSHIRT-002,Футболка женская приталенная,L,2037489561235,,Логистика,,2025-09-16,0,0,0.0,0,0,0,0,0,0,0.0,0.0,0.0,0.0,0.0,0.0,0.0,0.0,,0.0,0.0,0.0,0,1,71.16,2025-09-01,2025-10-05,,0.0,0,от клиента при отмене,,,,,,,Коледино,Россия,,,0,,0627303642546,swy1ze5hbhaqelfxizgjf3j9lhepu4u5,0,,0.0,0.0,0.0,1.11,,,,0,0,0,0,0,0,0,0,"FBW, (МГТ, паллеты)",0,0,0,0,0,0,0,,
433,0,Белье,867293041,ComfortZone,CZ-BRA-SPORT-01,Бюстгальтер спортивный бесшовный,S,2618293740156,,Логистика,,2025-09-16,0,0,0.0,0,0,0,0,0,0,0.0,0.0,0.0,0.0,0.0,0.0,0.0,0.0,,0.0,0.0,0.0,0,1,96.75,2025-09-01,2025-10-05,,0.0,0,от клиента при отмене,,,,,,,Краснодар,Россия,,,0,,0524715556269,3ev6nz81xn5b0molrv4dgqvtaklof5l5,0,,0.0,0.0,0.0,1.22,,,,0,0,0,0,0,0,0,0,"FBW, (МГТ, паллеты)",0,0,0,0,0,0,0,,
434,0,Кроссовки,312094875,StepMax,SM-SNKR-RUN-44,Кроссовки беговые мужские StepMax Air,42,2145098763210,,Логистика,,2025-09-16,0,0,0.0,0,0,0,0,0,0,0.0,0.0,0.0,0.0,0.0,0.0,0.0,0.0,,0.0,0.0,0.0,1,0,196.3,2025-09-01,2025-10-05,,0.0,0,к клиенту при отмене,,,,,,,Белая Дача,Россия,,,0,,0956442567787,6000u1r54ed6lob24hy05y5fnx74ssd1,0,,0.0,0.0,0.0,1.13,,,,0,0,0,0,0,0,0,0,"FBS, (МГТ)",0,0,0,0,0,0,0,,
435,0,Кроссовки,312094876,StepMax,SM-SNKR-CSL-38,Кроссовки повседневные женские StepMax Lite,36,2145098763211,,Логистика,,2025-09-16,0,0,0.0,0,0,0,0,0,0,0.0,0.0,0.0,0.0,0.0,0.0,0.0,0.0,,0.0,0.0,0.0,1,0,147.71,2025-09-01,2025-10-05,,0.0,0,к клиенту при отмене,,,,,,,Тула,Россия,,,0,,4464949031028,b8hlar1vy7hxr4g0cyobg0iuz948p7a8,0,,0.0,0.0,0.0,1.06,,,,0,0,0,0,0,0,0,0,"FBW, (МГТ, паллеты)",0,0,0,0,0,0,0,,
436,0,Сумки,523098175,CarryOn,CO-BAG-TOTE-01,Сумка-тоут женская эко-кожа,0,2301847562010,,Логистика,,2025-09-16,0,0,0.0,0,0,0,0,0,0,0.0,0.0,0.0,0.0,0.0,0.0,0.0,0.0,,0.0,0.0,0.0,0,1,105.75,2025-09-01,2025-10-05,,0.0,0,от клиента при отмене,,,,,,,Белая Дача,Россия,,,0,,1699144424924,2ve4irf7bcu5sxqkqbkurt6267cgfx30,0,,0.0,0.0,0.0,1.25,,,,0,0,0,0,0,0,0,0,"FBW, (МГТ, паллеты)",0,0,0,0,0,0,0,,
437,0,Аксессуары,945018273,StyleUp,SU-BELT-LEATHER,Ремень кожаный классический,120,2719384650102,,Логистика,,2025-09-16,0,0,0.0,0,0,0,0,0,0,0.0,0.0,0.0,0.0,0.0,0.0,0.0,0.0,,0.0,0.0,0.0,0,1,98.31,2025-09-01,2025-10-05,,0.0,0,от клиента при отмене,,,,,,,Тула,Россия,,,0,,0124179698044,258jy6vy0v3cmuexbx0hj7t5bfxpfw8x,0,,0.0,0.0,0.0,1.0,,,,0,0,0,0,0,0,0,0,"FBW, (МГТ, паллеты)",0,0,0,0,0,0,0,,
438,0,,0,,,,0,,,Хранение,,2025-09-16,0,0,0.0,0,0,0,0,0,0,0.0,0.0,0.0,0.0,0.0,0.0,0.0,0.0,,0.0,0.0,0.0,0,0,0.0,,,,0.0,0,Хранение,,,,,,,,,,,0,,,kdru4c2p2k5qs49mvk8s7jyrigg48ftl,0,,1903.71,0.0,0.0,0.0,,,,0,0,0,0,0,0,0,0,,0,0,0,0,0,0,0,,
439,0,Футболки,198745632,UrbanWear,UW-TSHIRT-001,Футболка мужская хлопок оверсайз,0,2037489561234,,Штраф,,2025-09-16,0,0,0.0,0,0,0,0,0,0,0.0,0.0,0.0,0.0,0.0,0.0,0.0,0.0,,0.0,0.0,0.0,0,0,0.0,,,,424.84,0,Штраф за недопоставку товара,,,,,,,Казань,,,,0,,,2a5i8jnbrjs1m3rmzm4qi31ho4x8scx4,0,,0.0,0.0,0.0,0.0,,,,0,0,0,0,0,0,0,0,,0,0,0,0,0,0,0,,
440,0,,0,,,,0,,,Удержания,,2025-09-16,0,0,0.0,0,0,0,0,0,0,0.0,0.0,0.0,0.0,0.0,0.0,0.0,0.0,,0.0,0.0,0.0,0,0,0.0,,,,0.0,0,WB Продвижение — поиск,,,,,,,,,,,0,,,x0102ottx57lyq9vj2vdy6beg22418i3,0,,0.0,3514.23,0.0,0.0,,,,0,0,0,0,0,0,0,0,,0,0,0,0,0,0,0,,
441,0,,0,,,,0,,,Удержания,,2025-09-16,0,0,0.0,0,0,0,0,0,0,0.0,0.0,0.0,0.0,0.0,0.0,0.0,0.0,,0.0,0.0,0.0,0,0,0.0,,,,0.0,0,Подписка Джем,,,,,,,,,,,0,,,01stxmzi9y8u40qcu5wmg7f10tb81ouv,0,,0.0,1221.85,0.0,0.0,,,,0,0,0,0,0,0,0,0,,0,0,0,0,0,0,0,,
442,13356886,,0,,,,0,,,Обработка товара,,2025-09-16,0,0,0.0,0,0,0,0,0,0,0.0,0.0,0.0,0.0,0.0,0.0,0.0,0.0,,0.0,0.0,0.0,0,0,0.0,,,,0.0,0,Обработка товара,,,,,,,Тула,,,,0,,,l0opxnccrbf4af3qhyh0g0xqz3g0ksjh,0,,0.0,0.0,518.06,0.0,,,,0,0,0,0,0,0,0,0,,0,0,0,0,0,0,0,,
443,95822412,Джинсы,276583411,DenimPro,DP-JEANS-SLIM-02,Джинсы мужские slim тёмно-синие,31,2098374651002,Продажа,Продажа,2025-09-16,2025-09-17,1,3790,3448.9,0,0,0,3790,0,0,9.0,14.0,11.67,2.67,92.09,1.32,59.67,1.73,компенсация платёжных услуг,153.08,30.62,3265.2,0,0,0.0,,,,0.0,0,,,Альфа-Банк,SPB-012,"Санкт-Петербург, Невский пр., 42",,,Электросталь,Россия,Моно,,0,,3481367606524,vbdivuzzpqk51fpkh1dnmmjbqe7ckw5n,0,,0.0,0.0,0.0,0.0,,,,0,0,0,0,349957310,0,0,0,,0,0,0,0,0,0,0,,
444,46913810,Рюкзаки,523098174,CarryOn,CO-BKPK-URBAN,Рюкзак городской с USB портом,0,2301847562009,Продажа,Продажа,2025-09-15,2025-09-17,1,2490,2425.26,0,0,0,2490,0,0,2.6,14.5,12.08,9.48,229.91,6.55,50.93,2.1,компенсация платёжных услуг,287.39,57.48,2080.39,0,0,0.0,,,,0.0,0,,,Альфа-Банк,NNG-006,"Нижний Новгород, ул. Большая Покровская, 18",,,Белая Дача,Россия,Микс,,0,,6695400432098,49kwv08hhxfgcaqvkizzqy72wx7ptx63,0,,0.0,0.0,0.0,0.0,,,,0,0,0,0,233523720,0,0,0,,0,0,0,0,0,0,0,,
445,46913810,Джинсы,276583410,DenimPro,DP-JEANS-MOM-01,Джинсы женские mom fit голубые,25,2098374651001,Продажа,Продажа,2025-09-16,2025-09-17,1,3490,3259.66,0,0,0,3490,0,0,6.6,14.0,11.67,5.07,165.26,1.82,75.95,2.33,компенсация платёжных услуг,243.03,48.61,2968.02,0,0,0.0,,,,0.0,0,,,ВТБ,NSK-005,"Новосибирск, ул. Красный пр., 65",,,Тула,Россия,Микс,,0,,4444115710783,xo1bdje153a5qbswrpbjek5rbw2zlaoi,0,,0.0,0.0,0.0,0.0,,,,0,0,0,0,646397165,0,0,0,,0,0,0,0,0,0,0,,
446,0,Футболки,198745633,UrbanWear,UW-TSHIRT-002,Футболка женская приталенная,XS,2037489561235,,Логистика,,2025-09-17,0,0,0.0,0,0,0,0,0,0,0.0,0.0,0.0,0.0,0.0,0.0,0.0,0.0,,0.0,0.0,0.0,1,0,117.39,2025-09-01,2025-10-05,,0.0,0,к клиенту при продаже,,,,,,,Хоругвино,Россия,,,0,,4072663850321,xpj4hnriuu9k9xjuy0bvr6k2vmwwyzx4,0,,0.0,0.0,0.0,1.01,,,,0,0,0,0,0,0,0,0,"FBW, (МГТ, паллеты)",0,0,0,0,0,0,0,,
447,42868828,Кроссовки,312094876,StepMax,SM-SNKR-CSL-38,Кроссовки повседневные женские StepMax Lite,37,2145098763211,Продажа,Продажа,2025-09-16,2025-09-17,1,4990,4705.57,0,0,0,4990,0,0,5.7,13.5,11.25,5.55,261.16,6.05,107.29,2.28,компенсация платёжных услуг,374.5,74.9,4256.17,0,0,0.0,,,,0.0,0,,,Сбербанк,MSK-001,"Москва, ул. Ленина, 15",,,Подольск,Россия,Моно,,0,,7004464253165,fr4muekipu1wyuvxybj17mgfxc08dtnq,0,,0.0,0.0,0.0,0.0,,,,0,0,0,0,267052653,0,0,0,,0,0,0,0,0,0,0,,
448,0,Худи,198745700,UrbanWear,UW-HOODIE-BLK,Худи унисекс оверсайз чёрное,XL,2037489561300,,Логистика,,2025-09-17,0,0,0.0,0,0,0,0,0,0,0.0,0.0,0.0,0.0,0.0,0.0,0.0,0.0,,0.0,0.0,0.0,1,0,56.01,2025-09-01,2025-10-05,,0.0,0,к клиенту при продаже,,,,,,,Подольск,Россия,,,0,,1798996752217,tlcxlvpymb5m9j98cwn2y8fv2bc2nnuv,0,,0.0,0.0,0.0,0.9,,,,0,0,0,0,0,0,0,0,"FBW, (МГТ, короба)",0,0,0,0,0,0,0,,
449,13356886,Куртки,734019285,NordWind,NW-JACKET-LITE,Куртка демисезонная мужская лёгкая,L,2510293847561,Продажа,Продажа,2025-09-16,2025-09-17,1,6490,6165.5,0,0,0,6490,0,0,5.0,13.0,10.83,5.83,359.45,2.13,149.82,2.43,компенсация платёжных услуг,511.4,102.28,5551.82,0,0,0.0,,,,0.0,0,,,Тинькофф Банк,KRD-009,"Краснодар, ул. Красная, 109",,,Электросталь,Россия,Микс,,0,,8265135519167,ehe2atn2twdl9zs13c9xqym52xg8p6be,0,,0.0,0.0,0.0,0.0,,,,0,0,0,0,657162259,0,0,0,,0,0,0,0,0,0,0,,
450,0,Кроссовки,312094875,StepMax,SM-SNKR-RUN-44,Кроссовки беговые мужские StepMax Air,41,2145098763210,,Логистика,,2025-09-17,0,0,0.0,0,0,0,0,0,0,0.0,0.0,0.0,0.0,0.0,0.0,0.0,0.0,,0.0,0.0,0.0,1,0,189.08,2025-09-01,2025-10-05,,0.0,0,к клиенту при продаже,,,,,,,Казань,Россия,,,0,,7796732324633,vylkfxhkc856wpr97y2lofn1r4kz36u8,0,,0.0,0.0,0.0,0.95,,,,0,0,0,0,0,0,0,0,"FBW, (МГТ, короба)",0,0,0,0,0,0,0,,
451,42868828,Футболки,198745633,UrbanWear,UW-TSHIRT-002,Футболка женская приталенная,M,2037489561235,Продажа,Продажа,2025-09-16,2025-09-17,1,1690,1627.47,0,0,0,1690,0,0,3.7,15.0,12.5,8.8,143.22,5.29,33.53,2.06,компенсация платёжных услуг,182.04,36.41,1409.02,0,0,0.0,,,,0.0,0,,,ВТБ,KRD-009,"Краснодар, ул. Красная, 109",,,Казань,Россия,Микс,,0,,1027562346619,yt8qzpky32orwixz2c9ros7yt2m6twd1,0,,0.0,0.0,0.0,0.0,,,,0,0,0,0,954946593,0,0,0,,0,0,0,0,0,0,0,,
452,95822412,Носки,410293847,SockLab,SL-SOCK-PACK-5,Носки мужские набор 5 пар хлопок,29-31,2200198374650,Продажа,Продажа,2025-09-16,2025-09-17,1,690,635.49,0,0,0,690,0,0,7.9,17.0,14.17,6.27,39.85,3.45,14.04,2.21,компенсация платёжных услуг,57.34,11.47,566.68,0,0,0.0,,,,0.0,0,,,ВТБ,KZN-003,"Казань, ул. Баумана, 8",,,Электросталь,Россия,Моно,,0,,7885551925959,2hbik2u1rsujt9t11php0xi5bj5d5e3h,0,,0.0,0.0,0.0,0.0,,,,0,0,0,0,761587312,0,0,0,,0,0,0,0,0,0,0,,
453,0,Носки,410293847,SockLab,SL-SOCK-PACK-5,Носки мужские набор 5 пар хлопок,25-27,2200198374650,,Логистика,,2025-09-17,0,0,0.0,0,0,0,0,0,0,0.0,0.0,0.0,0.0,0.0,0.0,0.0,0.0,,0.0,0.0,0.0,1,0,50.85,2025-09-01,2025-10-05,,0.0,0,к клиенту при продаже,,,,,,,Электросталь,Россия,,,0,,9818278764524,2hbik2u1rsujt9t11php0xi5bj5d5e3h,0,,0.0,0.0,0.0,1.33,,,,0,0,0,0,0,0,0,0,"FBW, (МГТ, паллеты)",0,0,0,0,0,0,0,,
454,95822412,Кроссовки,312094875,StepMax,SM-SNKR-RUN-44,Кроссовки беговые мужские StepMax Air,44,2145098763210,Продажа,Продажа,2025-09-16,2025-09-17,1,5990,5277.19,0,0,0,5990,0,0,11.9,13.5,11.25,0.5,26.39,3.07,103.43,1.96,компенсация платёжных услуг,132.89,26.58,5117.72,0,0,0.0,,,,0.0,0,,,Сбербанк,KZN-003,"Казань, ул. Баумана, 8",,,Белая Дача,Россия,Микс,,0,,3641880163892,wzp6swk2rv239moft6yriaddur82c06x,0,,0.0,0.0,0.0,0.0,,,,0,0,0,0,142353230,0,0,0,,0,0,0,0,0,0,0,,
455,0,Футболки,198745632,UrbanWear,UW-TSHIRT-001,Футболка мужская хлопок оверсайз,M,2037489561234,,Логистика,,2025-09-17,0,0,0.0,0,0,0,0,0,0,0.0,0.0,0.0,0.0,0.0,0.0,0.0,0.0,,0.0,0.0,0.0,1,0,73.49,2025-09-01,2025-10-05,,0.0,0,к клиенту при продаже,,,,,,,Казань,Россия,,,0,,2994147727879,1vznqdxamw2tnd6r30ojhe4h3gm1bwye,0,,0.0,0.0,0.0,1.23,,,,0,0,0,0,0,0,0,0,"FBS, (МГТ)",0,0,0,0,0,0,0,,
456,46913810,Джинсы,276583411,DenimPro,DP-JEANS-SLIM-02,Джинсы мужские slim тёмно-синие,31,2098374651002,Продажа,Продажа,2025-09-16,2025-09-17,1,3790,3604.29,0,0,0,3790,0,0,4.9,14.0,11.67,6.77,244.01,3.79,81.1,2.25,компенсация платёжных услуг,328.9,65.78,3209.61,0,0,0.0,,,,0.0,0,,,Альфа-Банк,SPB-012,"Санкт-Петербург, Невский пр., 42",,,Хоругвино,Россия,Моно,,0,,4382969417822,jodck82853uy8u118qqvaecw9yil8sa3,0,,0.0,0.0,0.0,0.0,,,,0,0,0,0,695445137,0,0,0,,0,0,0,0,0,0,0,,
457,0,Джинсы,276583411,DenimPro,DP-JEANS-SLIM-02,Джинсы мужские slim тёмно-синие,30,2098374651002,,Логистика,,2025-09-17,0,0,0.0,0,0,0,0,0,0,0.0,0.0,0.0,0.0,0.0,0.0,0.0,0.0,,0.0,0.0,0.0,1,0,106.91,2025-09-01,2025-10-05,,0.0,0,к клиенту при продаже,,,,,,,Хоругвино,Россия,,,0,,9666750464988,jodck82853uy8u118qqvaecw9yil8sa3,0,,0.0,0.0,0.0,1.05,,,,0,0,0,0,0,0,0,0,"FBW, (МГТ, короба)",0,0,0,0,0,0,0,,
458,42868828,Носки,410293847,SockLab,SL-SOCK-PACK-5,Носки мужские набор 5 пар хлопок,25-27,2200198374650,Продажа,Продажа,2025-09-13,2025-09-17,1,690,608.58,0,0,0,690,0,0,11.8,17.0,14.17,2.37,14.42,5.8,14.06,2.31,компенсация платёжных услуг,34.28,6.86,567.44,0,0,0.0,,,,0.0,0,,,Альфа-Банк,EKB-007,"Екатеринбург, ул. Малышева, 33",,,Электросталь,Россия,Микс,,0,,8187404186534,hub2rtsoyg9zqyahulwjtiqwnrhzn4kg,0,,0.0,0.0,0.0,0.0,,,,0,0,0,0,696291839,0,0,0,,0,0,0,0,0,0,0,,
459,0,Куртки,734019285,NordWind,NW-JACKET-LITE,Куртка демисезонная мужская лёгкая,L,2510293847561,,Логистика,,2025-09-17,0,0,0.0,0,0,0,0,0,0,0.0,0.0,0.0,0.0,0.0,0.0,0.0,0.0,,0.0,0.0,0.0,1,0,168.11,2025-09-01,2025-10-05,,0.0,0,к клиенту при продаже,,,,,,,Подольск,Россия,,,0,,4878060837938,qx5ggomf9pml9ln1p0vuh17j8qo09vs9,0,,0.0,0.0,0.0,1.31,,,,0,0,0,0,0,0,0,0,"FBW, (МГТ, паллеты)",0,0,0,0,0,0,0,,
460,95822412,Худи,198745700,UrbanWear,UW-HOODIE-BLK,Худи унисекс оверсайз чёрное,M,2037489561300,Продажа,Продажа,2025-09-12,2025-09-17,1,2990,2762.76,0,0,0,2990,0,0,7.6,15.0,12.5,4.9,135.38,7.98,55.81,2.02,компенсация платёжных услуг,199.17,39.83,2523.76,0,0,0.0,,,,0.0,0,,,Тинькофф Банк,SPB-012,"Санкт-Петербург, Невский пр., 42",,,Белая Дача,Россия,Микс,,0,,3906433503969,xva1nkbtfshb0oqvshkoecubods1eeur,0,,0.0,0.0,0.0,0.0,,,,0,0,0,0,385891368,0,0,0,,0,0,0,0,0,0,0,,
461,13356886,Носки,410293847,SockLab,SL-SOCK-PACK-5,Носки мужские набор 5 пар хлопок,29-31,2200198374650,Продажа,Продажа,2025-09-12,2025-09-17,1,690,639.63,0,0,0,690,0,0,7.3,17.0,14.17,6.87,43.94,2.3,12.79,2.0,компенсация платёжных услуг,59.03,11.81,568.79,0,0,0.0,,,,0.0,0,,,ВТБ,VRN-008,"Воронеж, ул. Плехановская, 22",,,Коледино,Россия,Моно,,0,,0934706339920,thsjr0fzauxbgk2wbxanj4x5a5xin9dl,0,,0.0,0.0,0.0,0.0,,,,0,0,0,0,865007974,0,0,0,,0,0,0,0,0,0,0,,
462,46913810,Кроссовки,312094875,StepMax,SM-SNKR-RUN-44,Кроссовки беговые мужские StepMax Air,42,2145098763210,Продажа,Продажа,2025-09-16,2025-09-17,1,5990,5852.23,0,0,0,5990,0,0,2.3,13.5,11.25,8.95,523.77,7.9,124.07,2.12,компенсация платёжных услуг,655.74,131.15,5065.34,0,0,0.0,,,,0.0,0,,,Тинькофф Банк,SMR-010,"Самара, ул. Ленинградская, 56",,,Тула,Россия,Моно,,0,,6364567384110,het25lzse99f77lu8el5015oop767j2d,0,,0.0,0.0,0.0,0.0,,,,0,0,0,0,349304100,0,0,0,,0,0,0,0,0,0,0,,
463,0,Кроссовки,312094875,StepMax,SM-SNKR-RUN-44,Кроссовки беговые мужские StepMax Air,42,2145098763210,,Логистика,,2025-09-17,0,0,0.0,0,0,0,0,0,0,0.0,0.0,0.0,0.0,0.0,0.0,0.0,0.0,,0.0,0.0,0.0,1,0,194.02,2025-09-01,2025-10-05,,0.0,0,к клиенту при продаже,,,,,,,Тула,Россия,,,0,,7099843424073,het25lzse99f77lu8el5015oop767j2d,0,,0.0,0.0,0.0,0.96,,,,0,0,0,0,0,0,0,0,"FBS, (МГТ)",0,0,0,0,0,0,0,,
464,42868828,Белье,867293041,ComfortZone,CZ-BRA-SPORT-01,Бюстгальтер спортивный бесшовный,L,2618293740156,Продажа,Продажа,2025-09-17,2025-09-17,1,890,843.72,0,0,0,890,0,0,5.2,16.0,13.33,8.13,68.59,3.68,15.86,1.88,компенсация платёжных услуг,88.13,17.63,737.96,0,0,0.0,,,,0.0,0,,,Тинькофф Банк,KZN-003,"Казань, ул. Баумана, 8",,,Электросталь,Россия,Моно,,0,,1398196100744,1xqkwqh5k2y77z69uws44c68au9dkbpv,0,,0.0,0.0,0.0,0.0,,,,0,0,0,0,609889300,0,0,0,,0,0,0,0,0,0,0,,
465,0,Белье,867293041,ComfortZone,CZ-BRA-SPORT-01,Бюстгальтер спортивный бесшовный,M,2618293740156,,Логистика,,2025-09-17,0,0,0.0,0,0,0,0,0,0,0.0,0.0,0.0,0.0,0.0,0.0,0.0,0.0,,0.0,0.0,0.0,1,0,46.77,2025-09-01,2025-10-05,,0.0,0,к клиенту при продаже,,,,,,,Электросталь,Россия,,,0,,8696448324047,1xqkwqh5k2y77z69uws44c68au9dkbpv,0,,0.0,0.0,0.0,1.25,,,,0,0,0,0,0,0,0,0,"FBW, (МГТ, паллеты)",0,0,0,0,0,0,0,,
466,46913810,Шорты,198745750,UrbanWear,UW-SHORTS-CARGO,Шорты мужские карго хлопок,L,2037489561350,Продажа,Продажа,2025-09-12,2025-09-17,1,1990,1896.47,0,0,0,1990,0,0,4.7,15.0,12.5,7.8,147.92,6.62,33.38,1.76,компенсация платёжных услуг,187.92,37.58,1670.97,0,0,0.0,,,,0.0,0,,,ВТБ,NNG-006,"Нижний Новгород, ул. Большая Покровская, 18",,,Белая Дача,Россия,Моно,,0,,7513615680014,pwh0mx1egok01tnzrf5a7qy8yb7w8p74,0,,0.0,0.0,0.0,0.0,,,,0,0,0,0,930164576,0,0,0,,0,0,0,0,0,0,0,,
467,0,Шорты,198745750,UrbanWear,UW-SHORTS-CARGO,Шорты мужские карго хлопок,M,2037489561350,,Логистика,,2025-09-17,0,0,0.0,0,0,0,0,0,0,0.0,0.0,0.0,0.0,0.0,0.0,0.0,0.0,,0.0,0.0,0.0,1,0,98.02,2025-09-01,2025-10-05,,0.0,0,к клиенту при продаже,,,,,,,Белая Дача,Россия,,,0,,6058251906376,pwh0mx1egok01tnzrf5a7qy8yb7w8p74,0,,0.0,0.0,0.0,0.98,,,,0,0,0,0,0,0,0,0,"FBW, (МГТ, короба)",0,0,0,0,0,0,0,,
468,46913810,Кроссовки,312094876,StepMax,SM-SNKR-CSL-38,Кроссовки повседневные женские StepMax Lite,40,2145098763211,Продажа,Продажа,2025-09-12,2025-09-17,1,4990,4401.18,0,0,0,4990,0,0,11.8,13.5,11.25,0.5,22.01,5.33,103.87,2.36,компенсация платёжных услуг,131.21,26.24,4243.73,0,0,0.0,,,,0.0,0,,,Тинькофф Банк,NNG-006,"Нижний Новгород, ул. Большая Покровская, 18",,,Электросталь,Россия,Моно,,0,,2176941606243,ue2wnf5ca7zvky2refjqigyvzwd3kpug,0,,0.0,0.0,0.0,0.0,,,,0,0,0,0,927136912,0,0,0,,0,0,0,0,0,0,0,,
469,24942603,Худи,198745700,UrbanWear,UW-HOODIE-BLK,Худи унисекс оверсайз чёрное,XL,2037489561300,Продажа,Продажа,2025-09-16,2025-09-17,1,2990,2810.6,0,0,0,2990,0,0,6.0,15.0,12.5,6.5,182.69,5.13,44.97,1.6,компенсация платёжных услуг,232.79,46.56,2531.25,0,0,0.0,,,,0.0,0,,,Тинькофф Банк,SPB-012,"Санкт-Петербург, Невский пр., 42",,,Белая Дача,Россия,Моно,,0,,3591872752764,o1lqsrnkzcrnq0y4io9p4627nayyosye,0,,0.0,0.0,0.0,0.0,,,,0,0,0,0,490530625,0,0,0,,0,0,0,0,0,0,0,,
470,0,Кроссовки,312094876,StepMax,SM-SNKR-CSL-38,Кроссовки повседневные женские StepMax Lite,36,2145098763211,,Логистика,,2025-09-17,0,0,0.0,0,0,0,0,0,0,0.0,0.0,0.0,0.0,0.0,0.0,0.0,0.0,,0.0,0.0,0.0,1,0,121.42,2025-09-01,2025-10-05,,0.0,0,к клиенту при продаже,,,,,,,Электросталь,Россия,,,0,,6265903303485,1xsrqkrst3ta195eq4pbgx25fplo1urt,0,,0.0,0.0,0.0,1.05,,,,0,0,0,0,0,0,0,0,"FBW, (МГТ, паллеты)",0,0,0,0,0,0,0,,
471,13356886,Футболки,198745633,UrbanWear,UW-TSHIRT-002,Футболка женская приталенная,L,2037489561235,Продажа,Продажа,2025-09-13,2025-09-17,1,1690,1524.38,0,0,0,1690,0,0,9.8,15.0,12.5,2.7,41.16,7.17,24.09,1.58,компенсация платёжных услуг,72.42,14.48,1437.48,0,0,0.0,,,,0.0,0,,,Альфа-Банк,RND-004,"Ростов-на-Дону, пр. Будённовский, 21",,,Подольск,Россия,Моно,,0,,5525336085283,9fc1xx6cwzxskoytk06akt7zqht2xz52,0,,0.0,0.0,0.0,0.0,,,,0,0,0,0,878568781,0,0,0,,0,0,0,0,0,0,0,,
472,0,Шорты,198745750,UrbanWear,UW-SHORTS-CARGO,Шорты мужские карго хлопок,XL,2037489561350,,Логистика,,2025-09-17,0,0,0.0,0,0,0,0,0,0,0.0,0.0,0.0,0.0,0.0,0.0,0.0,0.0,,0.0,0.0,0.0,1,0,70.56,2025-09-01,2025-10-05,,0.0,0,к клиенту при продаже,,,,,,,Белая Дача,Россия,,,0,,1120341630033,1sqqq5l2xoiot860x5zu2zueugwubugr,0,,0.0,0.0,0.0,0.86,,,,0,0,0,0,0,0,0,0,"FBW, (МГТ, короба)",0,0,0,0,0,0,0,,
473,95822412,Футболки,198745632,UrbanWear,UW-TSHIRT-001,Футболка мужская хлопок оверсайз,XL,2037489561234,Продажа,Продажа,2025-09-13,2025-09-17,1,1890,1806.84,0,0,0,1890,0,0,4.4,15.0,12.5,8.1,146.35,3.39,28.01,1.55,компенсация платёжных услуг,177.75,35.55,1593.54,0,0,0.0,,,,0.0,0,,,Альфа-Банк,VRN-008,"Воронеж, ул. Плехановская, 22",,,Белая Дача,Россия,Моно,,0,,9767650003801,4oesrsbzb7tlom539iy87hlcwbpa274i,0,,0.0,0.0,0.0,0.0,,,,0,0,0,0,952670321,0,0,0,,0,0,0,0,0,0,0,,
474,46913810,Платья,645098231,LaDonna,LD-DRESS-MIDI,Платье миди с цветочным принтом,XS,2409182736450,Продажа,Продажа,2025-09-17,2025-09-17,1,3290,3197.88,0,0,0,3290,0,0,2.8,15.0,12.5,9.7,310.19,3.0,77.71,2.43,компенсация платёжных услуг,390.9,78.18,2728.8,0,0,0.0,,,,0.0,0,,,Сбербанк,RND-004,"Ростов-на-Дону, пр. Будённовский, 21",,,Белая Дача,Россия,Моно,,0,,4598646977772,jyzxfuj7xn1ypqpmqk8sz7iwdl14wcid,0,,0.0,0.0,0.0,0.0,,,,0,0,0,0,826958713,0,0,0,,0,0,0,0,0,0,0,,
475,24942603,Футболки,198745633,UrbanWear,UW-TSHIRT-002,Футболка женская приталенная,L,2037489561235,Продажа,Продажа,2025-09-16,2025-09-17,1,1690,1588.6,0,0,0,1690,0,0,6.0,15.0,12.5,6.5,103.26,3.09,30.66,1.93,компенсация платёжных услуг,137.01,27.4,1424.19,0,0,0.0,,,,0.0,0,,,Тинькофф Банк,VRN-008,"Воронеж, ул. Плехановская, 22",,,Тула,Россия,Микс,,0,,1481343811037,krjawo778s6764caqkdm0oapht6o6a1j,0,,0.0,0.0,0.0,0.0,,,,0,0,0,0,971388578,0,0,0,,0,0,0,0,0,0,0,,
476,0,Футболки,198745633,UrbanWear,UW-TSHIRT-002,Футболка женская приталенная,M,2037489561235,,Логистика,,2025-09-17,0,0,0.0,0,0,0,0,0,0,0.0,0.0,0.0,0.0,0.0,0.0,0.0,0.0,,0.0,0.0,0.0,1,0,52.83,2025-09-01,2025-10-05,,0.0,0,к клиенту при продаже,,,,,,,Тула,Россия,,,0,,1446177377819,krjawo778s6764caqkdm0oapht6o6a1j,0,,0.0,0.0,0.0,0.94,,,,0,0,0,0,0,0,0,0,"FBW, (МГТ, паллеты)",0,0,0,0,0,0,0,,
477,95822412,Куртки,734019285,NordWind,NW-JACKET-LITE,Куртка демисезонная мужская лёгкая,XXL,2510293847561,Продажа,Продажа,2025-09-17,2025-09-17,1,6490,6269.34,0,0,0,6490,0,0,3.4,13.0,10.83,7.43,465.81,7.39,95.29,1.52,компенсация платёжных услуг,568.49,113.7,5587.15,0,0,0.0,,,,0.0,0,,,ВТБ,RND-004,"Ростов-на-Дону, пр. Будённовский, 21",,,Электросталь,Россия,Микс,,0,,6283881111936,na31xbidfwa88d0mzhrupflfcywe3dks,0,,0.0,0.0,0.0,0.0,,,,0,0,0,0,258244325,0,0,0,,0,0,0,0,0,0,0,,
478,0,Куртки,734019285,NordWind,NW-JACKET-LITE,Куртка демисезонная мужская лёгкая,L,2510293847561,,Логистика,,2025-09-17,0,0,0.0,0,0,0,0,0,0,0.0,0.0,0.0,0.0,0.0,0.0,0.0,0.0,,0.0,0.0,0.0,1,0,190.96,2025-09-01,2025-10-05,,0.0,0,к клиенту при продаже,,,,,,,Электросталь,Россия,,,0,,1556163831969,na31xbidfwa88d0mzhrupflfcywe3dks,0,,0.0,0.0,0.0,0.86,,,,0,0,0,0,0,0,0,0,"FBW, (МГТ, короба)",0,0,0,0,0,0,0,,
479,0,Белье,867293041,ComfortZone,CZ-BRA-SPORT-01,Бюстгальтер спортивный бесшовный,S,2618293740156,,Логистика,,2025-09-17,0,0,0.0,0,0,0,0,0,0,0.0,0.0,0.0,0.0,0.0,0.0,0.0,0.0,,0.0,0.0,0.0,1,0,118.28,2025-09-01,2025-10-05,,0.0,0,к клиенту при продаже,,,,,,,Краснодар,Россия,,,0,,9626004278562,7en48nysj5ywx0i3a4kfocnqdqx6qd07,0,,0.0,0.0,0.0,0.95,,,,0,0,0,0,0,0,0,0,"FBW, (МГТ, короба)",0,0,0,0,0,0,0,,
480,95822412,Белье,867293041,ComfortZone,CZ-BRA-SPORT-01,Бюстгальтер спортивный бесшовный,M,2618293740156,Продажа,Продажа,2025-09-15,2025-09-17,1,890,788.54,0,0,0,890,0,0,11.4,16.0,13.33,1.93,15.22,7.0,16.8,2.13,компенсация платёжных услуг,39.02,7.8,741.72,0,0,0.0,,,,0.0,0,,,Сбербанк,MSK-001,"Москва, ул. Ленина, 15",,,Коледино,Россия,Моно,,0,,4513399508085,8kh7rt28p6u3u6h0ufx3030a67rl2yj0,0,,0.0,0.0,0.0,0.0,,,,0,0,0,0,334744410,0,0,0,,0,0,0,0,0,0,0,,
481,0,Белье,867293041,ComfortZone,CZ-BRA-SPORT-01,Бюстгальтер спортивный бесшовный,M,2618293740156,,Логистика,,2025-09-17,0,0,0.0,0,0,0,0,0,0,0.0,0.0,0.0,0.0,0.0,0.0,0.0,0.0,,0.0,0.0,0.0,1,0,95.95,2025-09-01,2025-10-05,,0.0,0,к клиенту при продаже,,,,,,,Коледино,Россия,,,0,,4355711415538,8kh7rt28p6u3u6h0ufx3030a67rl2yj0,0,,0.0,0.0,0.0,1.25,,,,0,0,0,0,0,0,0,0,"FBW, (МГТ, паллеты)",0,0,0,0,0,0,0,,
482,46913810,Кроссовки,312094876,StepMax,SM-SNKR-CSL-38,Кроссовки повседневные женские StepMax Lite,37,2145098763211,Продажа,Продажа,2025-09-13,2025-09-17,1,4990,4755.47,0,0,0,4990,0,0,4.7,13.5,11.25,6.55,311.48,5.75,113.66,2.39,компенсация платёжных услуг,430.89,86.18,4238.4,0,0,0.0,,,,0.0,0,,,ВТБ,SMR-010,"Самара, ул. Ленинградская, 56",,,Краснодар,Россия,Микс,,0,,3053644972946,q3kmsx54rjsxfoh9mbuzphd7ndjwt695,0,,0.0,0.0,0.0,0.0,,,,0,0,0,0,548066320,0,0,0,,0,0,0,0,0,0,0,,
483,42868828,Кроссовки,312094876,StepMax,SM-SNKR-CSL-38,Кроссовки повседневные женские StepMax Lite,39,2145098763211,Продажа,Продажа,2025-09-16,2025-09-17,1,4990,4840.3,0,0,0,4990,0,0,3.0,13.5,11.25,8.25,399.32,4.69,106.0,2.19,компенсация платёжных услуг,510.01,102.0,4228.29,0,0,0.0,,,,0.0,0,,,Альфа-Банк,NNG-006,"Нижний Новгород, ул. Большая Покровская, 18",,,Краснодар,Россия,Микс,,0,,4949070197536,8zf0p7kb7iyno667vgp52f1johkk7qg2,0,,0.0,0.0,0.0,0.0,,,,0,0,0,0,480312748,0,0,0,,0,0,0,0,0,0,0,,
484,95822412,Шорты,198745750,UrbanWear,UW-SHORTS-CARGO,Шорты мужские карго хлопок,M,2037489561350,Продажа,Продажа,2025-09-17,2025-09-17,1,1990,1787.02,0,0,0,1990,0,0,10.2,15.0,12.5,2.3,41.1,3.03,41.64,2.33,компенсация платёжных услуг,85.77,17.15,1684.1,0,0,0.0,,,,0.0,0,,,ВТБ,KRD-009,"Краснодар, ул. Красная, 109",,,Казань,Россия,Моно,,0,,9058953061492,wyh36motcg06xr3urmwuecpncc2keivl,0,,0.0,0.0,0.0,0.0,,,,0,0,0,0,172963783,0,0,0,,0,0,0,0,0,0,0,,
485,0,Шорты,198745750,UrbanWear,UW-SHORTS-CARGO,Шорты мужские карго хлопок,L,2037489561350,,Логистика,,2025-09-17,0,0,0.0,0,0,0,0,0,0,0.0,0.0,0.0,0.0,0.0,0.0,0.0,0.0,,0.0,0.0,0.0,1,0,42.58,2025-09-01,2025-10-05,,0.0,0,к клиенту при продаже,,,,,,,Казань,Россия,,,0,,8028379048568,wyh36motcg06xr3urmwuecpncc2keivl,0,,0.0,0.0,0.0,1.09,,,,0,0,0,0,0,0,0,0,"FBW, (МГТ, короба)",0,0,0,0,0,0,0,,
486,0,Шорты,198745750,UrbanWear,UW-SHORTS-CARGO,Шорты мужские карго хлопок,M,2037489561350,,Логистика,,2025-09-17,0,0,0.0,0,0,0,0,0,0,0.0,0.0,0.0,0.0,0.0,0.0,0.0,0.0,,0.0,0.0,0.0,1,0,102.61,2025-09-01,2025-10-05,,0.0,0,к клиенту при продаже,,,,,,,Краснодар,Россия,,,0,,5992954772949,ltdmo8rc64skte02bip18a4jvk8c4nan,0,,0.0,0.0,0.0,1.45,,,,0,0,0,0,0,0,0,0,"FBW, (МГТ, короба)",0,0,0,0,0,0,0,,
487,13356886,Куртки,734019285,NordWind,NW-JACKET-LITE,Куртка демисезонная мужская лёгкая,M,2510293847561,Продажа,Продажа,2025-09-16,2025-09-17,1,6490,6308.28,0,0,0,6490,0,0,2.8,13.0,10.83,8.03,506.55,4.53,138.78,2.2,компенсация платёжных услуг,649.86,129.97,5528.45,0,0,0.0,,,,0.0,0,,,ВТБ,MSK-001,"Москва, ул. Ленина, 15",,,Тула,Россия,Моно,,0,,0538874734095,xsnhft4i26lh07ba7dorfki1ije2xe0j,0,,0.0,0.0,0.0,0.0,,,,0,0,0,0,115828870,0,0,0,,0,0,0,0,0,0,0,,
488,0,Джинсы,276583411,DenimPro,DP-JEANS-SLIM-02,Джинсы мужские slim тёмно-синие,33,2098374651002,,Логистика,,2025-09-17,0,0,0.0,0,0,0,0,0,0,0.0,0.0,0.0,0.0,0.0,0.0,0.0,0.0,,0.0,0.0,0.0,1,0,73.45,2025-09-01,2025-10-05,,0.0,0,к клиенту при продаже,,,,,,,Хоругвино,Россия,,,0,,9782385126893,dlfwduh7vdo4s41cro04byv5jhurr8iq,0,,0.0,0.0,0.0,0.81,,,,0,0,0,0,0,0,0,0,"FBW, (МГТ, короба)",0,0,0,0,0,0,0,,
489,42868828,Футболки,198745633,UrbanWear,UW-TSHIRT-002,Футболка женская приталенная,S,2037489561235,Продажа,Продажа,2025-09-14,2025-09-17,1,1690,1581.84,0,0,0,1690,0,0,6.4,15.0,12.5,6.1,96.49,4.68,23.89,1.51,компенсация платёжных услуг,125.06,25.01,1431.77,0,0,0.0,,,,0.0,0,,,Альфа-Банк,KRD-009,"Краснодар, ул. Красная, 109",,,Казань,Россия,Микс,,0,,9502663972050,1zm4lcvhfwjfppzje6xg541mpw57gn79,0,,0.0,0.0,0.0,0.0,,,,0,0,0,0,201048210,0,0,0,,0,0,0,0,0,0,0,,
490,0,Белье,867293041,ComfortZone,CZ-BRA-SPORT-01,Бюстгальтер спортивный бесшовный,L,2618293740156,,Логистика,,2025-09-17,0,0,0.0,0,0,0,0,0,0,0.0,0.0,0.0,0.0,0.0,0.0,0.0,0.0,,0.0,0.0,0.0,1,0,91.39,2025-09-01,2025-10-05,,0.0,0,к клиенту при продаже,,,,,,,Подольск,Россия,,,0,,7107113218126,zl4j4x0ly66g9znaxoycg1fjgbvyow47,0,,0.0,0.0,0.0,1.43,,,,0,0,0,0,0,0,0,0,"FBW, (МГТ, короба)",0,0,0,0,0,0,0,,
491,46913810,Футболки,198745633,UrbanWear,UW-TSHIRT-002,Футболка женская приталенная,L,2037489561235,Продажа,Продажа,2025-09-12,2025-09-17,1,1690,1575.08,0,0,0,1690,0,0,6.8,15.0,12.5,5.7,89.78,7.3,38.9,2.47,компенсация платёжных услуг,135.98,27.2,1411.9,0,0,0.0,,,,0.0,0,,,Тинькофф Банк,SMR-010,"Самара, ул. Ленинградская, 56",,,Хоругвино,Россия,Микс,,0,,5396844360221,jkq2zuv1fkhnnk8fwrpk0zfknwbhkvjz,0,,0.0,0.0,0.0,0.0,,,,0,0,0,0,638046968,0,0,0,,0,0,0,0,0,0,0,,
492,24942603,Джинсы,276583410,DenimPro,DP-JEANS-MOM-01,Джинсы женские mom fit голубые,30,2098374651001,Продажа,Продажа,2025-09-14,2025-09-17,1,3490,3287.58,0,0,0,3490,0,0,5.8,14.0,11.67,5.87,192.98,4.62,55.23,1.68,компенсация платёжных услуг,252.83,50.57,2984.18,0,0,0.0,,,,0.0,0,,,ВТБ,MSK-001,"Москва, ул. Ленина, 15",,,Тула,Россия,Моно,,0,,3627514714481,5qq8qmxetizu802nq52nloqtq685ohm6,0,,0.0,0.0,0.0,0.0,,,,0,0,0,0,845144194,0,0,0,,0,0,0,0,0,0,0,,
493,0,Джинсы,276583411,DenimPro,DP-JEANS-SLIM-02,Джинсы мужские slim тёмно-синие,31,2098374651002,,Логистика,,2025-09-17,0,0,0.0,0,0,0,0,0,0,0.0,0.0,0.0,0.0,0.0,0.0,0.0,0.0,,0.0,0.0,0.0,1,0,100.99,2025-09-01,2025-10-05,,0.0,0,к клиенту при продаже,,,,,,,Электросталь,Россия,,,0,,4314394162530,zv3iu6l5nfltq680cog1zn1riamwu28r,0,,0.0,0.0,0.0,0.86,,,,0,0,0,0,0,0,0,0,"FBW, (МГТ, паллеты)",0,0,0,0,0,0,0,,
494,0,Футболки,198745632,UrbanWear,UW-TSHIRT-001,Футболка мужская хлопок оверсайз,XXL,2037489561234,,Логистика,,2025-09-17,0,0,0.0,0,0,0,0,0,0,0.0,0.0,0.0,0.0,0.0,0.0,0.0,0.0,,0.0,0.0,0.0,1,0,100.48,2025-09-01,2025-10-05,,0.0,0,к клиенту при продаже,,,,,,,Тула,Россия,,,0,,7466505250753,f3naplgw1xl1bs0zr7fdfzdmmcmcoco2,0,,0.0,0.0,0.0,1.27,,,,0,0,0,0,0,0,0,0,"FBW, (МГТ, короба)",0,0,0,0,0,0,0,,
495,95822412,Худи,198745700,UrbanWear,UW-HOODIE-BLK,Худи унисекс оверсайз чёрное,M,2037489561300,Продажа,Продажа,2025-09-13,2025-09-17,1,2990,2640.17,0,0,0,2990,0,0,11.7,15.0,12.5,0.8,21.12,5.04,40.66,1.54,компенсация платёжных услуг,66.82,13.36,2559.99,0,0,0.0,,,,0.0,0,,,Сбербанк,NSK-005,"Новосибирск, ул. Красный пр., 65",,,Тула,Россия,Микс,,0,,7226916890585,xkbefq796ew8257ge0q5zjaucyhonbpq,0,,0.0,0.0,0.0,0.0,,,,0,0,0,0,862251199,0,0,0,,0,0,0,0,0,0,0,,
496,95822412,Кроссовки,312094875,StepMax,SM-SNKR-RUN-44,Кроссовки беговые мужские StepMax Air,44,2145098763210,Продажа,Продажа,2025-09-13,2025-09-17,1,5990,5588.67,0,0,0,5990,0,0,6.7,13.5,11.25,4.55,254.28,2.95,115.13,2.06,компенсация платёжных услуг,372.36,74.47,5141.84,0,0,0.0,,,,0.0,0,,,ВТБ,SPB-012,"Санкт-Петербург, Невский пр., 42",,,Электросталь,Россия,Моно,,0,,2934998115649,py8crin0xgnki5vrz38efe9var2pz6nt,0,,0.0,0.0,0.0,0.0,,,,0,0,0,0,169981491,0,0,0,,0,0,0,0,0,0,0,,
497,13356886,Кроссовки,312094875,StepMax,SM-SNKR-RUN-44,Кроссовки беговые мужские StepMax Air,42,2145098763210,Продажа,Продажа,2025-09-12,2025-09-17,1,5990,5420.95,0,0,0,5990,0,0,9.5,13.5,11.25,1.75,94.87,1.89,114.38,2.11,компенсация платёжных услуг,211.14,42.23,5167.58,0,0,0.0,,,,0.0,0,,,ВТБ,KZN-003,"Казань, ул. Баумана, 8",,,Электросталь,Россия,Микс,,0,,4054577702269,rhxrhgtw4cy4f1r9cfwow73o1blog0nq,0,,0.0,0.0,0.0,0.0,,,,0,0,0,0,359137502,0,0,0,,0,0,0,0,0,0,0,,
498,0,Рюкзаки,523098174,CarryOn,CO-BKPK-URBAN,Рюкзак городской с USB портом,0,2301847562009,,Логистика,,2025-09-17,0,0,0.0,0,0,0,0,0,0,0.0,0.0,0.0,0.0,0.0,0.0,0.0,0.0,,0.0,0.0,0.0,1,0,113.25,2025-09-01,2025-10-05,,0.0,0,к клиенту при продаже,,,,,,,Подольск,Россия,,,0,,0495431138082,75vi7lig9gmykvygw22ygyzthqse0kiv,0,,0.0,0.0,0.0,1.2,,,,0,0,0,0,0,0,0,0,"FBW, (МГТ, короба)",0,0,0,0,0,0,0,,
499,13356886,Джинсы,276583411,DenimPro,DP-JEANS-SLIM-02,Джинсы мужские slim тёмно-синие,31,2098374651002,Продажа,Продажа,2025-09-14,2025-09-17,1,3790,3680.09,0,0,0,3790,0,0,2.9,14.0,11.67,8.77,322.74,7.41,58.51,1.59,компенсация платёжных услуг,388.66,77.73,3213.7,0,0,0.0,,,,0.0,0,,,Сбербанк,NSK-005,"Новосибирск, ул. Красный пр., 65",,,Казань,Россия,Микс,,0,,4282923520067,jz6n58yuxczaumapqppmj6jfhvsthbnb,0,,0.0,0.0,0.0,0.0,,,,0,0,0,0,185099798,0,0,0,,0,0,0,0,0,0,0,,
500,42868828,Худи,198745700,UrbanWear,UW-HOODIE-BLK,Худи унисекс оверсайз чёрное,XL,2037489561300,Продажа,Продажа,2025-09-13,2025-09-17,1,2990,2643.16,0,0,0,2990,0,0,11.6,15.0,12.5,0.9,23.79,2.89,52.33,1.98,компенсация платёжных услуг,79.01,15.8,2548.35,0,0,0.0,,,,0.0,0,,,ВТБ,KZN-003,"Казань, ул. Баумана, 8",,,Белая Дача,Россия,Моно,,0,,6395612320853,x4fogx8irjbaqc6cqko5fkpa2tvmxqyj,0,,0.0,0.0,0.0,0.0,,,,0,0,0,0,118410135,0,0,0,,0,0,0,0,0,0,0,,
501,13356886,Платья,645098231,LaDonna,LD-DRESS-MIDI,Платье миди с цветочным принтом,S,2409182736450,Продажа,Продажа,2025-09-14,2025-09-17,1,3290,3118.92,0,0,0,3290,0,0,5.2,15.0,12.5,7.3,227.68,5.04,62.07,1.99,компенсация платёжных услуг,294.79,58.96,2765.17,0,0,0.0,,,,0.0,0,,,Сбербанк,VRN-008,"Воронеж, ул. Плехановская, 22",,,Подольск,Россия,Моно,,0,,3162020839366,ws81bxd7itqrt8g7qncwzxqvrt4upr44,0,,0.0,0.0,0.0,0.0,,,,0,0,0,0,441722477,0,0,0,,0,0,0,0,0,0,0,,
502,24942603,Футболки,198745632,UrbanWear,UW-TSHIRT-001,Футболка мужская хлопок оверсайз,XL,2037489561234,Продажа,Продажа,2025-09-13,2025-09-17,1,1890,1716.12,0,0,0,1890,0,0,9.2,15.0,12.5,3.3,56.63,3.05,32.78,1.91,компенсация платёжных услуг,92.46,18.49,1605.17,0,0,0.0,,,,0.0,0,,,Сбербанк,KZN-003,"Казань, ул. Баумана, 8",,,Коледино,Россия,Моно,,0,,9290287811816,xv5cix39ellhlrswp0ykkswnwzf8y7p6,0,,0.0,0.0,0.0,0.0,,,,0,0,0,0,493305297,0,0,0,,0,0,0,0,0,0,0,,
503,24942603,Носки,410293847,SockLab,SL-SOCK-PACK-5,Носки мужские набор 5 пар хлопок,25-27,2200198374650,Продажа,Продажа,2025-09-14,2025-09-17,1,690,653.43,0,0,0,690,0,0,5.3,17.0,14.17,8.87,57.96,2.21,13.59,2.08,компенсация платёжных услуг,73.76,14.75,564.92,0,0,0.0,,,,0.0,0,,,Тинькофф Банк,RND-004,"Ростов-на-Дону, пр. Будённовский, 21",,,Электросталь,Россия,Моно,,0,,7765625216725,qj9ujefubfd340nxidb5z8xgqhpzhuug,0,,0.0,0.0,0.0,0.0,,,,0,0,0,0,283816626,0,0,0,,0,0,0,0,0,0,0,,
504,42868828,Джинсы,276583410,DenimPro,DP-JEANS-MOM-01,Джинсы женские mom fit голубые,30,2098374651001,Продажа,Продажа,2025-09-13,2025-09-17,1,3490,3147.98,0,0,0,3490,0,0,9.8,14.0,11.67,1.87,58.87,1.18,78.38,2.49,компенсация платёжных услуг,138.43,27.69,2981.86,0,0,0.0,,,,0.0,0,,,Сбербанк,RND-004,"Ростов-на-Дону, пр. Будённовский, 21",,,Электросталь,Россия,Микс,,0,,6452164704541,e4vzn8z4c0x2hyvezrad8ejpmlnl7ha7,0,,0.0,0.0,0.0,0.0,,,,0,0,0,0,232191422,0,0,0,,0,0,0,0,0,0,0,,
505,24942603,Носки,410293847,SockLab,SL-SOCK-PACK-5,Носки мужские набор 5 пар хлопок,29-31,2200198374650,Продажа,Продажа,2025-09-12,2025-09-17,1,690,611.34,0,0,0,690,0,0,11.4,17.0,14.17,2.77,16.93,6.59,10.64,1.74,компенсация платёжных услуг,34.16,6.83,570.35,0,0,0.0,,,,0.0,0,,,ВТБ,KZN-003,"Казань, ул. Баумана, 8",,,Краснодар,Россия,Моно,,0,,9975699588998,glg08yvu69qaz6fp9xaqs3tgdbfxa2wd,0,,0.0,0.0,0.0,0.0,,,,0,0,0,0,220212598,0,0,0,,0,0,0,0,0,0,0,,
506,42868828,Джинсы,276583410,DenimPro,DP-JEANS-MOM-01,Джинсы женские mom fit голубые,26,2098374651001,Продажа,Продажа,2025-09-12,2025-09-17,1,3490,3071.2,0,0,0,3490,0,0,12.0,14.0,11.67,0.5,15.36,7.11,67.87,2.21,компенсация платёжных услуг,90.34,18.07,2962.79,0,0,0.0,,,,0.0,0,,,Сбербанк,EKB-007,"Екатеринбург, ул. Малышева, 33",,,Тула,Россия,Микс,,0,,7839025038019,wjta882jozibp9of9svca3dc9e69ix9x,0,,0.0,0.0,0.0,0.0,,,,0,0,0,0,329076155,0,0,0,,0,0,0,0,0,0,0,,
507,0,Аксессуары,945018273,StyleUp,SU-BELT-LEATHER,Ремень кожаный классический,110,2719384650102,,Логистика,,2025-09-17,0,0,0.0,0,0,0,0,0,0,0.0,0.0,0.0,0.0,0.0,0.0,0.0,0.0,,0.0,0.0,0.0,1,0,71.67,2025-09-01,2025-10-05,,0.0,0,к клиенту при продаже,,,,,,,Краснодар,Россия,,,0,,7594435627669,9e0raghke79e8cdk9x0740c98uzzy00e,0,,0.0,0.0,0.0,0.8,,,,0,0,0,0,0,0,0,0,"FBW, (МГТ, короба)",0,0,0,0,0,0,0,,
508,95822412,Футболки,198745633,UrbanWear,UW-TSHIRT-002,Футболка женская приталенная,S,2037489561235,Продажа,Продажа,2025-09-15,2025-09-17,1,1690,1642.68,0,0,0,1690,0,0,2.8,15.0,12.5,9.7,159.34,4.59,31.05,1.89,компенсация платёжных услуг,194.98,39.0,1408.7,0,0,0.0,,,,0.0,0,,,Альфа-Банк,MSK-001,"Москва, ул. Ленина, 15",,,Белая Дача,Россия,Микс,,0,,7730931377533,nv4f0te2j403cnfu2hersnun446q16nz,0,,0.0,0.0,0.0,0.0,,,,0,0,0,0,425554973,0,0,0,,0,0,0,0,0,0,0,,
509,0,Джинсы,276583410,DenimPro,DP-JEANS-MOM-01,Джинсы женские mom fit голубые,29,2098374651001,,Логистика,,2025-09-17,0,0,0.0,0,0,0,0,0,0,0.0,0.0,0.0,0.0,0.0,0.0,0.0,0.0,,0.0,0.0,0.0,1,0,74.78,2025-09-01,2025-10-05,,0.0,0,к клиенту при продаже,,,,,,,Тула,Россия,,,0,,8743712926199,y6ffy3iw6vgk4y32hmepdmbo6tqsor81,0,,0.0,0.0,0.0,1.3,,,,0,0,0,0,0,0,0,0,"FBW, (МГТ, паллеты)",0,0,0,0,0,0,0,,
510,13356886,Белье,867293041,ComfortZone,CZ-BRA-SPORT-01,Бюстгальтер спортивный бесшовный,M,2618293740156,Продажа,Продажа,2025-09-14,2025-09-17,1,890,846.39,0,0,0,890,0,0,4.9,16.0,13.33,8.43,71.35,2.86,14.47,1.71,компенсация платёжных услуг,88.68,17.74,739.97,0,0,0.0,,,,0.0,0,,,Сбербанк,MSK-001,"Москва, ул. Ленина, 15",,,Хоругвино,Россия,Моно,,0,,6747667505993,tvguw48tp37v7jmkjlnditn5kg3fye4h,0,,0.0,0.0,0.0,0.0,,,,0,0,0,0,423473126,0,0,0,,0,0,0,0,0,0,0,,
511,0,Белье,867293041,ComfortZone,CZ-BRA-SPORT-01,Бюстгальтер спортивный бесшовный,M,2618293740156,,Логистика,,2025-09-17,0,0,0.0,0,0,0,0,0,0,0.0,0.0,0.0,0.0,0.0,0.0,0.0,0.0,,0.0,0.0,0.0,1,0,113.31,2025-09-01,2025-10-05,,0.0,0,к клиенту при продаже,,,,,,,Белая Дача,Россия,,,0,,8846795356235,083rwr3ow37gjnxi5p2qfs7glb82motz,0,,0.0,0.0,0.0,1.48,,,,0,0,0,0,0,0,0,0,"FBW, (МГТ, короба)",0,0,0,0,0,0,0,,
512,0,Аксессуары,945018273,StyleUp,SU-BELT-LEATHER,Ремень кожаный классический,90,2719384650102,,Логистика,,2025-09-17,0,0,0.0,0,0,0,0,0,0,0.0,0.0,0.0,0.0,0.0,0.0,0.0,0.0,,0.0,0.0,0.0,1,0,119.31,2025-09-01,2025-10-05,,0.0,0,к клиенту при продаже,,,,,,,Электросталь,Россия,,,0,,7135033180719,el57obvlxuiiy3xgwk1gpcxwaymh0it4,0,,0.0,0.0,0.0,1.01,,,,0,0,0,0,0,0,0,0,"FBW, (МГТ, короба)",0,0,0,0,0,0,0,,
513,0,Носки,410293847,SockLab,SL-SOCK-PACK-5,Носки мужские набор 5 пар хлопок,25-27,2200198374650,,Логистика,,2025-09-17,0,0,0.0,0,0,0,0,0,0,0.0,0.0,0.0,0.0,0.0,0.0,0.0,0.0,,0.0,0.0,0.0,1,0,103.06,2025-09-01,2025-10-05,,0.0,0,к клиенту при продаже,,,,,,,Казань,Россия,,,0,,2677458560932,7mou3dn1tjl2fx35lg49ffqokvc4gtjs,0,,0.0,0.0,0.0,1.44,,,,0,0,0,0,0,0,0,0,"FBW, (МГТ, короба)",0,0,0,0,0,0,0,,
514,0,Аксессуары,945018273,StyleUp,SU-BELT-LEATHER,Ремень кожаный классический,120,2719384650102,,Логистика,,2025-09-17,0,0,0.0,0,0,0,0,0,0,0.0,0.0,0.0,0.0,0.0,0.0,0.0,0.0,,0.0,0.0,0.0,1,0,112.09,2025-09-01,2025-10-05,,0.0,0,к клиенту при продаже,,,,,,,Подольск,Россия,,,0,,4792247480766,yqtuv27uubrj174wyags1kwqjl8ez31t,0,,0.0,0.0,0.0,1.16,,,,0,0,0,0,0,0,0,0,"FBW, (МГТ, короба)",0,0,0,0,0,0,0,,
515,42868828,Футболки,198745632,UrbanWear,UW-TSHIRT-001,Футболка мужская хлопок оверсайз,S,2037489561234,Продажа,Продажа,2025-09-14,2025-09-17,1,1890,1814.4,0,0,0,1890,0,0,4.0,15.0,12.5,8.5,154.22,6.69,37.56,2.07,компенсация платёжных услуг,198.47,39.69,1576.24,0,0,0.0,,,,0.0,0,,,ВТБ,SPB-012,"Санкт-Петербург, Невский пр., 42",,,Электросталь,Россия,Микс,,0,,4108397779118,zg7fbv2i6oeuh8vaqvbdim28aqwd1bqf,0,,0.0,0.0,0.0,0.0,,,,0,0,0,0,803393214,0,0,0,,0,0,0,0,0,0,0,,
516,0,Футболки,198745632,UrbanWear,UW-TSHIRT-001,Футболка мужская хлопок оверсайз,L,2037489561234,,Логистика,,2025-09-17,0,0,0.0,0,0,0,0,0,0,0.0,0.0,0.0,0.0,0.0,0.0,0.0,0.0,,0.0,0.0,0.0,1,0,77.92,2025-09-01,2025-10-05,,0.0,0,к клиенту при продаже,,,,,,,Электросталь,Россия,,,0,,2098727911603,zg7fbv2i6oeuh8vaqvbdim28aqwd1bqf,0,,0.0,0.0,0.0,0.8,,,,0,0,0,0,0,0,0,0,"FBW, (МГТ, паллеты)",0,0,0,0,0,0,0,,
517,46913810,Белье,867293041,ComfortZone,CZ-BRA-SPORT-01,Бюстгальтер спортивный бесшовный,M,2618293740156,Продажа,Продажа,2025-09-13,2025-09-17,1,890,835.71,0,0,0,890,0,0,6.1,16.0,13.33,7.23,60.42,4.13,15.71,1.88,компенсация платёжных услуг,80.26,16.05,739.4,0,0,0.0,,,,0.0,0,,,Альфа-Банк,NSK-005,"Новосибирск, ул. Красный пр., 65",,,Белая Дача,Россия,Микс,,0,,8410018787505,ib739syied48cd5lxtnjs18l9gj4anli,0,,0.0,0.0,0.0,0.0,,,,0,0,0,0,724922747,0,0,0,,0,0,0,0,0,0,0,,
518,0,Белье,867293041,ComfortZone,CZ-BRA-SPORT-01,Бюстгальтер спортивный бесшовный,M,2618293740156,,Логистика,,2025-09-17,0,0,0.0,0,0,0,0,0,0,0.0,0.0,0.0,0.0,0.0,0.0,0.0,0.0,,0.0,0.0,0.0,1,0,92.21,2025-09-01,2025-10-05,,0.0,0,к клиенту при продаже,,,,,,,Белая Дача,Россия,,,0,,9181550231296,ib739syied48cd5lxtnjs18l9gj4anli,0,,0.0,0.0,0.0,1.16,,,,0,0,0,0,0,0,0,0,"FBS, (МГТ)",0,0,0,0,0,0,0,,
519,95822412,Кроссовки,312094876,StepMax,SM-SNKR-CSL-38,Кроссовки повседневные женские StepMax Lite,40,2145098763211,Продажа,Продажа,2025-09-16,2025-09-17,1,4990,4710.56,0,0,0,4990,0,0,5.6,13.5,11.25,5.65,266.15,2.36,73.96,1.57,компенсация платёжных услуг,342.47,68.49,4299.6,0,0,0.0,,,,0.0,0,,,Альфа-Банк,MSK-001,"Москва, ул. Ленина, 15",,,Коледино,Россия,Моно,,0,,6075275118092,m27o19qtg15xd82ijkuv2vxo3peoj3m4,0,,0.0,0.0,0.0,0.0,,,,0,0,0,0,120146673,0,0,0,,0,0,0,0,0,0,0,,
520,0,Кроссовки,312094876,StepMax,SM-SNKR-CSL-38,Кроссовки повседневные женские StepMax Lite,37,2145098763211,,Логистика,,2025-09-17,0,0,0.0,0,0,0,0,0,0,0.0,0.0,0.0,0.0,0.0,0.0,0.0,0.0,,0.0,0.0,0.0,1,0,130.38,2025-09-01,2025-10-05,,0.0,0,к клиенту при продаже,,,,,,,Коледино,Россия,,,0,,4632164844127,m27o19qtg15xd82ijkuv2vxo3peoj3m4,0,,0.0,0.0,0.0,0.81,,,,0,0,0,0,0,0,0,0,"FBS, (МГТ)",0,0,0,0,0,0,0,,
521,0,Джинсы,276583410,DenimPro,DP-JEANS-MOM-01,Джинсы женские mom fit голубые,27,2098374651001,,Логистика,,2025-09-17,0,0,0.0,0,0,0,0,0,0,0.0,0.0,0.0,0.0,0.0,0.0,0.0,0.0,,0.0,0.0,0.0,1,0,100.4,2025-09-01,2025-10-05,,0.0,0,к клиенту при продаже,,,,,,,Тула,Россия,,,0,,6803560049180,0n1pukqhpzca8vi5wl0jd0i2v4b2rcyb,0,,0.0,0.0,0.0,1.08,,,,0,0,0,0,0,0,0,0,"FBW, (МГТ, короба)",0,0,0,0,0,0,0,,
522,0,Аксессуары,945018273,StyleUp,SU-BELT-LEATHER,Ремень кожаный классический,110,2719384650102,,Логистика,,2025-09-17,0,0,0.0,0,0,0,0,0,0,0.0,0.0,0.0,0.0,0.0,0.0,0.0,0.0,,0.0,0.0,0.0,1,0,65.97,2025-09-01,2025-10-05,,0.0,0,к клиенту при продаже,,,,,,,Подольск,Россия,,,0,,5716206913180,umjacypz7f638zkrg6wmz0zcssf8hstr,0,,0.0,0.0,0.0,1.1,,,,0,0,0,0,0,0,0,0,"FBW, (МГТ, паллеты)",0,0,0,0,0,0,0,,
523,42868828,Носки,410293847,SockLab,SL-SOCK-PACK-5,Носки мужские набор 5 пар хлопок,29-31,2200198374650,Продажа,Продажа,2025-09-13,2025-09-17,1,690,674.82,0,0,0,690,0,0,2.2,17.0,14.17,11.97,80.78,2.09,10.26,1.52,компенсация платёжных услуг,93.13,18.63,563.06,0,0,0.0,,,,0.0,0,,,ВТБ,RND-004,"Ростов-на-Дону, пр. Будённовский, 21",,,Коледино,Россия,Моно,,0,,2311660875809,9uzc2plhs95twbqhsmcrcun91wg3hjso,0,,0.0,0.0,0.0,0.0,,,,0,0,0,0,185119337,0,0,0,,0,0,0,0,0,0,0,,
524,24942603,Сумки,523098175,CarryOn,CO-BAG-TOTE-01,Сумка-тоут женская эко-кожа,0,2301847562010,Продажа,Продажа,2025-09-16,2025-09-17,1,1990,1852.69,0,0,0,1990,0,0,6.9,14.5,12.08,5.18,95.97,6.66,45.02,2.43,компенсация платёжных услуг,147.65,29.53,1675.51,0,0,0.0,,,,0.0,0,,,ВТБ,SMR-010,"Самара, ул. Ленинградская, 56",,,Подольск,Россия,Микс,,0,,5933259203567,bwk8xn29gxekbzcmlox8gct3m9gx06aw,0,,0.0,0.0,0.0,0.0,,,,0,0,0,0,682830807,0,0,0,,0,0,0,0,0,0,0,,
525,0,Джинсы,276583410,DenimPro,DP-JEANS-MOM-01,Джинсы женские mom fit голубые,27,2098374651001,,Логистика,,2025-09-17,0,0,0.0,0,0,0,0,0,0,0.0,0.0,0.0,0.0,0.0,0.0,0.0,0.0,,0.0,0.0,0.0,1,0,75.61,2025-09-01,2025-10-05,,0.0,0,к клиенту при продаже,,,,,,,Подольск,Россия,,,0,,0112928293393,skso6dkflab0qm6ut6fizhjmxsnwer8z,0,,0.0,0.0,0.0,1.36,,,,0,0,0,0,0,0,0,0,"FBW, (МГТ, короба)",0,0,0,0,0,0,0,,
526,0,Носки,410293847,SockLab,SL-SOCK-PACK-5,Носки мужские набор 5 пар хлопок,27-29,2200198374650,,Логистика,,2025-09-17,0,0,0.0,0,0,0,0,0,0,0.0,0.0,0.0,0.0,0.0,0.0,0.0,0.0,,0.0,0.0,0.0,1,0,85.38,2025-09-01,2025-10-05,,0.0,0,к клиенту при продаже,,,,,,,Белая Дача,Россия,,,0,,1560026125899,svfk2knelwl8u8pn74fy5115zg80zwvh,0,,0.0,0.0,0.0,1.4,,,,0,0,0,0,0,0,0,0,"FBW, (МГТ, короба)",0,0,0,0,0,0,0,,
527,95822412,Рюкзаки,523098174,CarryOn,CO-BKPK-URBAN,Рюкзак городской с USB портом,0,2301847562009,Возврат,Возврат,2025-09-12,2025-09-17,1,2490,2340.6,0,0,0,2490,0,0,6.0,14.5,12.08,6.08,-142.31,-2.29,-45.88,1.96,компенсация платёжных услуг,-190.48,-38.1,-2112.02,0,0,0.0,,,,0.0,0,,,,NSK-005,"Новосибирск, ул. Красный пр., 65",,,Коледино,Россия,,,0,,5831610321732,eummyywkmx8dhic6v1yy31w3lcz6eimb,0,,0.0,0.0,0.0,0.0,,,,0,0,0,0,0,0,0,0,,0,0,0,0,0,0,0,,
528,0,Рюкзаки,523098174,CarryOn,CO-BKPK-URBAN,Рюкзак городской с USB портом,0,2301847562009,,Логистика,,2025-09-17,0,0,0.0,0,0,0,0,0,0,0.0,0.0,0.0,0.0,0.0,0.0,0.0,0.0,,0.0,0.0,0.0,0,1,111.15,2025-09-01,2025-10-05,,0.0,0,от клиента при возврате,,,,,,,Коледино,Россия,,,0,,5306933724071,eummyywkmx8dhic6v1yy31w3lcz6eimb,0,,0.0,0.0,0.0,1.33,,,,0,0,0,0,0,0,0,0,"FBW, (МГТ, короба)",0,0,0,0,0,0,0,,
529,46913810,Джинсы,276583410,DenimPro,DP-JEANS-MOM-01,Джинсы женские mom fit голубые,27,2098374651001,Возврат,Возврат,2025-09-10,2025-09-17,1,3490,3088.65,0,0,0,3490,0,0,11.5,14.0,11.67,0.17,-5.25,-4.05,-61.46,1.99,компенсация платёжных услуг,-70.76,-14.15,-3003.74,0,0,0.0,,,,0.0,0,,,,MSK-001,"Москва, ул. Ленина, 15",,,Подольск,Россия,,,0,,3778591674601,hpn9fdlr8z101jd1bje9xoawcud3i2iw,0,,0.0,0.0,0.0,0.0,,,,0,0,0,0,0,0,0,0,,0,0,0,0,0,0,0,,
530,0,Джинсы,276583410,DenimPro,DP-JEANS-MOM-01,Джинсы женские mom fit голубые,29,2098374651001,,Логистика,,2025-09-17,0,0,0.0,0,0,0,0,0,0,0.0,0.0,0.0,0.0,0.0,0.0,0.0,0.0,,0.0,0.0,0.0,0,1,100.85,2025-09-01,2025-10-05,,0.0,0,от клиента при возврате,,,,,,,Подольск,Россия,,,0,,9505802116220,hpn9fdlr8z101jd1bje9xoawcud3i2iw,0,,0.0,0.0,0.0,1.0,,,,0,0,0,0,0,0,0,0,"FBW, (МГТ, короба)",0,0,0,0,0,0,0,,
531,95822412,Джинсы,276583410,DenimPro,DP-JEANS-MOM-01,Джинсы женские mom fit голубые,29,2098374651001,Возврат,Возврат,2025-09-13,2025-09-17,1,3490,3210.8,0,0,0,3490,0,0,8.0,14.0,11.67,3.67,-117.84,-3.21,-78.02,2.43,компенсация платёжных услуг,-199.07,-39.81,-2971.92,0,0,0.0,,,,0.0,0,,,,KZN-003,"Казань, ул. Баумана, 8",,,Хоругвино,Россия,,,0,,4154345066980,lic6b0yucqefrsatqv9ob3mqw20x3rkw,0,,0.0,0.0,0.0,0.0,,,,0,0,0,0,0,0,0,0,,0,0,0,0,0,0,0,,
532,0,Джинсы,276583410,DenimPro,DP-JEANS-MOM-01,Джинсы женские mom fit голубые,30,2098374651001,,Логистика,,2025-09-17,0,0,0.0,0,0,0,0,0,0,0.0,0.0,0.0,0.0,0.0,0.0,0.0,0.0,,0.0,0.0,0.0,0,1,46.16,2025-09-01,2025-10-05,,0.0,0,от клиента при возврате,,,,,,,Хоругвино,Россия,,,0,,3804814984184,lic6b0yucqefrsatqv9ob3mqw20x3rkw,0,,0.0,0.0,0.0,0.95,,,,0,0,0,0,0,0,0,0,"FBS, (МГТ)",0,0,0,0,0,0,0,,
533,42868828,Худи,198745700,UrbanWear,UW-HOODIE-BLK,Худи унисекс оверсайз чёрное,L,2037489561300,Возврат,Возврат,2025-09-14,2025-09-17,1,2990,2756.78,0,0,0,2990,0,0,7.8,15.0,12.5,4.7,-129.57,-6.28,-42.73,1.55,компенсация платёжных услуг,-178.58,-35.72,-2542.48,0,0,0.0,,,,0.0,0,,,,SMR-010,"Самара, ул. Ленинградская, 56",,,Краснодар,Россия,,,0,,2667375349869,h6sd4h4zx5bt8zeh3rprgygo2ype4cws,0,,0.0,0.0,0.0,0.0,,,,0,0,0,0,0,0,0,0,,0,0,0,0,0,0,0,,
534,0,Худи,198745700,UrbanWear,UW-HOODIE-BLK,Худи унисекс оверсайз чёрное,XL,2037489561300,,Логистика,,2025-09-17,0,0,0.0,0,0,0,0,0,0,0.0,0.0,0.0,0.0,0.0,0.0,0.0,0.0,,0.0,0.0,0.0,0,1,83.85,2025-09-01,2025-10-05,,0.0,0,от клиента при возврате,,,,,,,Краснодар,Россия,,,0,,8926139342871,h6sd4h4zx5bt8zeh3rprgygo2ype4cws,0,,0.0,0.0,0.0,1.38,,,,0,0,0,0,0,0,0,0,"FBW, (МГТ, короба)",0,0,0,0,0,0,0,,
535,46913810,Шорты,198745750,UrbanWear,UW-SHORTS-CARGO,Шорты мужские карго хлопок,L,2037489561350,Возврат,Возврат,2025-09-11,2025-09-17,1,1990,1820.85,0,0,0,1990,0,0,8.5,15.0,12.5,4.0,-72.83,-3.96,-31.86,1.75,компенсация платёжных услуг,-108.65,-21.73,-1690.47,0,0,0.0,,,,0.0,0,,,,KZN-003,"Казань, ул. Баумана, 8",,,Казань,Россия,,,0,,8149696092097,qukjf8rqcvmkc11xhwcbzujboo0f00ms,0,,0.0,0.0,0.0,0.0,,,,0,0,0,0,0,0,0,0,,0,0,0,0,0,0,0,,
536,0,Шорты,198745750,UrbanWear,UW-SHORTS-CARGO,Шорты мужские карго хлопок,XL,2037489561350,,Логистика,,2025-09-17,0,0,0.0,0,0,0,0,0,0,0.0,0.0,0.0,0.0,0.0,0.0,0.0,0.0,,0.0,0.0,0.0,0,1,45.61,2025-09-01,2025-10-05,,0.0,0,от клиента при возврате,,,,,,,Казань,Россия,,,0,,9680675533056,qukjf8rqcvmkc11xhwcbzujboo0f00ms,0,,0.0,0.0,0.0,1.31,,,,0,0,0,0,0,0,0,0,"FBW, (МГТ, паллеты)",0,0,0,0,0,0,0,,
537,46913810,Белье,867293041,ComfortZone,CZ-BRA-SPORT-01,Бюстгальтер спортивный бесшовный,L,2618293740156,Возврат,Возврат,2025-09-11,2025-09-17,1,890,795.66,0,0,0,890,0,0,10.6,16.0,13.33,2.73,-21.72,-5.11,-17.5,2.2,компенсация платёжных услуг,-44.33,-8.87,-742.46,0,0,0.0,,,,0.0,0,,,,NNG-006,"Нижний Новгород, ул. Большая Покровская, 18",,,Белая Дача,Россия,,,0,,8593881058835,5pcnil8472qw44xriigup30l1r99m2kk,0,,0.0,0.0,0.0,0.0,,,,0,0,0,0,0,0,0,0,,0,0,0,0,0,0,0,,
538,0,Белье,867293041,ComfortZone,CZ-BRA-SPORT-01,Бюстгальтер спортивный бесшовный,S,2618293740156,,Логистика,,2025-09-17,0,0,0.0,0,0,0,0,0,0,0.0,0.0,0.0,0.0,0.0,0.0,0.0,0.0,,0.0,0.0,0.0,0,1,111.18,2025-09-01,2025-10-05,,0.0,0,от клиента при возврате,,,,,,,Белая Дача,Россия,,,0,,1095383633154,5pcnil8472qw44xriigup30l1r99m2kk,0,,0.0,0.0,0.0,1.36,,,,0,0,0,0,0,0,0,0,"FBW, (МГТ, паллеты)",0,0,0,0,0,0,0,,
539,46913810,Худи,198745700,UrbanWear,UW-HOODIE-BLK,Худи унисекс оверсайз чёрное,M,2037489561300,Возврат,Возврат,2025-09-11,2025-09-17,1,2990,2693.99,0,0,0,2990,0,0,9.9,15.0,12.5,2.6,-70.04,-5.82,-44.99,1.67,компенсация платёжных услуг,-120.85,-24.17,-2548.97,0,0,0.0,,,,0.0,0,,,,NNG-006,"Нижний Новгород, ул. Большая Покровская, 18",,,Краснодар,Россия,,,0,,3188020422860,c4lfsi0lj7zkxewv000pn58ih8yoalh2,0,,0.0,0.0,0.0,0.0,,,,0,0,0,0,0,0,0,0,,0,0,0,0,0,0,0,,
540,0,Худи,198745700,UrbanWear,UW-HOODIE-BLK,Худи унисекс оверсайз чёрное,M,2037489561300,,Логистика,,2025-09-17,0,0,0.0,0,0,0,0,0,0,0.0,0.0,0.0,0.0,0.0,0.0,0.0,0.0,,0.0,0.0,0.0,0,1,118.86,2025-09-01,2025-10-05,,0.0,0,от клиента при возврате,,,,,,,Краснодар,Россия,,,0,,1790537402093,c4lfsi0lj7zkxewv000pn58ih8yoalh2,0,,0.0,0.0,0.0,1.1,,,,0,0,0,0,0,0,0,0,"FBW, (МГТ, короба)",0,0,0,0,0,0,0,,
541,0,Белье,867293041,ComfortZone,CZ-BRA-SPORT-01,Бюстгальтер спортивный бесшовный,M,2618293740156,,Логистика,,2025-09-17,0,0,0.0,0,0,0,0,0,0,0.0,0.0,0.0,0.0,0.0,0.0,0.0,0.0,,0.0,0.0,0.0,0,1,91.51,2025-09-01,2025-10-05,,0.0,0,от клиента при отмене,,,,,,,Белая Дача,Россия,,,0,,7166357134340,dkrf4fxen3macmvb9zxvth4oqsrldhh2,0,,0.0,0.0,0.0,1.02,,,,0,0,0,0,0,0,0,0,"FBW, (МГТ, паллеты)",0,0,0,0,0,0,0,,
542,0,Джинсы,276583411,DenimPro,DP-JEANS-SLIM-02,Джинсы мужские slim тёмно-синие,32,2098374651002,,Логистика,,2025-09-17,0,0,0.0,0,0,0,0,0,0,0.0,0.0,0.0,0.0,0.0,0.0,0.0,0.0,,0.0,0.0,0.0,1,0,66.74,2025-09-01,2025-10-05,,0.0,0,к клиенту при отмене,,,,,,,Белая Дача,Россия,,,0,,2263547392946,3ab62acr85xl6v337pd7cdzpbbwgdkd8,0,,0.0,0.0,0.0,1.21,,,,0,0,0,0,0,0,0,0,"FBW, (МГТ, паллеты)",0,0,0,0,0,0,0,,
543,0,Кроссовки,312094875,StepMax,SM-SNKR-RUN-44,Кроссовки беговые мужские StepMax Air,43,2145098763210,,Логистика,,2025-09-17,0,0,0.0,0,0,0,0,0,0,0.0,0.0,0.0,0.0,0.0,0.0,0.0,0.0,,0.0,0.0,0.0,0,1,162.08,2025-09-01,2025-10-05,,0.0,0,от клиента при отмене,,,,,,,Белая Дача,Россия,,,0,,2804914373624,6000u1r54ed6lob24hy05y5fnx74ssd1,0,,0.0,0.0,0.0,1.25,,,,0,0,0,0,0,0,0,0,"FBW, (МГТ, паллеты)",0,0,0,0,0,0,0,,
544,0,Кроссовки,312094876,StepMax,SM-SNKR-CSL-38,Кроссовки повседневные женские StepMax Lite,39,2145098763211,,Логистика,,2025-09-17,0,0,0.0,0,0,0,0,0,0,0.0,0.0,0.0,0.0,0.0,0.0,0.0,0.0,,0.0,0.0,0.0,0,1,153.39,2025-09-01,2025-10-05,,0.0,0,от клиента при отмене,,,,,,,Тула,Россия,,,0,,8937512627805,b8hlar1vy7hxr4g0cyobg0iuz948p7a8,0,,0.0,0.0,0.0,1.12,,,,0,0,0,0,0,0,0,0,"FBS, (МГТ)",0,0,0,0,0,0,0,,
545,0,Куртки,734019285,NordWind,NW-JACKET-LITE,Куртка демисезонная мужская лёгкая,L,2510293847561,,Логистика,,2025-09-17,0,0,0.0,0,0,0,0,0,0,0.0,0.0,0.0,0.0,0.0,0.0,0.0,0.0,,0.0,0.0,0.0,1,0,121.76,2025-09-01,2025-10-05,,0.0,0,к клиенту при отмене,,,,,,,Белая Дача,Россия,,,0,,6926109194974,r6nbqd8qkki9u0vqf6oylcb37bq3r0bg,0,,0.0,0.0,0.0,1.0,,,,0,0,0,0,0,0,0,0,"FBW, (МГТ, паллеты)",0,0,0,0,0,0,0,,
546,0,,0,,,,0,,,Хранение,,2025-09-17,0,0,0.0,0,0,0,0,0,0,0.0,0.0,0.0,0.0,0.0,0.0,0.0,0.0,,0.0,0.0,0.0,0,0,0.0,,,,0.0,0,Хранение,,,,,,,,,,,0,,,7pa46iw7uv48pbowvhd7b4isyi8r5nti,0,,1708.92,0.0,0.0,0.0,,,,0,0,0,0,0,0,0,0,,0,0,0,0,0,0,0,,
547,0,Куртки,734019285,NordWind,NW-JACKET-LITE,Куртка демисезонная мужская лёгкая,0,2510293847561,,Штраф,,2025-09-17,0,0,0.0,0,0,0,0,0,0,0.0,0.0,0.0,0.0,0.0,0.0,0.0,0.0,,0.0,0.0,0.0,0,0,0.0,,,,2912.35,0,Штраф за подмену товара,,,,,,,Белая Дача,,,,0,,,sj424iq93h5ywl94mopa94d8xerfhs2q,0,,0.0,0.0,0.0,0.0,,,,0,0,0,0,0,0,0,0,,0,0,0,0,0,0,0,,
548,0,,0,,,,0,,,Удержания,,2025-09-17,0,0,0.0,0,0,0,0,0,0,0.0,0.0,0.0,0.0,0.0,0.0,0.0,0.0,,0.0,0.0,0.0,0,0,0.0,,,,0.0,0,WB Продвижение — поиск,,,,,,,,,,,0,,,pmxjoremurwvazm4h01vhephjf7zf8sq,0,,0.0,1808.05,0.0,0.0,,,,0,0,0,0,0,0,0,0,,0,0,0,0,0,0,0,,
549,42868828,Куртки,734019285,NordWind,NW-JACKET-LITE,Куртка демисезонная мужская лёгкая,L,2510293847561,Продажа,Продажа,2025-09-15,2025-09-18,1,6490,6184.97,0,0,0,6490,0,0,4.7,13.0,10.83,6.13,379.14,6.51,99.58,1.61,компенсация платёжных услуг,485.23,97.05,5602.69,0,0,0.0,,,,0.0,0,,,Сбербанк,NNG-006,"Нижний Новгород, ул. Большая Покровская, 18",,,Хоругвино,Россия,Моно,,0,,8437201389263,ac56t4ufel6246hid25owf75935a0l72,0,,0.0,0.0,0.0,0.0,,,,0,0,0,0,338836384,0,0,0,,0,0,0,0,0,0,0,,
550,24942603,Белье,867293041,ComfortZone,CZ-BRA-SPORT-01,Бюстгальтер спортивный бесшовный,M,2618293740156,Продажа,Продажа,2025-09-15,2025-09-18,1,890,824.14,0,0,0,890,0,0,7.4,16.0,13.33,5.93,48.87,6.14,18.96,2.3,компенсация платёжных услуг,73.97,14.79,735.38,0,0,0.0,,,,0.0,0,,,Тинькофф Банк,NNG-006,"Нижний Новгород, ул. Большая Покровская, 18",,,Хоругвино,Россия,Микс,,0,,4036414160350,jiw1swjckjlteiyzcotohp6vz41nam14,0,,0.0,0.0,0.0,0.0,,,,0,0,0,0,335602191,0,0,0,,0,0,0,0,0,0,0,,
551,13356886,Футболки,198745633,UrbanWear,UW-TSHIRT-002,Футболка женская приталенная,XS,2037489561235,Продажа,Продажа,2025-09-17,2025-09-18,1,1690,1504.1,0,0,0,1690,0,0,11.0,15.0,12.5,1.5,22.56,5.52,27.22,1.81,компенсация платёжных услуг,55.3,11.06,1437.74,0,0,0.0,,,,0.0,0,,,ВТБ,MSK-001,"Москва, ул. Ленина, 15",,,Хоругвино,Россия,Микс,,0,,7027115959828,xpj4hnriuu9k9xjuy0bvr6k2vmwwyzx4,0,,0.0,0.0,0.0,0.0,,,,0,0,0,0,722312633,0,0,0,,0,0,0,0,0,0,0,,
552,42868828,Кроссовки,312094876,StepMax,SM-SNKR-CSL-38,Кроссовки повседневные женские StepMax Lite,36,2145098763211,Продажа,Продажа,2025-09-14,2025-09-18,1,4990,4545.89,0,0,0,4990,0,0,8.9,13.5,11.25,2.35,106.83,2.52,88.19,1.94,компенсация платёжных услуг,197.54,39.51,4308.84,0,0,0.0,,,,0.0,0,,,Тинькофф Банк,KRD-009,"Краснодар, ул. Красная, 109",,,Краснодар,Россия,Микс,,0,,5933118466507,7dia5u6hc36kof8krd5eqy08p0fodro8,0,,0.0,0.0,0.0,0.0,,,,0,0,0,0,206681214,0,0,0,,0,0,0,0,0,0,0,,
553,0,Кроссовки,312094876,StepMax,SM-SNKR-CSL-38,Кроссовки повседневные женские StepMax Lite,37,2145098763211,,Логистика,,2025-09-18,0,0,0.0,0,0,0,0,0,0,0.0,0.0,0.0,0.0,0.0,0.0,0.0,0.0,,0.0,0.0,0.0,1,0,174.44,2025-09-01,2025-10-05,,0.0,0,к клиенту при продаже,,,,,,,Краснодар,Россия,,,0,,5827752995718,7dia5u6hc36kof8krd5eqy08p0fodro8,0,,0.0,0.0,0.0,0.94,,,,0,0,0,0,0,0,0,0,"FBS, (МГТ)",0,0,0,0,0,0,0,,
554,0,Шорты,198745750,UrbanWear,UW-SHORTS-CARGO,Шорты мужские карго хлопок,L,2037489561350,,Логистика,,2025-09-18,0,0,0.0,0,0,0,0,0,0,0.0,0.0,0.0,0.0,0.0,0.0,0.0,0.0,,0.0,0.0,0.0,1,0,87.31,2025-09-01,2025-10-05,,0.0,0,к клиенту при продаже,,,,,,,Тула,Россия,,,0,,4032690535970,ba75uuzpeal2w37d4ivsolmlgses6m03,0,,0.0,0.0,0.0,1.05,,,,0,0,0,0,0,0,0,0,"FBW, (МГТ, короба)",0,0,0,0,0,0,0,,
555,46913810,Худи,198745700,UrbanWear,UW-HOODIE-BLK,Худи унисекс оверсайз чёрное,XL,2037489561300,Продажа,Продажа,2025-09-17,2025-09-18,1,2990,2646.15,0,0,0,2990,0,0,11.5,15.0,12.5,1.0,26.46,3.6,59.8,2.26,компенсация платёжных услуг,89.86,17.97,2538.32,0,0,0.0,,,,0.0,0,,,Тинькофф Банк,VRN-008,"Воронеж, ул. Плехановская, 22",,,Подольск,Россия,Микс,,0,,3290159177266,tlcxlvpymb5m9j98cwn2y8fv2bc2nnuv,0,,0.0,0.0,0.0,0.0,,,,0,0,0,0,494009507,0,0,0,,0,0,0,0,0,0,0,,
556,24942603,Рюкзаки,523098174,CarryOn,CO-BKPK-URBAN,Рюкзак городской с USB портом,0,2301847562009,Продажа,Продажа,2025-09-16,2025-09-18,1,2490,2363.01,0,0,0,2490,0,0,5.1,14.5,12.08,6.98,164.94,3.84,47.26,2.0,компенсация платёжных услуг,216.04,43.21,2103.76,0,0,0.0,,,,0.0,0,,,Альфа-Банк,SPB-012,"Санкт-Петербург, Невский пр., 42",,,Хоругвино,Россия,Микс,,0,,3294493797887,j3l0xzamkygvwoplod9r7anqjluujmiy,0,,0.0,0.0,0.0,0.0,,,,0,0,0,0,785811060,0,0,0,,0,0,0,0,0,0,0,,
557,42868828,Кроссовки,312094875,StepMax,SM-SNKR-RUN-44,Кроссовки беговые мужские StepMax Air,45,2145098763210,Продажа,Продажа,2025-09-13,2025-09-18,1,5990,5552.73,0,0,0,5990,0,0,7.3,13.5,11.25,3.95,219.33,3.72,97.17,1.75,компенсация платёжных услуг,320.22,64.04,5168.47,0,0,0.0,,,,0.0,0,,,Альфа-Банк,SPB-012,"Санкт-Петербург, Невский пр., 42",,,Казань,Россия,Микс,,0,,0712668177548,vylkfxhkc856wpr97y2lofn1r4kz36u8,0,,0.0,0.0,0.0,0.0,,,,0,0,0,0,582954920,0,0,0,,0,0,0,0,0,0,0,,
558,46913810,Кроссовки,312094876,StepMax,SM-SNKR-CSL-38,Кроссовки повседневные женские StepMax Lite,38,2145098763211,Продажа,Продажа,2025-09-16,2025-09-18,1,4990,4880.22,0,0,0,4990,0,0,2.2,13.5,11.25,9.05,441.66,2.45,80.04,1.64,компенсация платёжных услуг,524.15,104.83,4251.24,0,0,0.0,,,,0.0,0,,,ВТБ,SPB-012,"Санкт-Петербург, Невский пр., 42",,,Белая Дача,Россия,Моно,,0,,5586537760730,9iy4x41dntcagrp2u4dtbh55rbc76ub7,0,,0.0,0.0,0.0,0.0,,,,0,0,0,0,421346113,0,0,0,,0,0,0,0,0,0,0,,
559,0,Кроссовки,312094876,StepMax,SM-SNKR-CSL-38,Кроссовки повседневные женские StepMax Lite,39,2145098763211,,Логистика,,2025-09-18,0,0,0.0,0,0,0,0,0,0,0.0,0.0,0.0,0.0,0.0,0.0,0.0,0.0,,0.0,0.0,0.0,1,0,120.87,2025-09-01,2025-10-05,,0.0,0,к клиенту при продаже,,,,,,,Белая Дача,Россия,,,0,,9367425315372,9iy4x41dntcagrp2u4dtbh55rbc76ub7,0,,0.0,0.0,0.0,1.34,,,,0,0,0,0,0,0,0,0,"FBS, (МГТ)",0,0,0,0,0,0,0,,
560,95822412,Носки,410293847,SockLab,SL-SOCK-PACK-5,Носки мужские набор 5 пар хлопок,27-29,2200198374650,Продажа,Продажа,2025-09-14,2025-09-18,1,690,676.2,0,0,0,690,0,0,2.0,17.0,14.17,12.17,82.29,7.71,11.5,1.7,компенсация платёжных услуг,101.5,20.3,554.4,0,0,0.0,,,,0.0,0,,,Тинькофф Банк,NSK-005,"Новосибирск, ул. Красный пр., 65",,,Подольск,Россия,Микс,,0,,0306606774002,0z5qru54d8wz42o83rlkte4261bw4a7f,0,,0.0,0.0,0.0,0.0,,,,0,0,0,0,270700744,0,0,0,,0,0,0,0,0,0,0,,
561,0,Носки,410293847,SockLab,SL-SOCK-PACK-5,Носки мужские набор 5 пар хлопок,27-29,2200198374650,,Логистика,,2025-09-18,0,0,0.0,0,0,0,0,0,0,0.0,0.0,0.0,0.0,0.0,0.0,0.0,0.0,,0.0,0.0,0.0,1,0,50.62,2025-09-01,2025-10-05,,0.0,0,к клиенту при продаже,,,,,,,Подольск,Россия,,,0,,0689410371381,0z5qru54d8wz42o83rlkte4261bw4a7f,0,,0.0,0.0,0.0,0.96,,,,0,0,0,0,0,0,0,0,"FBS, (МГТ)",0,0,0,0,0,0,0,,
562,0,Сумки,523098175,CarryOn,CO-BAG-TOTE-01,Сумка-тоут женская эко-кожа,0,2301847562010,,Логистика,,2025-09-18,0,0,0.0,0,0,0,0,0,0,0.0,0.0,0.0,0.0,0.0,0.0,0.0,0.0,,0.0,0.0,0.0,1,0,57.96,2025-09-01,2025-10-05,,0.0,0,к клиенту при продаже,,,,,,,Подольск,Россия,,,0,,2035918990428,8ii7ewbxxgaearms3jn050e6mpsj9wrs,0,,0.0,0.0,0.0,0.97,,,,0,0,0,0,0,0,0,0,"FBS, (МГТ)",0,0,0,0,0,0,0,,
563,42868828,Носки,410293847,SockLab,SL-SOCK-PACK-5,Носки мужские набор 5 пар хлопок,29-31,2200198374650,Продажа,Продажа,2025-09-16,2025-09-18,1,690,637.56,0,0,0,690,0,0,7.6,17.0,14.17,6.57,41.89,4.94,10.77,1.69,компенсация платёжных услуг,57.6,11.52,568.44,0,0,0.0,,,,0.0,0,,,ВТБ,VRN-008,"Воронеж, ул. Плехановская, 22",,,Тула,Россия,Моно,,0,,4022509217983,nglh62c9t199dxj37c9h42m44gv3z6bz,0,,0.0,0.0,0.0,0.0,,,,0,0,0,0,431843213,0,0,0,,0,0,0,0,0,0,0,,
564,0,Носки,410293847,SockLab,SL-SOCK-PACK-5,Носки мужские набор 5 пар хлопок,25-27,2200198374650,,Логистика,,2025-09-18,0,0,0.0,0,0,0,0,0,0,0.0,0.0,0.0,0.0,0.0,0.0,0.0,0.0,,0.0,0.0,0.0,1,0,51.82,2025-09-01,2025-10-05,,0.0,0,к клиенту при продаже,,,,,,,Тула,Россия,,,0,,8893931311979,nglh62c9t199dxj37c9h42m44gv3z6bz,0,,0.0,0.0,0.0,1.29,,,,0,0,0,0,0,0,0,0,"FBW, (МГТ, короба)",0,0,0,0,0,0,0,,
565,46913810,Футболки,198745632,UrbanWear,UW-TSHIRT-001,Футболка мужская хлопок оверсайз,XL,2037489561234,Продажа,Продажа,2025-09-14,2025-09-18,1,1890,1765.26,0,0,0,1890,0,0,6.6,15.0,12.5,5.9,104.15,5.13,35.31,2.0,компенсация платёжных услуг,144.59,28.92,1591.75,0,0,0.0,,,,0.0,0,,,ВТБ,MSK-001,"Москва, ул. Ленина, 15",,,Казань,Россия,Моно,,0,,5459796181663,1vznqdxamw2tnd6r30ojhe4h3gm1bwye,0,,0.0,0.0,0.0,0.0,,,,0,0,0,0,669474377,0,0,0,,0,0,0,0,0,0,0,,
566,24942603,Кроссовки,312094875,StepMax,SM-SNKR-RUN-44,Кроссовки беговые мужские StepMax Air,44,2145098763210,Продажа,Продажа,2025-09-15,2025-09-18,1,5990,5313.13,0,0,0,5990,0,0,11.3,13.5,11.25,0.5,26.57,3.8,114.76,2.16,компенсация платёжных услуг,145.13,29.03,5138.97,0,0,0.0,,,,0.0,0,,,Альфа-Банк,SMR-010,"Самара, ул. Ленинградская, 56",,,Белая Дача,Россия,Моно,,0,,6426820552102,2rntjlmz04x0qzfhomtzzf8adf7pchcb,0,,0.0,0.0,0.0,0.0,,,,0,0,0,0,161700457,0,0,0,,0,0,0,0,0,0,0,,
567,0,Кроссовки,312094875,StepMax,SM-SNKR-RUN-44,Кроссовки беговые мужские StepMax Air,43,2145098763210,,Логистика,,2025-09-18,0,0,0.0,0,0,0,0,0,0,0.0,0.0,0.0,0.0,0.0,0.0,0.0,0.0,,0.0,0.0,0.0,1,0,90.42,2025-09-01,2025-10-05,,0.0,0,к клиенту при продаже,,,,,,,Белая Дача,Россия,,,0,,6420795755382,2rntjlmz04x0qzfhomtzzf8adf7pchcb,0,,0.0,0.0,0.0,0.99,,,,0,0,0,0,0,0,0,0,"FBW, (МГТ, паллеты)",0,0,0,0,0,0,0,,
568,42868828,Джинсы,276583410,DenimPro,DP-JEANS-MOM-01,Джинсы женские mom fit голубые,25,2098374651001,Продажа,Продажа,2025-09-15,2025-09-18,1,3490,3273.62,0,0,0,3490,0,0,6.2,14.0,11.67,5.47,179.07,2.68,73.98,2.26,компенсация платёжных услуг,255.73,51.15,2966.74,0,0,0.0,,,,0.0,0,,,Альфа-Банк,NSK-005,"Новосибирск, ул. Красный пр., 65",,,Хоругвино,Россия,Микс,,0,,4812662610051,xt6ridlofas1ektyr1k12v2tg5pizx3h,0,,0.0,0.0,0.0,0.0,,,,0,0,0,0,796275440,0,0,0,,0,0,0,0,0,0,0,,
569,0,Джинсы,276583410,DenimPro,DP-JEANS-MOM-01,Джинсы женские mom fit голубые,30,2098374651001,,Логистика,,2025-09-18,0,0,0.0,0,0,0,0,0,0,0.0,0.0,0.0,0.0,0.0,0.0,0.0,0.0,,0.0,0.0,0.0,1,0,62.57,2025-09-01,2025-10-05,,0.0,0,к клиенту при продаже,,,,,,,Хоругвино,Россия,,,0,,0002474360071,xt6ridlofas1ektyr1k12v2tg5pizx3h,0,,0.0,0.0,0.0,0.89,,,,0,0,0,0,0,0,0,0,"FBW, (МГТ, паллеты)",0,0,0,0,0,0,0,,
570,0,Кроссовки,312094876,StepMax,SM-SNKR-CSL-38,Кроссовки повседневные женские StepMax Lite,37,2145098763211,,Логистика,,2025-09-18,0,0,0.0,0,0,0,0,0,0,0.0,0.0,0.0,0.0,0.0,0.0,0.0,0.0,,0.0,0.0,0.0,1,0,99.19,2025-09-01,2025-10-05,,0.0,0,к клиенту при продаже,,,,,,,Белая Дача,Россия,,,0,,9561817437461,txzbdq55it9bn18gp51kfk7y6qxdsgv6,0,,0.0,0.0,0.0,1.19,,,,0,0,0,0,0,0,0,0,"FBW, (МГТ, короба)",0,0,0,0,0,0,0,,
571,13356886,Кроссовки,312094876,StepMax,SM-SNKR-CSL-38,Кроссовки повседневные женские StepMax Lite,40,2145098763211,Продажа,Продажа,2025-09-17,2025-09-18,1,4990,4605.77,0,0,0,4990,0,0,7.7,13.5,11.25,3.55,163.5,4.33,108.24,2.35,компенсация платёжных услуг,276.07,55.21,4274.49,0,0,0.0,,,,0.0,0,,,Сбербанк,RND-004,"Ростов-на-Дону, пр. Будённовский, 21",,,Электросталь,Россия,Микс,,0,,5367205138576,1xsrqkrst3ta195eq4pbgx25fplo1urt,0,,0.0,0.0,0.0,0.0,,,,0,0,0,0,382813918,0,0,0,,0,0,0,0,0,0,0,,
572,0,Футболки,198745633,UrbanWear,UW-TSHIRT-002,Футболка женская приталенная,S,2037489561235,,Логистика,,2025-09-18,0,0,0.0,0,0,0,0,0,0,0.0,0.0,0.0,0.0,0.0,0.0,0.0,0.0,,0.0,0.0,0.0,1,0,117.86,2025-09-01,2025-10-05,,0.0,0,к клиенту при продаже,,,,,,,Хоругвино,Россия,,,0,,9560408396324,8va8x8l008uhbxlbc8nog85d4f2k1xer,0,,0.0,0.0,0.0,1.27,,,,0,0,0,0,0,0,0,0,"FBS, (МГТ)",0,0,0,0,0,0,0,,
573,46913810,Шорты,198745750,UrbanWear,UW-SHORTS-CARGO,Шорты мужские карго хлопок,M,2037489561350,Продажа,Продажа,2025-09-17,2025-09-18,1,1990,1926.32,0,0,0,1990,0,0,3.2,15.0,12.5,9.3,179.15,7.55,32.36,1.68,компенсация платёжных услуг,219.06,43.81,1663.45,0,0,0.0,,,,0.0,0,,,Сбербанк,NSK-005,"Новосибирск, ул. Красный пр., 65",,,Белая Дача,Россия,Моно,,0,,2784864080448,1sqqq5l2xoiot860x5zu2zueugwubugr,0,,0.0,0.0,0.0,0.0,,,,0,0,0,0,944773947,0,0,0,,0,0,0,0,0,0,0,,
574,13356886,Сумки,523098175,CarryOn,CO-BAG-TOTE-01,Сумка-тоут женская эко-кожа,0,2301847562010,Продажа,Продажа,2025-09-17,2025-09-18,1,1990,1866.62,0,0,0,1990,0,0,6.2,14.5,12.08,5.88,109.76,2.37,31.73,1.7,компенсация платёжных услуг,143.86,28.77,1693.99,0,0,0.0,,,,0.0,0,,,Тинькофф Банк,SPB-012,"Санкт-Петербург, Невский пр., 42",,,Подольск,Россия,Моно,,0,,6695359641470,qlgdvc2guwjp0qi2clp81l51flmnavyc,0,,0.0,0.0,0.0,0.0,,,,0,0,0,0,466738585,0,0,0,,0,0,0,0,0,0,0,,
575,0,Сумки,523098175,CarryOn,CO-BAG-TOTE-01,Сумка-тоут женская эко-кожа,0,2301847562010,,Логистика,,2025-09-18,0,0,0.0,0,0,0,0,0,0,0.0,0.0,0.0,0.0,0.0,0.0,0.0,0.0,,0.0,0.0,0.0,1,0,113.6,2025-09-01,2025-10-05,,0.0,0,к клиенту при продаже,,,,,,,Подольск,Россия,,,0,,4247883480035,qlgdvc2guwjp0qi2clp81l51flmnavyc,0,,0.0,0.0,0.0,1.25,,,,0,0,0,0,0,0,0,0,"FBS, (МГТ)",0,0,0,0,0,0,0,,
576,0,Футболки,198745632,UrbanWear,UW-TSHIRT-001,Футболка мужская хлопок оверсайз,XL,2037489561234,,Логистика,,2025-09-18,0,0,0.0,0,0,0,0,0,0,0.0,0.0,0.0,0.0,0.0,0.0,0.0,0.0,,0.0,0.0,0.0,1,0,48.16,2025-09-01,2025-10-05,,0.0,0,к клиенту при продаже,,,,,,,Тула,Россия,,,0,,9489091096596,e9zr3rzn9l3h03zb5gro9x49tmy91otk,0,,0.0,0.0,0.0,1.35,,,,0,0,0,0,0,0,0,0,"FBW, (МГТ, короба)",0,0,0,0,0,0,0,,
577,46913810,Белье,867293041,ComfortZone,CZ-BRA-SPORT-01,Бюстгальтер спортивный бесшовный,M,2618293740156,Продажа,Продажа,2025-09-14,2025-09-18,1,890,803.67,0,0,0,890,0,0,9.7,16.0,13.33,3.63,29.17,2.4,14.71,1.83,компенсация платёжных услуг,46.28,9.26,748.13,0,0,0.0,,,,0.0,0,,,Альфа-Банк,KRD-009,"Краснодар, ул. Красная, 109",,,Краснодар,Россия,Микс,,0,,2714591259708,7en48nysj5ywx0i3a4kfocnqdqx6qd07,0,,0.0,0.0,0.0,0.0,,,,0,0,0,0,748936722,0,0,0,,0,0,0,0,0,0,0,,
578,13356886,Куртки,734019285,NordWind,NW-JACKET-LITE,Куртка демисезонная мужская лёгкая,XL,2510293847561,Продажа,Продажа,2025-09-17,2025-09-18,1,6490,6159.01,0,0,0,6490,0,0,5.1,13.0,10.83,5.73,352.91,7.32,148.43,2.41,компенсация платёжных услуг,508.66,101.73,5548.62,0,0,0.0,,,,0.0,0,,,Тинькофф Банк,MSK-001,"Москва, ул. Ленина, 15",,,Белая Дача,Россия,Моно,,0,,0138853992916,93dxwor17dpubkpiqnhqe86o3z0anik5,0,,0.0,0.0,0.0,0.0,,,,0,0,0,0,545126826,0,0,0,,0,0,0,0,0,0,0,,
579,0,Куртки,734019285,NordWind,NW-JACKET-LITE,Куртка демисезонная мужская лёгкая,XXL,2510293847561,,Логистика,,2025-09-18,0,0,0.0,0,0,0,0,0,0,0.0,0.0,0.0,0.0,0.0,0.0,0.0,0.0,,0.0,0.0,0.0,1,0,149.34,2025-09-01,2025-10-05,,0.0,0,к клиенту при продаже,,,,,,,Белая Дача,Россия,,,0,,9195408567862,93dxwor17dpubkpiqnhqe86o3z0anik5,0,,0.0,0.0,0.0,0.89,,,,0,0,0,0,0,0,0,0,"FBS, (МГТ)",0,0,0,0,0,0,0,,
580,24942603,Шорты,198745750,UrbanWear,UW-SHORTS-CARGO,Шорты мужские карго хлопок,L,2037489561350,Продажа,Продажа,2025-09-16,2025-09-18,1,1990,1942.24,0,0,0,1990,0,0,2.4,15.0,12.5,10.1,196.17,2.44,32.63,1.68,компенсация платёжных услуг,231.24,46.25,1664.75,0,0,0.0,,,,0.0,0,,,ВТБ,VRN-008,"Воронеж, ул. Плехановская, 22",,,Краснодар,Россия,Микс,,0,,0799738272076,ltdmo8rc64skte02bip18a4jvk8c4nan,0,,0.0,0.0,0.0,0.0,,,,0,0,0,0,156113369,0,0,0,,0,0,0,0,0,0,0,,
581,13356886,Джинсы,276583410,DenimPro,DP-JEANS-MOM-01,Джинсы женские mom fit голубые,25,2098374651001,Продажа,Продажа,2025-09-17,2025-09-18,1,3490,3161.94,0,0,0,3490,0,0,9.4,14.0,11.67,2.27,71.78,2.56,49.64,1.57,компенсация платёжных услуг,123.98,24.8,3013.16,0,0,0.0,,,,0.0,0,,,Тинькофф Банк,VRN-008,"Воронеж, ул. Плехановская, 22",,,Краснодар,Россия,Микс,,0,,4760680175158,7xfh41a68t2a3ah7u0s3kdz4ppj590em,0,,0.0,0.0,0.0,0.0,,,,0,0,0,0,460065542,0,0,0,,0,0,0,0,0,0,0,,
582,46913810,Кроссовки,312094875,StepMax,SM-SNKR-RUN-44,Кроссовки беговые мужские StepMax Air,41,2145098763210,Продажа,Продажа,2025-09-14,2025-09-18,1,5990,5678.52,0,0,0,5990,0,0,5.2,13.5,11.25,6.05,343.55,1.73,105.62,1.86,компенсация платёжных услуг,450.9,90.18,5137.44,0,0,0.0,,,,0.0,0,,,Сбербанк,KZN-003,"Казань, ул. Баумана, 8",,,Подольск,Россия,Микс,,0,,3619341084543,n1s3yg8vfu9pxykm8t0jshhj7swrqlux,0,,0.0,0.0,0.0,0.0,,,,0,0,0,0,552483138,0,0,0,,0,0,0,0,0,0,0,,
583,0,Кроссовки,312094875,StepMax,SM-SNKR-RUN-44,Кроссовки беговые мужские StepMax Air,44,2145098763210,,Логистика,,2025-09-18,0,0,0.0,0,0,0,0,0,0,0.0,0.0,0.0,0.0,0.0,0.0,0.0,0.0,,0.0,0.0,0.0,1,0,124.79,2025-09-01,2025-10-05,,0.0,0,к клиенту при продаже,,,,,,,Подольск,Россия,,,0,,3987954794059,n1s3yg8vfu9pxykm8t0jshhj7swrqlux,0,,0.0,0.0,0.0,1.04,,,,0,0,0,0,0,0,0,0,"FBS, (МГТ)",0,0,0,0,0,0,0,,
584,46913810,Платья,645098231,LaDonna,LD-DRESS-MIDI,Платье миди с цветочным принтом,S,2409182736450,Продажа,Продажа,2025-09-16,2025-09-18,1,3290,3086.02,0,0,0,3290,0,0,6.2,15.0,12.5,6.3,194.42,5.19,56.17,1.82,компенсация платёжных услуг,255.78,51.16,2779.08,0,0,0.0,,,,0.0,0,,,Альфа-Банк,SPB-012,"Санкт-Петербург, Невский пр., 42",,,Подольск,Россия,Микс,,0,,5524729184087,c0tk1qqfvwuo11k09ntn8eohdk5199tm,0,,0.0,0.0,0.0,0.0,,,,0,0,0,0,813216442,0,0,0,,0,0,0,0,0,0,0,,
585,0,Кроссовки,312094876,StepMax,SM-SNKR-CSL-38,Кроссовки повседневные женские StepMax Lite,38,2145098763211,,Логистика,,2025-09-18,0,0,0.0,0,0,0,0,0,0,0.0,0.0,0.0,0.0,0.0,0.0,0.0,0.0,,0.0,0.0,0.0,1,0,119.44,2025-09-01,2025-10-05,,0.0,0,к клиенту при продаже,,,,,,,Подольск,Россия,,,0,,2536561710854,4tc2qsi2g74izg9jj0076ekhi1rd5b2c,0,,0.0,0.0,0.0,1.14,,,,0,0,0,0,0,0,0,0,"FBW, (МГТ, паллеты)",0,0,0,0,0,0,0,,
586,0,Кроссовки,312094875,StepMax,SM-SNKR-RUN-44,Кроссовки беговые мужские StepMax Air,44,2145098763210,,Логистика,,2025-09-18,0,0,0.0,0,0,0,0,0,0,0.0,0.0,0.0,0.0,0.0,0.0,0.0,0.0,,0.0,0.0,0.0,1,0,188.11,2025-09-01,2025-10-05,,0.0,0,к клиенту при продаже,,,,,,,Тула,Россия,,,0,,3720762750714,xymscnx8eiqetk5lp9c5so79h4ha0mvf,0,,0.0,0.0,0.0,1.48,,,,0,0,0,0,0,0,0,0,"FBW, (МГТ, паллеты)",0,0,0,0,0,0,0,,
587,95822412,Джинсы,276583411,DenimPro,DP-JEANS-SLIM-02,Джинсы мужские slim тёмно-синие,34,2098374651002,Продажа,Продажа,2025-09-14,2025-09-18,1,3790,3498.17,0,0,0,3790,0,0,7.7,14.0,11.67,3.97,138.88,4.13,53.17,1.52,компенсация платёжных услуг,196.18,39.24,3262.75,0,0,0.0,,,,0.0,0,,,ВТБ,SMR-010,"Самара, ул. Ленинградская, 56",,,Краснодар,Россия,Микс,,0,,9801331976937,6v3rzkdu6fotwftq9y69xfq1enngay37,0,,0.0,0.0,0.0,0.0,,,,0,0,0,0,469183381,0,0,0,,0,0,0,0,0,0,0,,
588,0,Джинсы,276583411,DenimPro,DP-JEANS-SLIM-02,Джинсы мужские slim тёмно-синие,30,2098374651002,,Логистика,,2025-09-18,0,0,0.0,0,0,0,0,0,0,0.0,0.0,0.0,0.0,0.0,0.0,0.0,0.0,,0.0,0.0,0.0,1,0,68.38,2025-09-01,2025-10-05,,0.0,0,к клиенту при продаже,,,,,,,Краснодар,Россия,,,0,,6593259903167,6v3rzkdu6fotwftq9y69xfq1enngay37,0,,0.0,0.0,0.0,1.49,,,,0,0,0,0,0,0,0,0,"FBW, (МГТ, паллеты)",0,0,0,0,0,0,0,,
589,0,Джинсы,276583411,DenimPro,DP-JEANS-SLIM-02,Джинсы мужские slim тёмно-синие,32,2098374651002,,Логистика,,2025-09-18,0,0,0.0,0,0,0,0,0,0,0.0,0.0,0.0,0.0,0.0,0.0,0.0,0.0,,0.0,0.0,0.0,1,0,76.06,2025-09-01,2025-10-05,,0.0,0,к клиенту при продаже,,,,,,,Хоругвино,Россия,,,0,,4739150344989,zq0v4psc9j5uge1g41io4koxhjmia6yk,0,,0.0,0.0,0.0,1.32,,,,0,0,0,0,0,0,0,0,"FBW, (МГТ, паллеты)",0,0,0,0,0,0,0,,
590,42868828,Футболки,198745632,UrbanWear,UW-TSHIRT-001,Футболка мужская хлопок оверсайз,M,2037489561234,Продажа,Продажа,2025-09-15,2025-09-18,1,1890,1748.25,0,0,0,1890,0,0,7.5,15.0,12.5,5.0,87.41,1.63,29.9,1.71,компенсация платёжных услуг,118.94,23.79,1605.52,0,0,0.0,,,,0.0,0,,,Тинькофф Банк,SPB-012,"Санкт-Петербург, Невский пр., 42",,,Тула,Россия,Микс,,0,,2060664079913,f3naplgw1xl1bs0zr7fdfzdmmcmcoco2,0,,0.0,0.0,0.0,0.0,,,,0,0,0,0,919011687,0,0,0,,0,0,0,0,0,0,0,,
591,0,Сумки,523098175,CarryOn,CO-BAG-TOTE-01,Сумка-тоут женская эко-кожа,0,2301847562010,,Логистика,,2025-09-18,0,0,0.0,0,0,0,0,0,0,0.0,0.0,0.0,0.0,0.0,0.0,0.0,0.0,,0.0,0.0,0.0,1,0,110.91,2025-09-01,2025-10-05,,0.0,0,к клиенту при продаже,,,,,,,Краснодар,Россия,,,0,,9467222770435,mmqzadwajgf00hheqxiee6hw5kyfc6ra,0,,0.0,0.0,0.0,0.91,,,,0,0,0,0,0,0,0,0,"FBS, (МГТ)",0,0,0,0,0,0,0,,
592,95822412,Платья,645098231,LaDonna,LD-DRESS-MIDI,Платье миди с цветочным принтом,XS,2409182736450,Продажа,Продажа,2025-09-16,2025-09-18,1,3290,3053.12,0,0,0,3290,0,0,7.2,15.0,12.5,5.3,161.82,1.67,68.7,2.25,компенсация платёжных услуг,232.19,46.44,2774.49,0,0,0.0,,,,0.0,0,,,ВТБ,MSK-001,"Москва, ул. Ленина, 15",,,Краснодар,Россия,Моно,,0,,8083368736092,ior4v1og07vscqmpd7z4kso03w2mrop2,0,,0.0,0.0,0.0,0.0,,,,0,0,0,0,145267360,0,0,0,,0,0,0,0,0,0,0,,
593,0,Платья,645098231,LaDonna,LD-DRESS-MIDI,Платье миди с цветочным принтом,M,2409182736450,,Логистика,,2025-09-18,0,0,0.0,0,0,0,0,0,0,0.0,0.0,0.0,0.0,0.0,0.0,0.0,0.0,,0.0,0.0,0.0,1,0,101.41,2025-09-01,2025-10-05,,0.0,0,к клиенту при продаже,,,,,,,Краснодар,Россия,,,0,,0454164761252,ior4v1og07vscqmpd7z4kso03w2mrop2,0,,0.0,0.0,0.0,0.98,,,,0,0,0,0,0,0,0,0,"FBW, (МГТ, паллеты)",0,0,0,0,0,0,0,,
594,42868828,Джинсы,276583411,DenimPro,DP-JEANS-SLIM-02,Джинсы мужские slim тёмно-синие,32,2098374651002,Продажа,Продажа,2025-09-16,2025-09-18,1,3790,3573.97,0,0,0,3790,0,0,5.7,14.0,11.67,5.97,213.37,7.66,71.12,1.99,компенсация платёжных услуг,292.15,58.43,3223.39,0,0,0.0,,,,0.0,0,,,Альфа-Банк,RND-004,"Ростов-на-Дону, пр. Будённовский, 21",,,Электросталь,Россия,Микс,,0,,0346821616559,23h7t6udojy6g107g8o8g8hzmvyd47dz,0,,0.0,0.0,0.0,0.0,,,,0,0,0,0,699883347,0,0,0,,0,0,0,0,0,0,0,,
595,0,Джинсы,276583411,DenimPro,DP-JEANS-SLIM-02,Джинсы мужские slim тёмно-синие,30,2098374651002,,Логистика,,2025-09-18,0,0,0.0,0,0,0,0,0,0,0.0,0.0,0.0,0.0,0.0,0.0,0.0,0.0,,0.0,0.0,0.0,1,0,113.11,2025-09-01,2025-10-05,,0.0,0,к клиенту при продаже,,,,,,,Электросталь,Россия,,,0,,1832703302182,23h7t6udojy6g107g8o8g8hzmvyd47dz,0,,0.0,0.0,0.0,1.22,,,,0,0,0,0,0,0,0,0,"FBW, (МГТ, короба)",0,0,0,0,0,0,0,,
596,13356886,Джинсы,276583411,DenimPro,DP-JEANS-SLIM-02,Джинсы мужские slim тёмно-синие,32,2098374651002,Продажа,Продажа,2025-09-17,2025-09-18,1,3790,3562.6,0,0,0,3790,0,0,6.0,14.0,11.67,5.67,202.0,7.23,86.93,2.44,компенсация платёжных услуг,296.16,59.23,3207.21,0,0,0.0,,,,0.0,0,,,ВТБ,RND-004,"Ростов-на-Дону, пр. Будённовский, 21",,,Электросталь,Россия,Микс,,0,,8547528175982,3r4sip4b8j4zxd82bmqw8evrc0erje4s,0,,0.0,0.0,0.0,0.0,,,,0,0,0,0,162673405,0,0,0,,0,0,0,0,0,0,0,,
597,0,Носки,410293847,SockLab,SL-SOCK-PACK-5,Носки мужские набор 5 пар хлопок,29-31,2200198374650,,Логистика,,2025-09-18,0,0,0.0,0,0,0,0,0,0,0.0,0.0,0.0,0.0,0.0,0.0,0.0,0.0,,0.0,0.0,0.0,1,0,55.96,2025-09-01,2025-10-05,,0.0,0,к клиенту при продаже,,,,,,,Хоругвино,Россия,,,0,,1043864754253,lcpy9npgird4jpdt12sba62tdo1dfsts,0,,0.0,0.0,0.0,1.08,,,,0,0,0,0,0,0,0,0,"FBW, (МГТ, короба)",0,0,0,0,0,0,0,,
598,0,Кроссовки,312094875,StepMax,SM-SNKR-RUN-44,Кроссовки беговые мужские StepMax Air,43,2145098763210,,Логистика,,2025-09-18,0,0,0.0,0,0,0,0,0,0,0.0,0.0,0.0,0.0,0.0,0.0,0.0,0.0,,0.0,0.0,0.0,1,0,185.76,2025-09-01,2025-10-05,,0.0,0,к клиенту при продаже,,,,,,,Электросталь,Россия,,,0,,4763117039595,jb79yj65wpolpf37l5rptbq818gsvpi2,0,,0.0,0.0,0.0,1.29,,,,0,0,0,0,0,0,0,0,"FBW, (МГТ, паллеты)",0,0,0,0,0,0,0,,
599,0,Куртки,734019285,NordWind,NW-JACKET-LITE,Куртка демисезонная мужская лёгкая,L,2510293847561,,Логистика,,2025-09-18,0,0,0.0,0,0,0,0,0,0,0.0,0.0,0.0,0.0,0.0,0.0,0.0,0.0,,0.0,0.0,0.0,1,0,162.61,2025-09-01,2025-10-05,,0.0,0,к клиенту при продаже,,,,,,,Подольск,Россия,,,0,,4716697361595,ohxxyfgg3ty36mat2c283jzgn99lt3j6,0,,0.0,0.0,0.0,1.13,,,,0,0,0,0,0,0,0,0,"FBS, (МГТ)",0,0,0,0,0,0,0,,
600,0,Кроссовки,312094875,StepMax,SM-SNKR-RUN-44,Кроссовки беговые мужские StepMax Air,41,2145098763210,,Логистика,,2025-09-18,0,0,0.0,0,0,0,0,0,0,0.0,0.0,0.0,0.0,0.0,0.0,0.0,0.0,,0.0,0.0,0.0,1,0,135.36,2025-09-01,2025-10-05,,0.0,0,к клиенту при продаже,,,,,,,Белая Дача,Россия,,,0,,5665843002372,pvsf5yc9luerjqenbd0v0njj63xvfiud,0,,0.0,0.0,0.0,1.07,,,,0,0,0,0,0,0,0,0,"FBW, (МГТ, короба)",0,0,0,0,0,0,0,,
601,95822412,Кроссовки,312094875,StepMax,SM-SNKR-RUN-44,Кроссовки беговые мужские StepMax Air,41,2145098763210,Продажа,Продажа,2025-09-16,2025-09-18,1,5990,5816.29,0,0,0,5990,0,0,2.9,13.5,11.25,8.35,485.66,4.64,142.5,2.45,компенсация платёжных услуг,632.8,126.56,5056.93,0,0,0.0,,,,0.0,0,,,Тинькофф Банк,KZN-003,"Казань, ул. Баумана, 8",,,Электросталь,Россия,Микс,,0,,7214399734035,yn4bpsaue5rau7bwhzmjbg3k59s7v55k,0,,0.0,0.0,0.0,0.0,,,,0,0,0,0,839644162,0,0,0,,0,0,0,0,0,0,0,,
602,24942603,Кроссовки,312094876,StepMax,SM-SNKR-CSL-38,Кроссовки повседневные женские StepMax Lite,37,2145098763211,Продажа,Продажа,2025-09-14,2025-09-18,1,4990,4421.14,0,0,0,4990,0,0,11.4,13.5,11.25,0.5,22.11,7.15,85.33,1.93,компенсация платёжных услуг,114.59,22.92,4283.63,0,0,0.0,,,,0.0,0,,,Альфа-Банк,SPB-012,"Санкт-Петербург, Невский пр., 42",,,Казань,Россия,Микс,,0,,6999368937235,yvp6mpb4dpgevbm0yx6x3b9kyhkzh6ej,0,,0.0,0.0,0.0,0.0,,,,0,0,0,0,177318698,0,0,0,,0,0,0,0,0,0,0,,
603,0,Кроссовки,312094876,StepMax,SM-SNKR-CSL-38,Кроссовки повседневные женские StepMax Lite,39,2145098763211,,Логистика,,2025-09-18,0,0,0.0,0,0,0,0,0,0,0.0,0.0,0.0,0.0,0.0,0.0,0.0,0.0,,0.0,0.0,0.0,1,0,126.55,2025-09-01,2025-10-05,,0.0,0,к клиенту при продаже,,,,,,,Казань,Россия,,,0,,5563498057406,yvp6mpb4dpgevbm0yx6x3b9kyhkzh6ej,0,,0.0,0.0,0.0,0.82,,,,0,0,0,0,0,0,0,0,"FBW, (МГТ, паллеты)",0,0,0,0,0,0,0,,
604,95822412,Аксессуары,945018273,StyleUp,SU-BELT-LEATHER,Ремень кожаный классический,100,2719384650102,Продажа,Продажа,2025-09-17,2025-09-18,1,1290,1137.78,0,0,0,1290,0,0,11.8,14.0,11.67,0.5,5.69,2.94,25.14,2.21,компенсация платёжных услуг,33.77,6.75,1097.26,0,0,0.0,,,,0.0,0,,,Тинькофф Банк,EKB-007,"Екатеринбург, ул. Малышева, 33",,,Краснодар,Россия,Моно,,0,,7481827071030,9e0raghke79e8cdk9x0740c98uzzy00e,0,,0.0,0.0,0.0,0.0,,,,0,0,0,0,240875515,0,0,0,,0,0,0,0,0,0,0,,
605,0,Платья,645098231,LaDonna,LD-DRESS-MIDI,Платье миди с цветочным принтом,M,2409182736450,,Логистика,,2025-09-18,0,0,0.0,0,0,0,0,0,0,0.0,0.0,0.0,0.0,0.0,0.0,0.0,0.0,,0.0,0.0,0.0,1,0,97.74,2025-09-01,2025-10-05,,0.0,0,к клиенту при продаже,,,,,,,Электросталь,Россия,,,0,,9323483955902,w8tr98w07fil3dvyjhmie8989gnctijh,0,,0.0,0.0,0.0,1.46,,,,0,0,0,0,0,0,0,0,"FBS, (МГТ)",0,0,0,0,0,0,0,,
606,13356886,Аксессуары,945018273,StyleUp,SU-BELT-LEATHER,Ремень кожаный классический,90,2719384650102,Продажа,Продажа,2025-09-13,2025-09-18,1,1290,1259.04,0,0,0,1290,0,0,2.4,14.0,11.67,9.27,116.71,7.45,24.93,1.98,компенсация платёжных услуг,149.09,29.82,1080.13,0,0,0.0,,,,0.0,0,,,Тинькофф Банк,KZN-003,"Казань, ул. Баумана, 8",,,Хоругвино,Россия,Микс,,0,,1481462577238,brxfx3at253iqquolgqe6xb1z337c7nx,0,,0.0,0.0,0.0,0.0,,,,0,0,0,0,170558348,0,0,0,,0,0,0,0,0,0,0,,
607,0,Рюкзаки,523098174,CarryOn,CO-BKPK-URBAN,Рюкзак городской с USB портом,0,2301847562009,,Логистика,,2025-09-18,0,0,0.0,0,0,0,0,0,0,0.0,0.0,0.0,0.0,0.0,0.0,0.0,0.0,,0.0,0.0,0.0,1,0,174.89,2025-09-01,2025-10-05,,0.0,0,к клиенту при продаже,,,,,,,Коледино,Россия,,,0,,5796347059340,jfuy0f39wg0mcg59mnbo3wz5i4ebo2j3,0,,0.0,0.0,0.0,0.83,,,,0,0,0,0,0,0,0,0,"FBW, (МГТ, паллеты)",0,0,0,0,0,0,0,,
608,42868828,Аксессуары,945018273,StyleUp,SU-BELT-LEATHER,Ремень кожаный классический,120,2719384650102,Продажа,Продажа,2025-09-14,2025-09-18,1,1290,1234.53,0,0,0,1290,0,0,4.3,14.0,11.67,7.37,90.98,6.59,30.74,2.49,компенсация платёжных услуг,128.31,25.66,1080.56,0,0,0.0,,,,0.0,0,,,Тинькофф Банк,KZN-003,"Казань, ул. Баумана, 8",,,Подольск,Россия,Микс,,0,,6096954538996,9vqr2c23ag9xc5rexfchiz6wquqb8rcp,0,,0.0,0.0,0.0,0.0,,,,0,0,0,0,570136897,0,0,0,,0,0,0,0,0,0,0,,
609,24942603,Футболки,198745632,UrbanWear,UW-TSHIRT-001,Футболка мужская хлопок оверсайз,S,2037489561234,Продажа,Продажа,2025-09-16,2025-09-18,1,1890,1769.04,0,0,0,1890,0,0,6.4,15.0,12.5,6.1,107.91,3.99,40.33,2.28,компенсация платёжных услуг,152.23,30.45,1586.36,0,0,0.0,,,,0.0,0,,,Альфа-Банк,KRD-009,"Краснодар, ул. Красная, 109",,,Электросталь,Россия,Моно,,0,,1620997524227,8f3vkog1011he9wieeo9h5ihjqcyypq7,0,,0.0,0.0,0.0,0.0,,,,0,0,0,0,367494277,0,0,0,,0,0,0,0,0,0,0,,
610,0,Футболки,198745632,UrbanWear,UW-TSHIRT-001,Футболка мужская хлопок оверсайз,S,2037489561234,,Логистика,,2025-09-18,0,0,0.0,0,0,0,0,0,0,0.0,0.0,0.0,0.0,0.0,0.0,0.0,0.0,,0.0,0.0,0.0,1,0,43.73,2025-09-01,2025-10-05,,0.0,0,к клиенту при продаже,,,,,,,Электросталь,Россия,,,0,,9787904117280,8f3vkog1011he9wieeo9h5ihjqcyypq7,0,,0.0,0.0,0.0,1.18,,,,0,0,0,0,0,0,0,0,"FBW, (МГТ, паллеты)",0,0,0,0,0,0,0,,
611,24942603,Аксессуары,945018273,StyleUp,SU-BELT-LEATHER,Ремень кожаный классический,90,2719384650102,Продажа,Продажа,2025-09-17,2025-09-18,1,1290,1229.37,0,0,0,1290,0,0,4.7,14.0,11.67,6.97,85.69,4.74,28.89,2.35,компенсация платёжных услуг,119.32,23.86,1086.19,0,0,0.0,,,,0.0,0,,,Тинькофф Банк,SPB-012,"Санкт-Петербург, Невский пр., 42",,,Электросталь,Россия,Моно,,0,,1191075913144,el57obvlxuiiy3xgwk1gpcxwaymh0it4,0,,0.0,0.0,0.0,0.0,,,,0,0,0,0,979310849,0,0,0,,0,0,0,0,0,0,0,,
612,46913810,Рюкзаки,523098174,CarryOn,CO-BKPK-URBAN,Рюкзак городской с USB портом,0,2301847562009,Продажа,Продажа,2025-09-17,2025-09-18,1,2490,2303.25,0,0,0,2490,0,0,7.5,14.5,12.08,4.58,105.49,7.76,37.08,1.61,компенсация платёжных услуг,150.33,30.07,2122.85,0,0,0.0,,,,0.0,0,,,Сбербанк,EKB-007,"Екатеринбург, ул. Малышева, 33",,,Электросталь,Россия,Моно,,0,,2260559317704,xuwcozfqpii49h5vn28hr6cmewt33ood,0,,0.0,0.0,0.0,0.0,,,,0,0,0,0,266486397,0,0,0,,0,0,0,0,0,0,0,,
613,13356886,Носки,410293847,SockLab,SL-SOCK-PACK-5,Носки мужские набор 5 пар хлопок,25-27,2200198374650,Продажа,Продажа,2025-09-15,2025-09-18,1,690,676.2,0,0,0,690,0,0,2.0,17.0,14.17,12.17,82.29,7.14,14.0,2.07,компенсация платёжных услуг,103.43,20.69,552.08,0,0,0.0,,,,0.0,0,,,Тинькофф Банк,MSK-001,"Москва, ул. Ленина, 15",,,Казань,Россия,Микс,,0,,3856728954809,7mou3dn1tjl2fx35lg49ffqokvc4gtjs,0,,0.0,0.0,0.0,0.0,,,,0,0,0,0,454205969,0,0,0,,0,0,0,0,0,0,0,,
614,13356886,Носки,410293847,SockLab,SL-SOCK-PACK-5,Носки мужские набор 5 пар хлопок,25-27,2200198374650,Продажа,Продажа,2025-09-14,2025-09-18,1,690,667.92,0,0,0,690,0,0,3.2,17.0,14.17,10.97,73.27,2.69,13.89,2.08,компенсация платёжных услуг,89.85,17.97,560.1,0,0,0.0,,,,0.0,0,,,Сбербанк,EKB-007,"Екатеринбург, ул. Малышева, 33",,,Подольск,Россия,Моно,,0,,8936317005878,a30w78zwgdqblupph3nwx0taz8a4leo0,0,,0.0,0.0,0.0,0.0,,,,0,0,0,0,671915981,0,0,0,,0,0,0,0,0,0,0,,
615,46913810,Шорты,198745750,UrbanWear,UW-SHORTS-CARGO,Шорты мужские карго хлопок,XL,2037489561350,Продажа,Продажа,2025-09-17,2025-09-18,1,1990,1808.91,0,0,0,1990,0,0,9.1,15.0,12.5,3.4,61.5,3.82,31.48,1.74,компенсация платёжных услуг,96.8,19.36,1692.75,0,0,0.0,,,,0.0,0,,,Сбербанк,SMR-010,"Самара, ул. Ленинградская, 56",,,Казань,Россия,Моно,,0,,5579117098376,429kjpq8seutlpf4g9h0y05ml51aatn2,0,,0.0,0.0,0.0,0.0,,,,0,0,0,0,105185375,0,0,0,,0,0,0,0,0,0,0,,
616,0,Шорты,198745750,UrbanWear,UW-SHORTS-CARGO,Шорты мужские карго хлопок,XL,2037489561350,,Логистика,,2025-09-18,0,0,0.0,0,0,0,0,0,0,0.0,0.0,0.0,0.0,0.0,0.0,0.0,0.0,,0.0,0.0,0.0,1,0,51.11,2025-09-01,2025-10-05,,0.0,0,к клиенту при продаже,,,,,,,Казань,Россия,,,0,,8695470073580,429kjpq8seutlpf4g9h0y05ml51aatn2,0,,0.0,0.0,0.0,1.15,,,,0,0,0,0,0,0,0,0,"FBW, (МГТ, паллеты)",0,0,0,0,0,0,0,,
617,0,Куртки,734019285,NordWind,NW-JACKET-LITE,Куртка демисезонная мужская лёгкая,M,2510293847561,,Логистика,,2025-09-18,0,0,0.0,0,0,0,0,0,0,0.0,0.0,0.0,0.0,0.0,0.0,0.0,0.0,,0.0,0.0,0.0,1,0,135.51,2025-09-01,2025-10-05,,0.0,0,к клиенту при продаже,,,,,,,Тула,Россия,,,0,,4028438749747,kziy75itdl35jrj9r3vp8lim06etcqr3,0,,0.0,0.0,0.0,0.9,,,,0,0,0,0,0,0,0,0,"FBW, (МГТ, паллеты)",0,0,0,0,0,0,0,,
618,46913810,Джинсы,276583410,DenimPro,DP-JEANS-MOM-01,Джинсы женские mom fit голубые,27,2098374651001,Продажа,Продажа,2025-09-14,2025-09-18,1,3490,3256.17,0,0,0,3490,0,0,6.7,14.0,11.67,4.97,161.83,2.06,76.52,2.35,компенсация платёжных услуг,240.41,48.08,2967.68,0,0,0.0,,,,0.0,0,,,ВТБ,NSK-005,"Новосибирск, ул. Красный пр., 65",,,Коледино,Россия,Моно,,0,,8106182056893,o6ww8eirhrlnf6nv5xu6m9deocirio74,0,,0.0,0.0,0.0,0.0,,,,0,0,0,0,511345272,0,0,0,,0,0,0,0,0,0,0,,
619,0,Джинсы,276583410,DenimPro,DP-JEANS-MOM-01,Джинсы женские mom fit голубые,25,2098374651001,,Логистика,,2025-09-18,0,0,0.0,0,0,0,0,0,0,0.0,0.0,0.0,0.0,0.0,0.0,0.0,0.0,,0.0,0.0,0.0,1,0,61.64,2025-09-01,2025-10-05,,0.0,0,к клиенту при продаже,,,,,,,Коледино,Россия,,,0,,0683327151285,o6ww8eirhrlnf6nv5xu6m9deocirio74,0,,0.0,0.0,0.0,0.93,,,,0,0,0,0,0,0,0,0,"FBS, (МГТ)",0,0,0,0,0,0,0,,
620,13356886,Джинсы,276583410,DenimPro,DP-JEANS-MOM-01,Джинсы женские mom fit голубые,28,2098374651001,Продажа,Продажа,2025-09-16,2025-09-18,1,3490,3123.55,0,0,0,3490,0,0,10.5,14.0,11.67,1.17,36.55,5.45,69.97,2.24,компенсация платёжных услуг,111.97,22.39,2989.19,0,0,0.0,,,,0.0,0,,,Альфа-Банк,EKB-007,"Екатеринбург, ул. Малышева, 33",,,Тула,Россия,Микс,,0,,2433546882446,0n1pukqhpzca8vi5wl0jd0i2v4b2rcyb,0,,0.0,0.0,0.0,0.0,,,,0,0,0,0,589208257,0,0,0,,0,0,0,0,0,0,0,,
621,46913810,Куртки,734019285,NordWind,NW-JACKET-LITE,Куртка демисезонная мужская лёгкая,M,2510293847561,Продажа,Продажа,2025-09-15,2025-09-18,1,6490,6022.72,0,0,0,6490,0,0,7.2,13.0,10.83,3.63,218.62,7.29,148.16,2.46,компенсация платёжных услуг,374.07,74.81,5573.84,0,0,0.0,,,,0.0,0,,,Сбербанк,NNG-006,"Нижний Новгород, ул. Большая Покровская, 18",,,Подольск,Россия,Микс,,0,,1195678839601,4aw8jhe5s517dxj17x6xda71ebvfwb5h,0,,0.0,0.0,0.0,0.0,,,,0,0,0,0,271083611,0,0,0,,0,0,0,0,0,0,0,,
622,0,Футболки,198745632,UrbanWear,UW-TSHIRT-001,Футболка мужская хлопок оверсайз,XL,2037489561234,,Логистика,,2025-09-18,0,0,0.0,0,0,0,0,0,0,0.0,0.0,0.0,0.0,0.0,0.0,0.0,0.0,,0.0,0.0,0.0,1,0,58.67,2025-09-01,2025-10-05,,0.0,0,к клиенту при продаже,,,,,,,Электросталь,Россия,,,0,,1675322879452,pggb38i1wr63juwmw3m4dy99o3ucr68n,0,,0.0,0.0,0.0,0.95,,,,0,0,0,0,0,0,0,0,"FBS, (МГТ)",0,0,0,0,0,0,0,,
623,24942603,Джинсы,276583410,DenimPro,DP-JEANS-MOM-01,Джинсы женские mom fit голубые,25,2098374651001,Продажа,Продажа,2025-09-14,2025-09-18,1,3490,3249.19,0,0,0,3490,0,0,6.9,14.0,11.67,4.77,154.99,4.88,74.73,2.3,компенсация платёжных услуг,234.6,46.92,2967.67,0,0,0.0,,,,0.0,0,,,ВТБ,RND-004,"Ростов-на-Дону, пр. Будённовский, 21",,,Подольск,Россия,Моно,,0,,8325002888142,skso6dkflab0qm6ut6fizhjmxsnwer8z,0,,0.0,0.0,0.0,0.0,,,,0,0,0,0,467754980,0,0,0,,0,0,0,0,0,0,0,,
624,0,Шорты,198745750,UrbanWear,UW-SHORTS-CARGO,Шорты мужские карго хлопок,M,2037489561350,,Логистика,,2025-09-18,0,0,0.0,0,0,0,0,0,0,0.0,0.0,0.0,0.0,0.0,0.0,0.0,0.0,,0.0,0.0,0.0,1,0,111.25,2025-09-01,2025-10-05,,0.0,0,к клиенту при продаже,,,,,,,Казань,Россия,,,0,,0992708167052,0fcuzlzoo0ahwy423pace2f346zssjnj,0,,0.0,0.0,0.0,1.41,,,,0,0,0,0,0,0,0,0,"FBS, (МГТ)",0,0,0,0,0,0,0,,
625,46913810,Куртки,734019285,NordWind,NW-JACKET-LITE,Куртка демисезонная мужская лёгкая,XL,2510293847561,Возврат,Возврат,2025-09-10,2025-09-18,1,6490,6282.32,0,0,0,6490,0,0,3.2,13.0,10.83,7.63,-479.34,-4.09,-150.15,2.39,компенсация платёжных услуг,-633.58,-126.72,-5522.02,0,0,0.0,,,,0.0,0,,,,RND-004,"Ростов-на-Дону, пр. Будённовский, 21",,,Казань,Россия,,,0,,4559198830501,o89lg7v6tvquiltemrqp94na46n0abcz,0,,0.0,0.0,0.0,0.0,,,,0,0,0,0,0,0,0,0,,0,0,0,0,0,0,0,,
626,0,Куртки,734019285,NordWind,NW-JACKET-LITE,Куртка демисезонная мужская лёгкая,XL,2510293847561,,Логистика,,2025-09-18,0,0,0.0,0,0,0,0,0,0,0.0,0.0,0.0,0.0,0.0,0.0,0.0,0.0,,0.0,0.0,0.0,0,1,143.07,2025-09-01,2025-10-05,,0.0,0,от клиента при возврате,,,,,,,Казань,Россия,,,0,,7062565484696,o89lg7v6tvquiltemrqp94na46n0abcz,0,,0.0,0.0,0.0,0.83,,,,0,0,0,0,0,0,0,0,"FBS, (МГТ)",0,0,0,0,0,0,0,,
627,24942603,Платья,645098231,LaDonna,LD-DRESS-MIDI,Платье миди с цветочным принтом,L,2409182736450,Возврат,Возврат,2025-09-12,2025-09-18,1,3290,3178.14,0,0,0,3290,0,0,3.4,15.0,12.5,9.1,-289.21,-5.91,-65.79,2.07,компенсация платёжных услуг,-360.91,-72.18,-2745.05,0,0,0.0,,,,0.0,0,,,,KRD-009,"Краснодар, ул. Красная, 109",,,Коледино,Россия,,,0,,4769638687399,he0fwcs4bju8oxm9f4oheun5a8xaejgn,0,,0.0,0.0,0.0,0.0,,,,0,0,0,0,0,0,0,0,,0,0,0,0,0,0,0,,
628,0,Платья,645098231,LaDonna,LD-DRESS-MIDI,Платье миди с цветочным принтом,M,2409182736450,,Логистика,,2025-09-18,0,0,0.0,0,0,0,0,0,0,0.0,0.0,0.0,0.0,0.0,0.0,0.0,0.0,,0.0,0.0,0.0,0,1,69.4,2025-09-01,2025-10-05,,0.0,0,от клиента при возврате,,,,,,,Коледино,Россия,,,0,,0397339230345,he0fwcs4bju8oxm9f4oheun5a8xaejgn,0,,0.0,0.0,0.0,1.09,,,,0,0,0,0,0,0,0,0,"FBW, (МГТ, паллеты)",0,0,0,0,0,0,0,,
629,13356886,Футболки,198745632,UrbanWear,UW-TSHIRT-001,Футболка мужская хлопок оверсайз,XXL,2037489561234,Возврат,Возврат,2025-09-11,2025-09-18,1,1890,1776.6,0,0,0,1890,0,0,6.0,15.0,12.5,6.5,-115.48,-4.72,-34.11,1.92,компенсация платёжных услуг,-154.31,-30.86,-1591.43,0,0,0.0,,,,0.0,0,,,,RND-004,"Ростов-на-Дону, пр. Будённовский, 21",,,Тула,Россия,,,0,,4833935403590,hdt4rk9ffy71knckonrhhkycq2ygynki,0,,0.0,0.0,0.0,0.0,,,,0,0,0,0,0,0,0,0,,0,0,0,0,0,0,0,,
630,0,Футболки,198745632,UrbanWear,UW-TSHIRT-001,Футболка мужская хлопок оверсайз,XXL,2037489561234,,Логистика,,2025-09-18,0,0,0.0,0,0,0,0,0,0,0.0,0.0,0.0,0.0,0.0,0.0,0.0,0.0,,0.0,0.0,0.0,0,1,62.26,2025-09-01,2025-10-05,,0.0,0,от клиента при возврате,,,,,,,Тула,Россия,,,0,,9276039719956,hdt4rk9ffy71knckonrhhkycq2ygynki,0,,0.0,0.0,0.0,0.95,,,,0,0,0,0,0,0,0,0,"FBS, (МГТ)",0,0,0,0,0,0,0,,
631,95822412,Сумки,523098175,CarryOn,CO-BAG-TOTE-01,Сумка-тоут женская эко-кожа,0,2301847562010,Возврат,Возврат,2025-09-11,2025-09-18,1,1990,1816.87,0,0,0,1990,0,0,8.7,14.5,12.08,3.38,-61.41,-4.77,-31.43,1.73,компенсация платёжных услуг,-97.61,-19.52,-1699.74,0,0,0.0,,,,0.0,0,,,,EKB-007,"Екатеринбург, ул. Малышева, 33",,,Электросталь,Россия,,,0,,2397392048812,8innu7pggminudc32gy422kkwfapg0jg,0,,0.0,0.0,0.0,0.0,,,,0,0,0,0,0,0,0,0,,0,0,0,0,0,0,0,,
632,0,Сумки,523098175,CarryOn,CO-BAG-TOTE-01,Сумка-тоут женская эко-кожа,0,2301847562010,,Логистика,,2025-09-18,0,0,0.0,0,0,0,0,0,0,0.0,0.0,0.0,0.0,0.0,0.0,0.0,0.0,,0.0,0.0,0.0,0,1,84.96,2025-09-01,2025-10-05,,0.0,0,от клиента при возврате,,,,,,,Электросталь,Россия,,,0,,5342808175956,8innu7pggminudc32gy422kkwfapg0jg,0,,0.0,0.0,0.0,1.07,,,,0,0,0,0,0,0,0,0,"FBS, (МГТ)",0,0,0,0,0,0,0,,
633,13356886,Джинсы,276583410,DenimPro,DP-JEANS-MOM-01,Джинсы женские mom fit голубые,27,2098374651001,Возврат,Возврат,2025-09-08,2025-09-18,1,3490,3374.83,0,0,0,3490,0,0,3.3,14.0,11.67,8.37,-282.47,-6.7,-84.37,2.5,компенсация платёжных услуг,-373.54,-74.71,-2926.58,0,0,0.0,,,,0.0,0,,,,SMR-010,"Самара, ул. Ленинградская, 56",,,Коледино,Россия,,,0,,6108503554021,ssuxdoub5ynklowqdwol61va2j2buzra,0,,0.0,0.0,0.0,0.0,,,,0,0,0,0,0,0,0,0,,0,0,0,0,0,0,0,,
634,0,Джинсы,276583410,DenimPro,DP-JEANS-MOM-01,Джинсы женские mom fit голубые,26,2098374651001,,Логистика,,2025-09-18,0,0,0.0,0,0,0,0,0,0,0.0,0.0,0.0,0.0,0.0,0.0,0.0,0.0,,0.0,0.0,0.0,0,1,66.57,2025-09-01,2025-10-05,,0.0,0,от клиента при возврате,,,,,,,Коледино,Россия,,,0,,6318940147755,ssuxdoub5ynklowqdwol61va2j2buzra,0,,0.0,0.0,0.0,0.97,,,,0,0,0,0,0,0,0,0,"FBS, (МГТ)",0,0,0,0,0,0,0,,
635,13356886,Джинсы,276583410,DenimPro,DP-JEANS-MOM-01,Джинсы женские mom fit голубые,29,2098374651001,Возврат,Возврат,2025-09-13,2025-09-18,1,3490,3235.23,0,0,0,3490,0,0,7.3,14.0,11.67,4.37,-141.38,-6.16,-63.09,1.95,компенсация платёжных услуг,-210.63,-42.13,-2982.47,0,0,0.0,,,,0.0,0,,,,NSK-005,"Новосибирск, ул. Красный пр., 65",,,Тула,Россия,,,0,,1527776694499,fbovb1zj396yfi7eq3o6j8lu25wsevi9,0,,0.0,0.0,0.0,0.0,,,,0,0,0,0,0,0,0,0,,0,0,0,0,0,0,0,,
636,0,Джинсы,276583410,DenimPro,DP-JEANS-MOM-01,Джинсы женские mom fit голубые,26,2098374651001,,Логистика,,2025-09-18,0,0,0.0,0,0,0,0,0,0,0.0,0.0,0.0,0.0,0.0,0.0,0.0,0.0,,0.0,0.0,0.0,0,1,59.94,2025-09-01,2025-10-05,,0.0,0,от клиента при возврате,,,,,,,Тула,Россия,,,0,,4974740715576,fbovb1zj396yfi7eq3o6j8lu25wsevi9,0,,0.0,0.0,0.0,1.22,,,,0,0,0,0,0,0,0,0,"FBW, (МГТ, короба)",0,0,0,0,0,0,0,,
637,0,Джинсы,276583411,DenimPro,DP-JEANS-SLIM-02,Джинсы мужские slim тёмно-синие,31,2098374651002,,Логистика,,2025-09-18,0,0,0.0,0,0,0,0,0,0,0.0,0.0,0.0,0.0,0.0,0.0,0.0,0.0,,0.0,0.0,0.0,0,1,105.48,2025-09-01,2025-10-05,,0.0,0,от клиента при отмене,,,,,,,Белая Дача,Россия,,,0,,9873651692317,3ab62acr85xl6v337pd7cdzpbbwgdkd8,0,,0.0,0.0,0.0,1.31,,,,0,0,0,0,0,0,0,0,"FBW, (МГТ, паллеты)",0,0,0,0,0,0,0,,
638,0,Шорты,198745750,UrbanWear,UW-SHORTS-CARGO,Шорты мужские карго хлопок,XL,2037489561350,,Логистика,,2025-09-18,0,0,0.0,0,0,0,0,0,0,0.0,0.0,0.0,0.0,0.0,0.0,0.0,0.0,,0.0,0.0,0.0,1,0,40.85,2025-09-01,2025-10-05,,0.0,0,к клиенту при отмене,,,,,,,Краснодар,Россия,,,0,,4348861511172,orq59d6sv8flocvs96ycxneam5cspm0o,0,,0.0,0.0,0.0,0.94,,,,0,0,0,0,0,0,0,0,"FBS, (МГТ)",0,0,0,0,0,0,0,,
639,0,Куртки,734019285,NordWind,NW-JACKET-LITE,Куртка демисезонная мужская лёгкая,L,2510293847561,,Логистика,,2025-09-18,0,0,0.0,0,0,0,0,0,0,0.0,0.0,0.0,0.0,0.0,0.0,0.0,0.0,,0.0,0.0,0.0,0,1,160.93,2025-09-01,2025-10-05,,0.0,0,от клиента при отмене,,,,,,,Белая Дача,Россия,,,0,,8457438116672,r6nbqd8qkki9u0vqf6oylcb37bq3r0bg,0,,0.0,0.0,0.0,1.26,,,,0,0,0,0,0,0,0,0,"FBW, (МГТ, паллеты)",0,0,0,0,0,0,0,,
640,0,,0,,,,0,,,Хранение,,2025-09-18,0,0,0.0,0,0,0,0,0,0,0.0,0.0,0.0,0.0,0.0,0.0,0.0,0.0,,0.0,0.0,0.0,0,0,0.0,,,,0.0,0,Хранение,,,,,,,,,,,0,,,wl51ctae3hk3lqexrsq97npwq6yk8mmu,0,,1521.31,0.0,0.0,0.0,,,,0,0,0,0,0,0,0,0,,0,0,0,0,0,0,0,,
641,0,Футболки,198745632,UrbanWear,UW-TSHIRT-001,Футболка мужская хлопок оверсайз,0,2037489561234,,Штраф,,2025-09-18,0,0,0.0,0,0,0,0,0,0,0.0,0.0,0.0,0.0,0.0,0.0,0.0,0.0,,0.0,0.0,0.0,0,0,0.0,,,,673.91,0,Штраф за нарушение упаковки,,,,,,,Электросталь,,,,0,,,hhb1mtrkzytwxim04rf4ltyytmjl5h16,0,,0.0,0.0,0.0,0.0,,,,0,0,0,0,0,0,0,0,,0,0,0,0,0,0,0,,
642,0,Джинсы,276583410,DenimPro,DP-JEANS-MOM-01,Джинсы женские mom fit голубые,0,2098374651001,,Штраф,,2025-09-18,0,0,0.0,0,0,0,0,0,0,0.0,0.0,0.0,0.0,0.0,0.0,0.0,0.0,,0.0,0.0,0.0,0,0,0.0,,,,1494.28,0,Штраф за нарушение упаковки,,,,,,,Коледино,,,,0,,,emksd1jcptzzz6ctel745csf0almwnmj,0,,0.0,0.0,0.0,0.0,,,,0,0,0,0,0,0,0,0,,0,0,0,0,0,0,0,,
643,0,,0,,,,0,,,Удержания,,2025-09-18,0,0,0.0,0,0,0,0,0,0,0.0,0.0,0.0,0.0,0.0,0.0,0.0,0.0,,0.0,0.0,0.0,0,0,0.0,,,,0.0,0,Минимальный платёж Конструктор тарифов,,,,,,,,,,,0,,,g0rqap37lxmzkg8jwnuk491rz84ems8e,0,,0.0,2897.47,0.0,0.0,,,,0,0,0,0,0,0,0,0,,0,0,0,0,0,0,0,,
644,0,,0,,,,0,,,Удержания,,2025-09-18,0,0,0.0,0,0,0,0,0,0,0.0,0.0,0.0,0.0,0.0,0.0,0.0,0.0,,0.0,0.0,0.0,0,0,0.0,,,,0.0,0,Подписка Джем,,,,,,,,,,,0,,,oatmzh93xmcl1yedz3g9r304abiscw1p,0,,0.0,3396.05,0.0,0.0,,,,0,0,0,0,0,0,0,0,,0,0,0,0,0,0,0,,
645,24942603,,0,,,,0,,,Обработка товара,,2025-09-18,0,0,0.0,0,0,0,0,0,0,0.0,0.0,0.0,0.0,0.0,0.0,0.0,0.0,,0.0,0.0,0.0,0,0,0.0,,,,0.0,0,Обработка товара,,,,,,,Коледино,,,,0,,,oq9rq53utiumw6asgfqgdm1iyku9ivw7,0,,0.0,0.0,1810.02,0.0,,,,0,0,0,0,0,0,0,0,,0,0,0,0,0,0,0,,
646,46913810,Худи,198745700,UrbanWear,UW-HOODIE-BLK,Худи унисекс оверсайз чёрное,S,2037489561300,Продажа,Продажа,2025-09-16,2025-09-19,1,2990,2855.45,0,0,0,2990,0,0,4.5,15.0,12.5,8.0,228.44,2.33,55.68,1.95,компенсация платёжных услуг,286.45,57.29,2511.71,0,0,0.0,,,,0.0,0,,,ВТБ,KZN-003,"Казань, ул. Баумана, 8",,,Тула,Россия,Микс,,0,,2948509899814,eimvihcwi64ciyhe7ur23gdppq0y9dom,0,,0.0,0.0,0.0,0.0,,,,0,0,0,0,399085574,0,0,0,,0,0,0,0,0,0,0,,
647,0,Худи,198745700,UrbanWear,UW-HOODIE-BLK,Худи унисекс оверсайз чёрное,XL,2037489561300,,Логистика,,2025-09-19,0,0,0.0,0,0,0,0,0,0,0.0,0.0,0.0,0.0,0.0,0.0,0.0,0.0,,0.0,0.0,0.0,1,0,109.17,2025-09-01,2025-10-05,,0.0,0,к клиенту при продаже,,,,,,,Тула,Россия,,,0,,0397267764120,eimvihcwi64ciyhe7ur23gdppq0y9dom,0,,0.0,0.0,0.0,1.43,,,,0,0,0,0,0,0,0,0,"FBW, (МГТ, короба)",0,0,0,0,0,0,0,,
648,95822412,Шорты,198745750,UrbanWear,UW-SHORTS-CARGO,Шорты мужские карго хлопок,M,2037489561350,Продажа,Продажа,2025-09-14,2025-09-19,1,1990,1902.44,0,0,0,1990,0,0,4.4,15.0,12.5,8.1,154.1,2.03,32.34,1.7,компенсация платёжных услуг,188.47,37.69,1676.28,0,0,0.0,,,,0.0,0,,,Тинькофф Банк,SPB-012,"Санкт-Петербург, Невский пр., 42",,,Тула,Россия,Микс,,0,,4556869393446,ba75uuzpeal2w37d4ivsolmlgses6m03,0,,0.0,0.0,0.0,0.0,,,,0,0,0,0,290209201,0,0,0,,0,0,0,0,0,0,0,,
649,0,Аксессуары,945018273,StyleUp,SU-BELT-LEATHER,Ремень кожаный классический,100,2719384650102,,Логистика,,2025-09-19,0,0,0.0,0,0,0,0,0,0,0.0,0.0,0.0,0.0,0.0,0.0,0.0,0.0,,0.0,0.0,0.0,1,0,115.81,2025-09-01,2025-10-05,,0.0,0,к клиенту при продаже,,,,,,,Казань,Россия,,,0,,1275575686511,s8q349dxbz9svn7n1ybwmlunj48vfcx7,0,,0.0,0.0,0.0,1.14,,,,0,0,0,0,0,0,0,0,"FBW, (МГТ, короба)",0,0,0,0,0,0,0,,
650,13356886,Сумки,523098175,CarryOn,CO-BAG-TOTE-01,Сумка-тоут женская эко-кожа,0,2301847562010,Продажа,Продажа,2025-09-15,2025-09-19,1,1990,1850.7,0,0,0,1990,0,0,7.0,14.5,12.08,5.08,94.02,4.97,34.61,1.87,компенсация платёжных услуг,133.6,26.72,1690.38,0,0,0.0,,,,0.0,0,,,Альфа-Банк,SPB-012,"Санкт-Петербург, Невский пр., 42",,,Подольск,Россия,Моно,,0,,2508243198597,8ii7ewbxxgaearms3jn050e6mpsj9wrs,0,,0.0,0.0,0.0,0.0,,,,0,0,0,0,716233644,0,0,0,,0,0,0,0,0,0,0,,
651,95822412,Кроссовки,312094875,StepMax,SM-SNKR-RUN-44,Кроссовки беговые мужские StepMax Air,41,2145098763210,Продажа,Продажа,2025-09-16,2025-09-19,1,5990,5768.37,0,0,0,5990,0,0,3.7,13.5,11.25,7.55,435.51,2.93,93.45,1.62,компенсация платёжных услуг,531.89,106.38,5130.1,0,0,0.0,,,,0.0,0,,,Тинькофф Банк,MSK-001,"Москва, ул. Ленина, 15",,,Белая Дача,Россия,Микс,,0,,6172463970315,g6jna9zn9i9h0dxho87f00terkmby9ip,0,,0.0,0.0,0.0,0.0,,,,0,0,0,0,145090037,0,0,0,,0,0,0,0,0,0,0,,
652,0,Кроссовки,312094875,StepMax,SM-SNKR-RUN-44,Кроссовки беговые мужские StepMax Air,43,2145098763210,,Логистика,,2025-09-19,0,0,0.0,0,0,0,0,0,0,0.0,0.0,0.0,0.0,0.0,0.0,0.0,0.0,,0.0,0.0,0.0,1,0,107.92,2025-09-01,2025-10-05,,0.0,0,к клиенту при продаже,,,,,,,Белая Дача,Россия,,,0,,8416318442611,g6jna9zn9i9h0dxho87f00terkmby9ip,0,,0.0,0.0,0.0,1.49,,,,0,0,0,0,0,0,0,0,"FBS, (МГТ)",0,0,0,0,0,0,0,,
653,42868828,Куртки,734019285,NordWind,NW-JACKET-LITE,Куртка демисезонная мужская лёгкая,XL,2510293847561,Продажа,Продажа,2025-09-14,2025-09-19,1,6490,6353.71,0,0,0,6490,0,0,2.1,13.0,10.83,8.73,554.68,7.89,108.65,1.71,компенсация платёжных услуг,671.22,134.24,5548.25,0,0,0.0,,,,0.0,0,,,Альфа-Банк,MSK-001,"Москва, ул. Ленина, 15",,,Подольск,Россия,Микс,,0,,9555041282235,qx5ggomf9pml9ln1p0vuh17j8qo09vs9,0,,0.0,0.0,0.0,0.0,,,,0,0,0,0,928416590,0,0,0,,0,0,0,0,0,0,0,,
654,95822412,Джинсы,276583410,DenimPro,DP-JEANS-MOM-01,Джинсы женские mom fit голубые,29,2098374651001,Продажа,Продажа,2025-09-17,2025-09-19,1,3490,3144.49,0,0,0,3490,0,0,9.9,14.0,11.67,1.77,55.66,2.24,61.63,1.96,компенсация платёжных услуг,119.53,23.91,3001.05,0,0,0.0,,,,0.0,0,,,Альфа-Банк,MSK-001,"Москва, ул. Ленина, 15",,,Казань,Россия,Микс,,0,,3887804183422,arr3vrhxqpva5kw3hgbmfbuvldd9fkxz,0,,0.0,0.0,0.0,0.0,,,,0,0,0,0,199993584,0,0,0,,0,0,0,0,0,0,0,,
655,0,Джинсы,276583410,DenimPro,DP-JEANS-MOM-01,Джинсы женские mom fit голубые,29,2098374651001,,Логистика,,2025-09-19,0,0,0.0,0,0,0,0,0,0,0.0,0.0,0.0,0.0,0.0,0.0,0.0,0.0,,0.0,0.0,0.0,1,0,48.74,2025-09-01,2025-10-05,,0.0,0,к клиенту при продаже,,,,,,,Казань,Россия,,,0,,9469926359315,arr3vrhxqpva5kw3hgbmfbuvldd9fkxz,0,,0.0,0.0,0.0,1.31,,,,0,0,0,0,0,0,0,0,"FBS, (МГТ)",0,0,0,0,0,0,0,,
656,0,Куртки,734019285,NordWind,NW-JACKET-LITE,Куртка демисезонная мужская лёгкая,L,2510293847561,,Логистика,,2025-09-19,0,0,0.0,0,0,0,0,0,0,0.0,0.0,0.0,0.0,0.0,0.0,0.0,0.0,,0.0,0.0,0.0,1,0,81.7,2025-09-01,2025-10-05,,0.0,0,к клиенту при продаже,,,,,,,Краснодар,Россия,,,0,,6317215099588,n9uzeryf0992qc6dr08cw2lbm2qsq0p8,0,,0.0,0.0,0.0,0.88,,,,0,0,0,0,0,0,0,0,"FBW, (МГТ, короба)",0,0,0,0,0,0,0,,
657,46913810,Футболки,198745633,UrbanWear,UW-TSHIRT-002,Футболка женская приталенная,L,2037489561235,Продажа,Продажа,2025-09-15,2025-09-19,1,1690,1531.14,0,0,0,1690,0,0,9.4,15.0,12.5,3.1,47.47,7.45,36.75,2.4,компенсация платёжных услуг,91.67,18.33,1421.14,0,0,0.0,,,,0.0,0,,,Тинькофф Банк,KRD-009,"Краснодар, ул. Красная, 109",,,Хоругвино,Россия,Моно,,0,,8548454786440,8va8x8l008uhbxlbc8nog85d4f2k1xer,0,,0.0,0.0,0.0,0.0,,,,0,0,0,0,814596978,0,0,0,,0,0,0,0,0,0,0,,
658,42868828,Рюкзаки,523098174,CarryOn,CO-BKPK-URBAN,Рюкзак городской с USB портом,0,2301847562009,Продажа,Продажа,2025-09-16,2025-09-19,1,2490,2236.02,0,0,0,2490,0,0,10.2,14.5,12.08,1.88,42.04,3.21,51.2,2.29,компенсация платёжных услуг,96.45,19.29,2120.28,0,0,0.0,,,,0.0,0,,,ВТБ,MSK-001,"Москва, ул. Ленина, 15",,,Тула,Россия,Моно,,0,,0115063328203,hd3igk38vhmewcjn6ocjpztc09zgnx3v,0,,0.0,0.0,0.0,0.0,,,,0,0,0,0,748118351,0,0,0,,0,0,0,0,0,0,0,,
659,0,Рюкзаки,523098174,CarryOn,CO-BKPK-URBAN,Рюкзак городской с USB портом,0,2301847562009,,Логистика,,2025-09-19,0,0,0.0,0,0,0,0,0,0,0.0,0.0,0.0,0.0,0.0,0.0,0.0,0.0,,0.0,0.0,0.0,1,0,92.6,2025-09-01,2025-10-05,,0.0,0,к клиенту при продаже,,,,,,,Тула,Россия,,,0,,5803522003718,hd3igk38vhmewcjn6ocjpztc09zgnx3v,0,,0.0,0.0,0.0,1.45,,,,0,0,0,0,0,0,0,0,"FBW, (МГТ, короба)",0,0,0,0,0,0,0,,
660,0,Кроссовки,312094876,StepMax,SM-SNKR-CSL-38,Кроссовки повседневные женские StepMax Lite,37,2145098763211,,Логистика,,2025-09-19,0,0,0.0,0,0,0,0,0,0,0.0,0.0,0.0,0.0,0.0,0.0,0.0,0.0,,0.0,0.0,0.0,1,0,126.83,2025-09-01,2025-10-05,,0.0,0,к клиенту при продаже,,,,,,,Тула,Россия,,,0,,0550955728221,nxhn5e0ev6xgz7ctm09hzbgtj54696qz,0,,0.0,0.0,0.0,1.23,,,,0,0,0,0,0,0,0,0,"FBW, (МГТ, короба)",0,0,0,0,0,0,0,,
661,13356886,Футболки,198745632,UrbanWear,UW-TSHIRT-001,Футболка мужская хлопок оверсайз,M,2037489561234,Продажа,Продажа,2025-09-16,2025-09-19,1,1890,1833.3,0,0,0,1890,0,0,3.0,15.0,12.5,9.5,174.16,1.74,44.55,2.43,компенсация платёжных услуг,220.45,44.09,1568.76,0,0,0.0,,,,0.0,0,,,ВТБ,KRD-009,"Краснодар, ул. Красная, 109",,,Электросталь,Россия,Моно,,0,,9872818740618,h6ssgfxuq4f2x7c4r8vgzsxjzvuv3cb0,0,,0.0,0.0,0.0,0.0,,,,0,0,0,0,915946380,0,0,0,,0,0,0,0,0,0,0,,
662,0,Футболки,198745632,UrbanWear,UW-TSHIRT-001,Футболка мужская хлопок оверсайз,S,2037489561234,,Логистика,,2025-09-19,0,0,0.0,0,0,0,0,0,0,0.0,0.0,0.0,0.0,0.0,0.0,0.0,0.0,,0.0,0.0,0.0,1,0,75.32,2025-09-01,2025-10-05,,0.0,0,к клиенту при продаже,,,,,,,Электросталь,Россия,,,0,,9363951242218,h6ssgfxuq4f2x7c4r8vgzsxjzvuv3cb0,0,,0.0,0.0,0.0,1.06,,,,0,0,0,0,0,0,0,0,"FBS, (МГТ)",0,0,0,0,0,0,0,,
663,13356886,Джинсы,276583411,DenimPro,DP-JEANS-SLIM-02,Джинсы мужские slim тёмно-синие,33,2098374651002,Продажа,Продажа,2025-09-15,2025-09-19,1,3790,3520.91,0,0,0,3790,0,0,7.1,14.0,11.67,4.57,160.91,7.01,87.67,2.49,компенсация платёжных услуг,255.59,51.12,3214.2,0,0,0.0,,,,0.0,0,,,Сбербанк,SPB-012,"Санкт-Петербург, Невский пр., 42",,,Хоругвино,Россия,Моно,,0,,3717149041847,dlfwduh7vdo4s41cro04byv5jhurr8iq,0,,0.0,0.0,0.0,0.0,,,,0,0,0,0,557094067,0,0,0,,0,0,0,0,0,0,0,,
664,95822412,Белье,867293041,ComfortZone,CZ-BRA-SPORT-01,Бюстгальтер спортивный бесшовный,M,2618293740156,Продажа,Продажа,2025-09-15,2025-09-19,1,890,848.17,0,0,0,890,0,0,4.7,16.0,13.33,8.63,73.2,3.45,15.61,1.84,компенсация платёжных услуг,92.26,18.45,737.46,0,0,0.0,,,,0.0,0,,,Сбербанк,SMR-010,"Самара, ул. Ленинградская, 56",,,Подольск,Россия,Моно,,0,,1071597723072,zl4j4x0ly66g9znaxoycg1fjgbvyow47,0,,0.0,0.0,0.0,0.0,,,,0,0,0,0,597148239,0,0,0,,0,0,0,0,0,0,0,,
665,13356886,Кроссовки,312094876,StepMax,SM-SNKR-CSL-38,Кроссовки повседневные женские StepMax Lite,39,2145098763211,Продажа,Продажа,2025-09-16,2025-09-19,1,4990,4830.32,0,0,0,4990,0,0,3.2,13.5,11.25,8.05,388.84,1.58,82.12,1.7,компенсация платёжных услуг,472.54,94.51,4263.27,0,0,0.0,,,,0.0,0,,,Тинькофф Банк,SMR-010,"Самара, ул. Ленинградская, 56",,,Подольск,Россия,Микс,,0,,5581871864076,4tc2qsi2g74izg9jj0076ekhi1rd5b2c,0,,0.0,0.0,0.0,0.0,,,,0,0,0,0,623159945,0,0,0,,0,0,0,0,0,0,0,,
666,42868828,Сумки,523098175,CarryOn,CO-BAG-TOTE-01,Сумка-тоут женская эко-кожа,0,2301847562010,Продажа,Продажа,2025-09-17,2025-09-19,1,1990,1912.39,0,0,0,1990,0,0,3.9,14.5,12.08,8.18,156.43,2.04,34.61,1.81,компенсация платёжных услуг,193.08,38.62,1680.69,0,0,0.0,,,,0.0,0,,,Сбербанк,MSK-001,"Москва, ул. Ленина, 15",,,Хоругвино,Россия,Моно,,0,,7593322342923,11pjq50xcxmsy3paua3aipjiylqx1um5,0,,0.0,0.0,0.0,0.0,,,,0,0,0,0,672757561,0,0,0,,0,0,0,0,0,0,0,,
667,0,Сумки,523098175,CarryOn,CO-BAG-TOTE-01,Сумка-тоут женская эко-кожа,0,2301847562010,,Логистика,,2025-09-19,0,0,0.0,0,0,0,0,0,0,0.0,0.0,0.0,0.0,0.0,0.0,0.0,0.0,,0.0,0.0,0.0,1,0,110.21,2025-09-01,2025-10-05,,0.0,0,к клиенту при продаже,,,,,,,Хоругвино,Россия,,,0,,0882041751955,11pjq50xcxmsy3paua3aipjiylqx1um5,0,,0.0,0.0,0.0,1.46,,,,0,0,0,0,0,0,0,0,"FBW, (МГТ, короба)",0,0,0,0,0,0,0,,
668,46913810,Кроссовки,312094875,StepMax,SM-SNKR-RUN-44,Кроссовки беговые мужские StepMax Air,45,2145098763210,Продажа,Продажа,2025-09-16,2025-09-19,1,5990,5552.73,0,0,0,5990,0,0,7.3,13.5,11.25,3.95,219.33,6.6,103.28,1.86,компенсация платёжных услуг,329.21,65.84,5157.68,0,0,0.0,,,,0.0,0,,,Тинькофф Банк,VRN-008,"Воронеж, ул. Плехановская, 22",,,Тула,Россия,Микс,,0,,1668297594209,xymscnx8eiqetk5lp9c5so79h4ha0mvf,0,,0.0,0.0,0.0,0.0,,,,0,0,0,0,279050174,0,0,0,,0,0,0,0,0,0,0,,
669,24942603,Джинсы,276583411,DenimPro,DP-JEANS-SLIM-02,Джинсы мужские slim тёмно-синие,31,2098374651002,Продажа,Продажа,2025-09-16,2025-09-19,1,3790,3691.46,0,0,0,3790,0,0,2.6,14.0,11.67,9.07,334.82,1.44,67.92,1.84,компенсация платёжных услуг,404.18,80.84,3206.44,0,0,0.0,,,,0.0,0,,,Сбербанк,SMR-010,"Самара, ул. Ленинградская, 56",,,Хоругвино,Россия,Микс,,0,,0770705936602,zq0v4psc9j5uge1g41io4koxhjmia6yk,0,,0.0,0.0,0.0,0.0,,,,0,0,0,0,911373139,0,0,0,,0,0,0,0,0,0,0,,
670,13356886,Джинсы,276583411,DenimPro,DP-JEANS-SLIM-02,Джинсы мужские slim тёмно-синие,32,2098374651002,Продажа,Продажа,2025-09-17,2025-09-19,1,3790,3486.8,0,0,0,3790,0,0,8.0,14.0,11.67,3.67,127.97,4.75,80.89,2.32,компенсация платёжных услуг,213.61,42.72,3230.47,0,0,0.0,,,,0.0,0,,,Тинькофф Банк,SMR-010,"Самара, ул. Ленинградская, 56",,,Электросталь,Россия,Моно,,0,,2085523782220,zv3iu6l5nfltq680cog1zn1riamwu28r,0,,0.0,0.0,0.0,0.0,,,,0,0,0,0,749701221,0,0,0,,0,0,0,0,0,0,0,,
671,13356886,Рюкзаки,523098174,CarryOn,CO-BKPK-URBAN,Рюкзак городской с USB портом,0,2301847562009,Продажа,Продажа,2025-09-17,2025-09-19,1,2490,2395.38,0,0,0,2490,0,0,3.8,14.5,12.08,8.28,198.34,5.53,47.91,2.0,компенсация платёжных услуг,251.78,50.36,2093.24,0,0,0.0,,,,0.0,0,,,Тинькофф Банк,RND-004,"Ростов-на-Дону, пр. Будённовский, 21",,,Подольск,Россия,Микс,,0,,9432013530824,75vi7lig9gmykvygw22ygyzthqse0kiv,0,,0.0,0.0,0.0,0.0,,,,0,0,0,0,620059677,0,0,0,,0,0,0,0,0,0,0,,
672,95822412,Сумки,523098175,CarryOn,CO-BAG-TOTE-01,Сумка-тоут женская эко-кожа,0,2301847562010,Продажа,Продажа,2025-09-15,2025-09-19,1,1990,1942.24,0,0,0,1990,0,0,2.4,14.5,12.08,9.68,188.01,2.23,45.45,2.34,компенсация платёжных услуг,235.69,47.14,1659.41,0,0,0.0,,,,0.0,0,,,ВТБ,SPB-012,"Санкт-Петербург, Невский пр., 42",,,Краснодар,Россия,Моно,,0,,2112825569989,mmqzadwajgf00hheqxiee6hw5kyfc6ra,0,,0.0,0.0,0.0,0.0,,,,0,0,0,0,191082624,0,0,0,,0,0,0,0,0,0,0,,
673,13356886,Носки,410293847,SockLab,SL-SOCK-PACK-5,Носки мужские набор 5 пар хлопок,29-31,2200198374650,Продажа,Продажа,2025-09-15,2025-09-19,1,690,629.97,0,0,0,690,0,0,8.7,17.0,14.17,5.47,34.46,4.13,10.39,1.65,компенсация платёжных услуг,48.98,9.8,571.19,0,0,0.0,,,,0.0,0,,,Сбербанк,SPB-012,"Санкт-Петербург, Невский пр., 42",,,Хоругвино,Россия,Моно,,0,,4104242008352,lcpy9npgird4jpdt12sba62tdo1dfsts,0,,0.0,0.0,0.0,0.0,,,,0,0,0,0,467991714,0,0,0,,0,0,0,0,0,0,0,,
674,13356886,Худи,198745700,UrbanWear,UW-HOODIE-BLK,Худи унисекс оверсайз чёрное,L,2037489561300,Продажа,Продажа,2025-09-15,2025-09-19,1,2990,2801.63,0,0,0,2990,0,0,6.3,15.0,12.5,6.2,173.7,4.46,57.43,2.05,компенсация платёжных услуг,235.59,47.12,2518.92,0,0,0.0,,,,0.0,0,,,Тинькофф Банк,KZN-003,"Казань, ул. Баумана, 8",,,Хоругвино,Россия,Микс,,0,,6852737478632,d44ndvdxdf6yv2vp6f0o7y4xbbmzj22p,0,,0.0,0.0,0.0,0.0,,,,0,0,0,0,623456429,0,0,0,,0,0,0,0,0,0,0,,
675,0,Худи,198745700,UrbanWear,UW-HOODIE-BLK,Худи унисекс оверсайз чёрное,L,2037489561300,,Логистика,,2025-09-19,0,0,0.0,0,0,0,0,0,0,0.0,0.0,0.0,0.0,0.0,0.0,0.0,0.0,,0.0,0.0,0.0,1,0,110.78,2025-09-01,2025-10-05,,0.0,0,к клиенту при продаже,,,,,,,Хоругвино,Россия,,,0,,8357942514133,d44ndvdxdf6yv2vp6f0o7y4xbbmzj22p,0,,0.0,0.0,0.0,1.45,,,,0,0,0,0,0,0,0,0,"FBS, (МГТ)",0,0,0,0,0,0,0,,
676,13356886,Кроссовки,312094875,StepMax,SM-SNKR-RUN-44,Кроссовки беговые мужские StepMax Air,43,2145098763210,Продажа,Продажа,2025-09-16,2025-09-19,1,5990,5391.0,0,0,0,5990,0,0,10.0,13.5,11.25,1.25,67.39,7.13,122.91,2.28,компенсация платёжных услуг,197.43,39.49,5154.08,0,0,0.0,,,,0.0,0,,,Тинькофф Банк,RND-004,"Ростов-на-Дону, пр. Будённовский, 21",,,Электросталь,Россия,Микс,,0,,0336206611129,jb79yj65wpolpf37l5rptbq818gsvpi2,0,,0.0,0.0,0.0,0.0,,,,0,0,0,0,461321998,0,0,0,,0,0,0,0,0,0,0,,
677,42868828,Джинсы,276583411,DenimPro,DP-JEANS-SLIM-02,Джинсы мужские slim тёмно-синие,34,2098374651002,Продажа,Продажа,2025-09-16,2025-09-19,1,3790,3573.97,0,0,0,3790,0,0,5.7,14.0,11.67,5.97,213.37,1.97,56.11,1.57,компенсация платёжных услуг,271.45,54.29,3248.23,0,0,0.0,,,,0.0,0,,,ВТБ,KRD-009,"Краснодар, ул. Красная, 109",,,Белая Дача,Россия,Микс,,0,,9142074310576,6ur9xrwnnvgqcqnyiadpz9q8su5nkc41,0,,0.0,0.0,0.0,0.0,,,,0,0,0,0,460363222,0,0,0,,0,0,0,0,0,0,0,,
678,0,Джинсы,276583411,DenimPro,DP-JEANS-SLIM-02,Джинсы мужские slim тёмно-синие,33,2098374651002,,Логистика,,2025-09-19,0,0,0.0,0,0,0,0,0,0,0.0,0.0,0.0,0.0,0.0,0.0,0.0,0.0,,0.0,0.0,0.0,1,0,62.43,2025-09-01,2025-10-05,,0.0,0,к клиенту при продаже,,,,,,,Белая Дача,Россия,,,0,,9411935488927,6ur9xrwnnvgqcqnyiadpz9q8su5nkc41,0,,0.0,0.0,0.0,1.23,,,,0,0,0,0,0,0,0,0,"FBS, (МГТ)",0,0,0,0,0,0,0,,
679,95822412,Платья,645098231,LaDonna,LD-DRESS-MIDI,Платье миди с цветочным принтом,XS,2409182736450,Продажа,Продажа,2025-09-16,2025-09-19,1,3290,2957.71,0,0,0,3290,0,0,10.1,15.0,12.5,2.4,70.99,2.69,46.73,1.58,компенсация платёжных услуг,120.41,24.08,2813.22,0,0,0.0,,,,0.0,0,,,Альфа-Банк,VRN-008,"Воронеж, ул. Плехановская, 22",,,Электросталь,Россия,Микс,,0,,0928736647477,w8tr98w07fil3dvyjhmie8989gnctijh,0,,0.0,0.0,0.0,0.0,,,,0,0,0,0,636342896,0,0,0,,0,0,0,0,0,0,0,,
680,42868828,Джинсы,276583410,DenimPro,DP-JEANS-MOM-01,Джинсы женские mom fit голубые,26,2098374651001,Продажа,Продажа,2025-09-14,2025-09-19,1,3490,3130.53,0,0,0,3490,0,0,10.3,14.0,11.67,1.37,42.89,2.4,48.21,1.54,компенсация платёжных услуг,93.5,18.7,3018.33,0,0,0.0,,,,0.0,0,,,Сбербанк,NNG-006,"Нижний Новгород, ул. Большая Покровская, 18",,,Тула,Россия,Моно,,0,,3388585597947,y6ffy3iw6vgk4y32hmepdmbo6tqsor81,0,,0.0,0.0,0.0,0.0,,,,0,0,0,0,233875517,0,0,0,,0,0,0,0,0,0,0,,
681,95822412,Рюкзаки,523098174,CarryOn,CO-BKPK-URBAN,Рюкзак городской с USB портом,0,2301847562009,Продажа,Продажа,2025-09-17,2025-09-19,1,2490,2318.19,0,0,0,2490,0,0,6.9,14.5,12.08,5.18,120.08,3.21,54.71,2.36,компенсация платёжных услуг,178.0,35.6,2104.59,0,0,0.0,,,,0.0,0,,,Альфа-Банк,SPB-012,"Санкт-Петербург, Невский пр., 42",,,Коледино,Россия,Микс,,0,,1807165235763,jfuy0f39wg0mcg59mnbo3wz5i4ebo2j3,0,,0.0,0.0,0.0,0.0,,,,0,0,0,0,801369402,0,0,0,,0,0,0,0,0,0,0,,
682,13356886,Белье,867293041,ComfortZone,CZ-BRA-SPORT-01,Бюстгальтер спортивный бесшовный,L,2618293740156,Продажа,Продажа,2025-09-16,2025-09-19,1,890,808.12,0,0,0,890,0,0,9.2,16.0,13.33,4.13,33.38,2.03,14.14,1.75,компенсация платёжных услуг,49.55,9.91,748.66,0,0,0.0,,,,0.0,0,,,Тинькофф Банк,EKB-007,"Екатеринбург, ул. Малышева, 33",,,Белая Дача,Россия,Моно,,0,,7009145236496,083rwr3ow37gjnxi5p2qfs7glb82motz,0,,0.0,0.0,0.0,0.0,,,,0,0,0,0,584654326,0,0,0,,0,0,0,0,0,0,0,,
683,13356886,Аксессуары,945018273,StyleUp,SU-BELT-LEATHER,Ремень кожаный классический,120,2719384650102,Продажа,Продажа,2025-09-17,2025-09-19,1,1290,1246.14,0,0,0,1290,0,0,3.4,14.0,11.67,8.27,103.06,4.44,24.3,1.95,компенсация платёжных услуг,131.8,26.36,1087.98,0,0,0.0,,,,0.0,0,,,Тинькофф Банк,MSK-001,"Москва, ул. Ленина, 15",,,Подольск,Россия,Микс,,0,,8997788770325,yqtuv27uubrj174wyags1kwqjl8ez31t,0,,0.0,0.0,0.0,0.0,,,,0,0,0,0,789131248,0,0,0,,0,0,0,0,0,0,0,,
684,0,Футболки,198745633,UrbanWear,UW-TSHIRT-002,Футболка женская приталенная,M,2037489561235,,Логистика,,2025-09-19,0,0,0.0,0,0,0,0,0,0,0.0,0.0,0.0,0.0,0.0,0.0,0.0,0.0,,0.0,0.0,0.0,1,0,103.48,2025-09-01,2025-10-05,,0.0,0,к клиенту при продаже,,,,,,,Тула,Россия,,,0,,8661056035030,58geejgbjxg56w0mqa1ccyy4jufn24xc,0,,0.0,0.0,0.0,0.93,,,,0,0,0,0,0,0,0,0,"FBW, (МГТ, короба)",0,0,0,0,0,0,0,,
685,42868828,Куртки,734019285,NordWind,NW-JACKET-LITE,Куртка демисезонная мужская лёгкая,L,2510293847561,Продажа,Продажа,2025-09-14,2025-09-19,1,6490,6210.93,0,0,0,6490,0,0,4.3,13.0,10.83,6.53,405.57,3.6,127.95,2.06,компенсация платёжных услуг,537.12,107.42,5566.39,0,0,0.0,,,,0.0,0,,,Сбербанк,KRD-009,"Краснодар, ул. Красная, 109",,,Тула,Россия,Микс,,0,,1867842317479,kziy75itdl35jrj9r3vp8lim06etcqr3,0,,0.0,0.0,0.0,0.0,,,,0,0,0,0,488995820,0,0,0,,0,0,0,0,0,0,0,,
686,95822412,Худи,198745700,UrbanWear,UW-HOODIE-BLK,Худи унисекс оверсайз чёрное,L,2037489561300,Продажа,Продажа,2025-09-15,2025-09-19,1,2990,2658.11,0,0,0,2990,0,0,11.1,15.0,12.5,1.4,37.21,6.64,48.91,1.84,компенсация платёжных услуг,92.76,18.55,2546.8,0,0,0.0,,,,0.0,0,,,Сбербанк,SPB-012,"Санкт-Петербург, Невский пр., 42",,,Краснодар,Россия,Моно,,0,,9276085882767,rno5gtx7u4gbgcn3k3wkt6vgf8ig8icf,0,,0.0,0.0,0.0,0.0,,,,0,0,0,0,763778361,0,0,0,,0,0,0,0,0,0,0,,
687,0,Худи,198745700,UrbanWear,UW-HOODIE-BLK,Худи унисекс оверсайз чёрное,XL,2037489561300,,Логистика,,2025-09-19,0,0,0.0,0,0,0,0,0,0,0.0,0.0,0.0,0.0,0.0,0.0,0.0,0.0,,0.0,0.0,0.0,1,0,55.42,2025-09-01,2025-10-05,,0.0,0,к клиенту при продаже,,,,,,,Краснодар,Россия,,,0,,9518057921922,rno5gtx7u4gbgcn3k3wkt6vgf8ig8icf,0,,0.0,0.0,0.0,0.91,,,,0,0,0,0,0,0,0,0,"FBW, (МГТ, короба)",0,0,0,0,0,0,0,,
688,42868828,Носки,410293847,SockLab,SL-SOCK-PACK-5,Носки мужские набор 5 пар хлопок,29-31,2200198374650,Продажа,Продажа,2025-09-15,2025-09-19,1,690,611.34,0,0,0,690,0,0,11.4,17.0,14.17,2.77,16.93,2.16,12.04,1.97,компенсация платёжных услуг,31.13,6.23,573.98,0,0,0.0,,,,0.0,0,,,Альфа-Банк,RND-004,"Ростов-на-Дону, пр. Будённовский, 21",,,Хоругвино,Россия,Моно,,0,,8357758593471,fq9n04fdtzj2l72v08ktrpw3hhigvumm,0,,0.0,0.0,0.0,0.0,,,,0,0,0,0,395211487,0,0,0,,0,0,0,0,0,0,0,,
689,0,Носки,410293847,SockLab,SL-SOCK-PACK-5,Носки мужские набор 5 пар хлопок,27-29,2200198374650,,Логистика,,2025-09-19,0,0,0.0,0,0,0,0,0,0,0.0,0.0,0.0,0.0,0.0,0.0,0.0,0.0,,0.0,0.0,0.0,1,0,41.44,2025-09-01,2025-10-05,,0.0,0,к клиенту при продаже,,,,,,,Хоругвино,Россия,,,0,,1513278705111,fq9n04fdtzj2l72v08ktrpw3hhigvumm,0,,0.0,0.0,0.0,1.16,,,,0,0,0,0,0,0,0,0,"FBW, (МГТ, паллеты)",0,0,0,0,0,0,0,,
690,95822412,Белье,867293041,ComfortZone,CZ-BRA-SPORT-01,Бюстгальтер спортивный бесшовный,L,2618293740156,Продажа,Продажа,2025-09-14,2025-09-19,1,890,819.69,0,0,0,890,0,0,7.9,16.0,13.33,5.43,44.51,5.81,17.71,2.16,компенсация платёжных услуг,68.03,13.61,738.05,0,0,0.0,,,,0.0,0,,,Сбербанк,EKB-007,"Екатеринбург, ул. Малышева, 33",,,Коледино,Россия,Микс,,0,,6661359495035,f7y5r7ug44c937rupl5h2qq6ap3vgvfh,0,,0.0,0.0,0.0,0.0,,,,0,0,0,0,450936348,0,0,0,,0,0,0,0,0,0,0,,
691,0,Белье,867293041,ComfortZone,CZ-BRA-SPORT-01,Бюстгальтер спортивный бесшовный,L,2618293740156,,Логистика,,2025-09-19,0,0,0.0,0,0,0,0,0,0,0.0,0.0,0.0,0.0,0.0,0.0,0.0,0.0,,0.0,0.0,0.0,1,0,40.16,2025-09-01,2025-10-05,,0.0,0,к клиенту при продаже,,,,,,,Коледино,Россия,,,0,,1929727867680,f7y5r7ug44c937rupl5h2qq6ap3vgvfh,0,,0.0,0.0,0.0,0.98,,,,0,0,0,0,0,0,0,0,"FBS, (МГТ)",0,0,0,0,0,0,0,,
692,24942603,Кроссовки,312094876,StepMax,SM-SNKR-CSL-38,Кроссовки повседневные женские StepMax Lite,39,2145098763211,Продажа,Продажа,2025-09-17,2025-09-19,1,4990,4795.39,0,0,0,4990,0,0,3.9,13.5,11.25,7.35,352.46,4.22,81.04,1.69,компенсация платёжных услуг,437.72,87.54,4270.13,0,0,0.0,,,,0.0,0,,,Тинькофф Банк,NSK-005,"Новосибирск, ул. Красный пр., 65",,,Хоругвино,Россия,Микс,,0,,8267407587309,4ai7reficgxloarrxc9midux8fmw4vch,0,,0.0,0.0,0.0,0.0,,,,0,0,0,0,433406385,0,0,0,,0,0,0,0,0,0,0,,
693,0,Кроссовки,312094876,StepMax,SM-SNKR-CSL-38,Кроссовки повседневные женские StepMax Lite,36,2145098763211,,Логистика,,2025-09-19,0,0,0.0,0,0,0,0,0,0,0.0,0.0,0.0,0.0,0.0,0.0,0.0,0.0,,0.0,0.0,0.0,1,0,136.45,2025-09-01,2025-10-05,,0.0,0,к клиенту при продаже,,,,,,,Хоругвино,Россия,,,0,,7696890691532,4ai7reficgxloarrxc9midux8fmw4vch,0,,0.0,0.0,0.0,1.02,,,,0,0,0,0,0,0,0,0,"FBS, (МГТ)",0,0,0,0,0,0,0,,
694,13356886,Аксессуары,945018273,StyleUp,SU-BELT-LEATHER,Ремень кожаный классический,110,2719384650102,Продажа,Продажа,2025-09-17,2025-09-19,1,1290,1179.06,0,0,0,1290,0,0,8.6,14.0,11.67,3.07,36.2,7.81,21.11,1.79,компенсация платёжных услуг,65.12,13.02,1100.92,0,0,0.0,,,,0.0,0,,,ВТБ,VRN-008,"Воронеж, ул. Плехановская, 22",,,Подольск,Россия,Микс,,0,,6917533755820,umjacypz7f638zkrg6wmz0zcssf8hstr,0,,0.0,0.0,0.0,0.0,,,,0,0,0,0,153124338,0,0,0,,0,0,0,0,0,0,0,,
695,13356886,Джинсы,276583410,DenimPro,DP-JEANS-MOM-01,Джинсы женские mom fit голубые,26,2098374651001,Продажа,Продажа,2025-09-17,2025-09-19,1,3490,3214.29,0,0,0,3490,0,0,7.9,14.0,11.67,3.77,121.18,6.03,52.39,1.63,компенсация платёжных услуг,179.6,35.92,2998.77,0,0,0.0,,,,0.0,0,,,ВТБ,NSK-005,"Новосибирск, ул. Красный пр., 65",,,Подольск,Россия,Моно,,0,,9701969756381,tx7r07vppm86cxotx76d2kjrzcv3hrqa,0,,0.0,0.0,0.0,0.0,,,,0,0,0,0,813434783,0,0,0,,0,0,0,0,0,0,0,,
696,0,Джинсы,276583410,DenimPro,DP-JEANS-MOM-01,Джинсы женские mom fit голубые,29,2098374651001,,Логистика,,2025-09-19,0,0,0.0,0,0,0,0,0,0,0.0,0.0,0.0,0.0,0.0,0.0,0.0,0.0,,0.0,0.0,0.0,1,0,73.25,2025-09-01,2025-10-05,,0.0,0,к клиенту при продаже,,,,,,,Подольск,Россия,,,0,,7949097928918,tx7r07vppm86cxotx76d2kjrzcv3hrqa,0,,0.0,0.0,0.0,1.12,,,,0,0,0,0,0,0,0,0,"FBW, (МГТ, короба)",0,0,0,0,0,0,0,,
697,0,Сумки,523098175,CarryOn,CO-BAG-TOTE-01,Сумка-тоут женская эко-кожа,0,2301847562010,,Логистика,,2025-09-19,0,0,0.0,0,0,0,0,0,0,0.0,0.0,0.0,0.0,0.0,0.0,0.0,0.0,,0.0,0.0,0.0,1,0,64.1,2025-09-01,2025-10-05,,0.0,0,к клиенту при продаже,,,,,,,Коледино,Россия,,,0,,4581451973271,iijnn0dyk3fdj2qsvlc5aalirpdgz2sc,0,,0.0,0.0,0.0,1.03,,,,0,0,0,0,0,0,0,0,"FBW, (МГТ, паллеты)",0,0,0,0,0,0,0,,
698,46913810,Куртки,734019285,NordWind,NW-JACKET-LITE,Куртка демисезонная мужская лёгкая,XXL,2510293847561,Продажа,Продажа,2025-09-17,2025-09-19,1,6490,6165.5,0,0,0,6490,0,0,5.0,13.0,10.83,5.83,359.45,3.11,139.96,2.27,компенсация платёжных услуг,502.52,100.5,5562.48,0,0,0.0,,,,0.0,0,,,ВТБ,KZN-003,"Казань, ул. Баумана, 8",,,Коледино,Россия,Моно,,0,,5621225724113,ubk6s2pn0npiqjpbofo7puk6cmwsh0wf,0,,0.0,0.0,0.0,0.0,,,,0,0,0,0,446935263,0,0,0,,0,0,0,0,0,0,0,,
699,0,Куртки,734019285,NordWind,NW-JACKET-LITE,Куртка демисезонная мужская лёгкая,XL,2510293847561,,Логистика,,2025-09-19,0,0,0.0,0,0,0,0,0,0,0.0,0.0,0.0,0.0,0.0,0.0,0.0,0.0,,0.0,0.0,0.0,1,0,127.8,2025-09-01,2025-10-05,,0.0,0,к клиенту при продаже,,,,,,,Коледино,Россия,,,0,,3299385311427,ubk6s2pn0npiqjpbofo7puk6cmwsh0wf,0,,0.0,0.0,0.0,0.88,,,,0,0,0,0,0,0,0,0,"FBS, (МГТ)",0,0,0,0,0,0,0,,
700,42868828,Джинсы,276583411,DenimPro,DP-JEANS-SLIM-02,Джинсы мужские slim тёмно-синие,31,2098374651002,Продажа,Продажа,2025-09-14,2025-09-19,1,3790,3536.07,0,0,0,3790,0,0,6.7,14.0,11.67,4.97,175.74,7.93,53.04,1.5,компенсация платёжных услуг,236.71,47.34,3252.02,0,0,0.0,,,,0.0,0,,,Тинькофф Банк,KZN-003,"Казань, ул. Баумана, 8",,,Электросталь,Россия,Микс,,0,,7912105931005,vm74lt3sik6fpg5wdfr8v3adq7geyv6n,0,,0.0,0.0,0.0,0.0,,,,0,0,0,0,979831261,0,0,0,,0,0,0,0,0,0,0,,
701,0,Джинсы,276583411,DenimPro,DP-JEANS-SLIM-02,Джинсы мужские slim тёмно-синие,32,2098374651002,,Логистика,,2025-09-19,0,0,0.0,0,0,0,0,0,0,0.0,0.0,0.0,0.0,0.0,0.0,0.0,0.0,,0.0,0.0,0.0,1,0,86.12,2025-09-01,2025-10-05,,0.0,0,к клиенту при продаже,,,,,,,Электросталь,Россия,,,0,,6446061530183,vm74lt3sik6fpg5wdfr8v3adq7geyv6n,0,,0.0,0.0,0.0,1.25,,,,0,0,0,0,0,0,0,0,"FBW, (МГТ, короба)",0,0,0,0,0,0,0,,
702,13356886,Носки,410293847,SockLab,SL-SOCK-PACK-5,Носки мужские набор 5 пар хлопок,29-31,2200198374650,Продажа,Продажа,2025-09-16,2025-09-19,1,690,615.48,0,0,0,690,0,0,10.8,17.0,14.17,3.37,20.74,7.07,9.66,1.57,компенсация платёжных услуг,37.47,7.49,570.52,0,0,0.0,,,,0.0,0,,,Сбербанк,NSK-005,"Новосибирск, ул. Красный пр., 65",,,Белая Дача,Россия,Микс,,0,,9172458967099,svfk2knelwl8u8pn74fy5115zg80zwvh,0,,0.0,0.0,0.0,0.0,,,,0,0,0,0,569317765,0,0,0,,0,0,0,0,0,0,0,,
703,24942603,Шорты,198745750,UrbanWear,UW-SHORTS-CARGO,Шорты мужские карго хлопок,XL,2037489561350,Продажа,Продажа,2025-09-15,2025-09-19,1,1990,1910.4,0,0,0,1990,0,0,4.0,15.0,12.5,8.5,162.38,7.95,32.67,1.71,компенсация платёжных услуг,203.0,40.6,1666.8,0,0,0.0,,,,0.0,0,,,ВТБ,SMR-010,"Самара, ул. Ленинградская, 56",,,Казань,Россия,Моно,,0,,9596647020366,0fcuzlzoo0ahwy423pace2f346zssjnj,0,,0.0,0.0,0.0,0.0,,,,0,0,0,0,509123196,0,0,0,,0,0,0,0,0,0,0,,
704,46913810,Джинсы,276583411,DenimPro,DP-JEANS-SLIM-02,Джинсы мужские slim тёмно-синие,34,2098374651002,Возврат,Возврат,2025-09-09,2025-09-19,1,3790,3399.63,0,0,0,3790,0,0,10.3,14.0,11.67,1.37,-46.57,-6.49,-81.59,2.4,компенсация платёжных услуг,-134.65,-26.93,-3238.05,0,0,0.0,,,,0.0,0,,,,SPB-012,"Санкт-Петербург, Невский пр., 42",,,Электросталь,Россия,,,0,,1363374066522,rq01e1klyrsoava6fbf4fkkhyb0r3x9d,0,,0.0,0.0,0.0,0.0,,,,0,0,0,0,0,0,0,0,,0,0,0,0,0,0,0,,
705,0,Джинсы,276583411,DenimPro,DP-JEANS-SLIM-02,Джинсы мужские slim тёмно-синие,32,2098374651002,,Логистика,,2025-09-19,0,0,0.0,0,0,0,0,0,0,0.0,0.0,0.0,0.0,0.0,0.0,0.0,0.0,,0.0,0.0,0.0,0,1,61.28,2025-09-01,2025-10-05,,0.0,0,от клиента при возврате,,,,,,,Электросталь,Россия,,,0,,1989937142610,rq01e1klyrsoava6fbf4fkkhyb0r3x9d,0,,0.0,0.0,0.0,0.81,,,,0,0,0,0,0,0,0,0,"FBS, (МГТ)",0,0,0,0,0,0,0,,
706,42868828,Кроссовки,312094875,StepMax,SM-SNKR-RUN-44,Кроссовки беговые мужские StepMax Air,43,2145098763210,Возврат,Возврат,2025-09-13,2025-09-19,1,5990,5690.5,0,0,0,5990,0,0,5.0,13.5,11.25,6.25,-355.66,-1.48,-125.76,2.21,компенсация платёжных услуг,-482.9,-96.58,-5111.02,0,0,0.0,,,,0.0,0,,,,KZN-003,"Казань, ул. Баумана, 8",,,Тула,Россия,,,0,,7500251107123,w0nhjla9a1n3irw50lmbvsqoi2jvzhoy,0,,0.0,0.0,0.0,0.0,,,,0,0,0,0,0,0,0,0,,0,0,0,0,0,0,0,,
707,0,Кроссовки,312094875,StepMax,SM-SNKR-RUN-44,Кроссовки беговые мужские StepMax Air,42,2145098763210,,Логистика,,2025-09-19,0,0,0.0,0,0,0,0,0,0,0.0,0.0,0.0,0.0,0.0,0.0,0.0,0.0,,0.0,0.0,0.0,0,1,117.26,2025-09-01,2025-10-05,,0.0,0,от клиента при возврате,,,,,,,Тула,Россия,,,0,,5532051786576,w0nhjla9a1n3irw50lmbvsqoi2jvzhoy,0,,0.0,0.0,0.0,0.9,,,,0,0,0,0,0,0,0,0,"FBW, (МГТ, короба)",0,0,0,0,0,0,0,,
708,95822412,Белье,867293041,ComfortZone,CZ-BRA-SPORT-01,Бюстгальтер спортивный бесшовный,L,2618293740156,Возврат,Возврат,2025-09-10,2025-09-19,1,890,806.34,0,0,0,890,0,0,9.4,16.0,13.33,3.93,-31.69,-3.98,-12.66,1.57,компенсация платёжных услуг,-48.33,-9.67,-748.34,0,0,0.0,,,,0.0,0,,,,KRD-009,"Краснодар, ул. Красная, 109",,,Краснодар,Россия,,,0,,9082336601036,w54i3o6gil6dtxljk85jyyfk31avpm6d,0,,0.0,0.0,0.0,0.0,,,,0,0,0,0,0,0,0,0,,0,0,0,0,0,0,0,,
709,0,Белье,867293041,ComfortZone,CZ-BRA-SPORT-01,Бюстгальтер спортивный бесшовный,L,2618293740156,,Логистика,,2025-09-19,0,0,0.0,0,0,0,0,0,0,0.0,0.0,0.0,0.0,0.0,0.0,0.0,0.0,,0.0,0.0,0.0,0,1,64.01,2025-09-01,2025-10-05,,0.0,0,от клиента при возврате,,,,,,,Краснодар,Россия,,,0,,6091868063327,w54i3o6gil6dtxljk85jyyfk31avpm6d,0,,0.0,0.0,0.0,1.03,,,,0,0,0,0,0,0,0,0,"FBW, (МГТ, короба)",0,0,0,0,0,0,0,,
710,46913810,Кроссовки,312094876,StepMax,SM-SNKR-CSL-38,Кроссовки повседневные женские StepMax Lite,36,2145098763211,Возврат,Возврат,2025-09-12,2025-09-19,1,4990,4525.93,0,0,0,4990,0,0,9.3,13.5,11.25,1.95,-88.26,-5.02,-76.49,1.69,компенсация платёжных услуг,-169.77,-33.95,-4322.21,0,0,0.0,,,,0.0,0,,,,RND-004,"Ростов-на-Дону, пр. Будённовский, 21",,,Казань,Россия,,,0,,8386649000853,7oc0qpdxxsykqvox2n5zaneo9vaxczzy,0,,0.0,0.0,0.0,0.0,,,,0,0,0,0,0,0,0,0,,0,0,0,0,0,0,0,,
711,0,Кроссовки,312094876,StepMax,SM-SNKR-CSL-38,Кроссовки повседневные женские StepMax Lite,40,2145098763211,,Логистика,,2025-09-19,0,0,0.0,0,0,0,0,0,0,0.0,0.0,0.0,0.0,0.0,0.0,0.0,0.0,,0.0,0.0,0.0,0,1,116.9,2025-09-01,2025-10-05,,0.0,0,от клиента при возврате,,,,,,,Казань,Россия,,,0,,5047322311620,7oc0qpdxxsykqvox2n5zaneo9vaxczzy,0,,0.0,0.0,0.0,1.41,,,,0,0,0,0,0,0,0,0,"FBW, (МГТ, короба)",0,0,0,0,0,0,0,,
712,24942603,Аксессуары,945018273,StyleUp,SU-BELT-LEATHER,Ремень кожаный классический,120,2719384650102,Возврат,Возврат,2025-09-16,2025-09-19,1,1290,1193.25,0,0,0,1290,0,0,7.5,14.0,11.67,4.17,-49.76,-3.3,-28.4,2.38,компенсация платёжных услуг,-81.46,-16.29,-1095.5,0,0,0.0,,,,0.0,0,,,,SMR-010,"Самара, ул. Ленинградская, 56",,,Электросталь,Россия,,,0,,8576999533588,sx49t0z4o75rddhnsgfsh681tchwstwy,0,,0.0,0.0,0.0,0.0,,,,0,0,0,0,0,0,0,0,,0,0,0,0,0,0,0,,
713,0,Аксессуары,945018273,StyleUp,SU-BELT-LEATHER,Ремень кожаный классический,100,2719384650102,,Логистика,,2025-09-19,0,0,0.0,0,0,0,0,0,0,0.0,0.0,0.0,0.0,0.0,0.0,0.0,0.0,,0.0,0.0,0.0,0,1,70.14,2025-09-01,2025-10-05,,0.0,0,от клиента при возврате,,,,,,,Электросталь,Россия,,,0,,2285375570015,sx49t0z4o75rddhnsgfsh681tchwstwy,0,,0.0,0.0,0.0,1.04,,,,0,0,0,0,0,0,0,0,"FBS, (МГТ)",0,0,0,0,0,0,0,,
714,46913810,Футболки,198745633,UrbanWear,UW-TSHIRT-002,Футболка женская приталенная,M,2037489561235,Возврат,Возврат,2025-09-09,2025-09-19,1,1690,1559.87,0,0,0,1690,0,0,7.7,15.0,12.5,4.8,-74.87,-1.97,-35.88,2.3,компенсация платёжных услуг,-112.72,-22.54,-1424.61,0,0,0.0,,,,0.0,0,,,,KRD-009,"Краснодар, ул. Красная, 109",,,Белая Дача,Россия,,,0,,1160210648567,wa6540wfj2etpseywr7oxnw28bgju7da,0,,0.0,0.0,0.0,0.0,,,,0,0,0,0,0,0,0,0,,0,0,0,0,0,0,0,,
715,0,Футболки,198745633,UrbanWear,UW-TSHIRT-002,Футболка женская приталенная,XS,2037489561235,,Логистика,,2025-09-19,0,0,0.0,0,0,0,0,0,0,0.0,0.0,0.0,0.0,0.0,0.0,0.0,0.0,,0.0,0.0,0.0,0,1,60.33,2025-09-01,2025-10-05,,0.0,0,от клиента при возврате,,,,,,,Белая Дача,Россия,,,0,,1321706596716,wa6540wfj2etpseywr7oxnw28bgju7da,0,,0.0,0.0,0.0,0.93,,,,0,0,0,0,0,0,0,0,"FBW, (МГТ, паллеты)",0,0,0,0,0,0,0,,
716,95822412,Рюкзаки,523098174,CarryOn,CO-BKPK-URBAN,Рюкзак городской с USB портом,0,2301847562009,Возврат,Возврат,2025-09-13,2025-09-19,1,2490,2258.43,0,0,0,2490,0,0,9.3,14.5,12.08,2.78,-62.78,-3.67,-43.59,1.93,компенсация платёжных услуг,-110.04,-22.01,-2126.38,0,0,0.0,,,,0.0,0,,,,SMR-010,"Самара, ул. Ленинградская, 56",,,Белая Дача,Россия,,,0,,0394198000713,nkb23jpmkrq2yvmza5w8vloyhdowm2hu,0,,0.0,0.0,0.0,0.0,,,,0,0,0,0,0,0,0,0,,0,0,0,0,0,0,0,,
717,0,Рюкзаки,523098174,CarryOn,CO-BKPK-URBAN,Рюкзак городской с USB портом,0,2301847562009,,Логистика,,2025-09-19,0,0,0.0,0,0,0,0,0,0,0.0,0.0,0.0,0.0,0.0,0.0,0.0,0.0,,0.0,0.0,0.0,0,1,137.84,2025-09-01,2025-10-05,,0.0,0,от клиента при возврате,,,,,,,Белая Дача,Россия,,,0,,9050521729593,nkb23jpmkrq2yvmza5w8vloyhdowm2hu,0,,0.0,0.0,0.0,1.21,,,,0,0,0,0,0,0,0,0,"FBS, (МГТ)",0,0,0,0,0,0,0,,
718,95822412,Куртки,734019285,NordWind,NW-JACKET-LITE,Куртка демисезонная мужская лёгкая,M,2510293847561,Возврат,Возврат,2025-09-15,2025-09-19,1,6490,5951.33,0,0,0,6490,0,0,8.3,13.0,10.83,2.53,-150.57,-6.25,-113.08,1.9,компенсация платёжных услуг,-269.9,-53.98,-5627.45,0,0,0.0,,,,0.0,0,,,,NSK-005,"Новосибирск, ул. Красный пр., 65",,,Коледино,Россия,,,0,,1678346683098,wsbah6tc45pi2so0dmjpaifowp473ozr,0,,0.0,0.0,0.0,0.0,,,,0,0,0,0,0,0,0,0,,0,0,0,0,0,0,0,,
719,0,Куртки,734019285,NordWind,NW-JACKET-LITE,Куртка демисезонная мужская лёгкая,L,2510293847561,,Логистика,,2025-09-19,0,0,0.0,0,0,0,0,0,0,0.0,0.0,0.0,0.0,0.0,0.0,0.0,0.0,,0.0,0.0,0.0,0,1,196.38,2025-09-01,2025-10-05,,0.0,0,от клиента при возврате,,,,,,,Коледино,Россия,,,0,,5864850112934,wsbah6tc45pi2so0dmjpaifowp473ozr,0,,0.0,0.0,0.0,1.31,,,,0,0,0,0,0,0,0,0,"FBS, (МГТ)",0,0,0,0,0,0,0,,
720,13356886,Рюкзаки,523098174,CarryOn,CO-BKPK-URBAN,Рюкзак городской с USB портом,0,2301847562009,Возврат,Возврат,2025-09-16,2025-09-19,1,2490,2330.64,0,0,0,2490,0,0,6.4,14.5,12.08,5.68,-132.38,-3.45,-53.14,2.28,компенсация платёжных услуг,-188.97,-37.79,-2103.88,0,0,0.0,,,,0.0,0,,,,SMR-010,"Самара, ул. Ленинградская, 56",,,Краснодар,Россия,,,0,,4336676394443,oqv333c2uudsqncuyk2vfhd7wg11sxxr,0,,0.0,0.0,0.0,0.0,,,,0,0,0,0,0,0,0,0,,0,0,0,0,0,0,0,,
721,0,Рюкзаки,523098174,CarryOn,CO-BKPK-URBAN,Рюкзак городской с USB портом,0,2301847562009,,Логистика,,2025-09-19,0,0,0.0,0,0,0,0,0,0,0.0,0.0,0.0,0.0,0.0,0.0,0.0,0.0,,0.0,0.0,0.0,0,1,147.64,2025-09-01,2025-10-05,,0.0,0,от клиента при возврате,,,,,,,Краснодар,Россия,,,0,,8268496212549,oqv333c2uudsqncuyk2vfhd7wg11sxxr,0,,0.0,0.0,0.0,1.47,,,,0,0,0,0,0,0,0,0,"FBS, (МГТ)",0,0,0,0,0,0,0,,
722,42868828,Аксессуары,945018273,StyleUp,SU-BELT-LEATHER,Ремень кожаный классический,90,2719384650102,Возврат,Возврат,2025-09-15,2025-09-19,1,1290,1244.85,0,0,0,1290,0,0,3.5,14.0,11.67,8.17,-101.7,-1.15,-27.14,2.18,компенсация платёжных услуг,-129.99,-26.0,-1088.86,0,0,0.0,,,,0.0,0,,,,MSK-001,"Москва, ул. Ленина, 15",,,Казань,Россия,,,0,,7429024180824,ue3u1f5r3zjflnoue6uleahguaalzgrm,0,,0.0,0.0,0.0,0.0,,,,0,0,0,0,0,0,0,0,,0,0,0,0,0,0,0,,
723,0,Аксессуары,945018273,StyleUp,SU-BELT-LEATHER,Ремень кожаный классический,90,2719384650102,,Логистика,,2025-09-19,0,0,0.0,0,0,0,0,0,0,0.0,0.0,0.0,0.0,0.0,0.0,0.0,0.0,,0.0,0.0,0.0,0,1,109.96,2025-09-01,2025-10-05,,0.0,0,от клиента при возврате,,,,,,,Казань,Россия,,,0,,7346428270572,ue3u1f5r3zjflnoue6uleahguaalzgrm,0,,0.0,0.0,0.0,1.02,,,,0,0,0,0,0,0,0,0,"FBS, (МГТ)",0,0,0,0,0,0,0,,
724,0,Платья,645098231,LaDonna,LD-DRESS-MIDI,Платье миди с цветочным принтом,XS,2409182736450,,Логистика,,2025-09-19,0,0,0.0,0,0,0,0,0,0,0.0,0.0,0.0,0.0,0.0,0.0,0.0,0.0,,0.0,0.0,0.0,1,0,45.58,2025-09-01,2025-10-05,,0.0,0,к клиенту при отмене,,,,,,,Подольск,Россия,,,0,,3930716450303,72viuadj725u0332w04nxv50ot1k8hcd,0,,0.0,0.0,0.0,0.87,,,,0,0,0,0,0,0,0,0,"FBS, (МГТ)",0,0,0,0,0,0,0,,
725,0,Куртки,734019285,NordWind,NW-JACKET-LITE,Куртка демисезонная мужская лёгкая,L,2510293847561,,Логистика,,2025-09-19,0,0,0.0,0,0,0,0,0,0,0.0,0.0,0.0,0.0,0.0,0.0,0.0,0.0,,0.0,0.0,0.0,1,0,141.71,2025-09-01,2025-10-05,,0.0,0,к клиенту при отмене,,,,,,,Казань,Россия,,,0,,0651753986768,jez909o08ne4xlwg9ay22d1b3po4qu28,0,,0.0,0.0,0.0,0.9,,,,0,0,0,0,0,0,0,0,"FBW, (МГТ, короба)",0,0,0,0,0,0,0,,
726,0,Аксессуары,945018273,StyleUp,SU-BELT-LEATHER,Ремень кожаный классический,120,2719384650102,,Логистика,,2025-09-19,0,0,0.0,0,0,0,0,0,0,0.0,0.0,0.0,0.0,0.0,0.0,0.0,0.0,,0.0,0.0,0.0,1,0,81.74,2025-09-01,2025-10-05,,0.0,0,к клиенту при отмене,,,,,,,Хоругвино,Россия,,,0,,2439510104025,azp8ox5df8k4hbaboi0sf8w9usi652bq,0,,0.0,0.0,0.0,0.94,,,,0,0,0,0,0,0,0,0,"FBW, (МГТ, короба)",0,0,0,0,0,0,0,,
727,0,Рюкзаки,523098174,CarryOn,CO-BKPK-URBAN,Рюкзак городской с USB портом,0,2301847562009,,Логистика,,2025-09-19,0,0,0.0,0,0,0,0,0,0,0.0,0.0,0.0,0.0,0.0,0.0,0.0,0.0,,0.0,0.0,0.0,1,0,199.41,2025-09-01,2025-10-05,,0.0,0,к клиенту при отмене,,,,,,,Коледино,Россия,,,0,,5011313541455,vkea3x8ouzdzhlflfifx97l4gqqkmjcz,0,,0.0,0.0,0.0,0.92,,,,0,0,0,0,0,0,0,0,"FBW, (МГТ, паллеты)",0,0,0,0,0,0,0,,
728,0,Шорты,198745750,UrbanWear,UW-SHORTS-CARGO,Шорты мужские карго хлопок,XL,2037489561350,,Логистика,,2025-09-19,0,0,0.0,0,0,0,0,0,0,0.0,0.0,0.0,0.0,0.0,0.0,0.0,0.0,,0.0,0.0,0.0,0,1,84.53,2025-09-01,2025-10-05,,0.0,0,от клиента при отмене,,,,,,,Краснодар,Россия,,,0,,6030506655074,orq59d6sv8flocvs96ycxneam5cspm0o,0,,0.0,0.0,0.0,1.05,,,,0,0,0,0,0,0,0,0,"FBW, (МГТ, паллеты)",0,0,0,0,0,0,0,,
729,0,Платья,645098231,LaDonna,LD-DRESS-MIDI,Платье миди с цветочным принтом,M,2409182736450,,Логистика,,2025-09-19,0,0,0.0,0,0,0,0,0,0,0.0,0.0,0.0,0.0,0.0,0.0,0.0,0.0,,0.0,0.0,0.0,1,0,76.62,2025-09-01,2025-10-05,,0.0,0,к клиенту при отмене,,,,,,,Электросталь,Россия,,,0,,5635250097517,cdkmzpb2yn69i791522ou2vneyn74lrd,0,,0.0,0.0,0.0,1.22,,,,0,0,0,0,0,0,0,0,"FBW, (МГТ, короба)",0,0,0,0,0,0,0,,
730,0,Носки,410293847,SockLab,SL-SOCK-PACK-5,Носки мужские набор 5 пар хлопок,29-31,2200198374650,,Логистика,,2025-09-19,0,0,0.0,0,0,0,0,0,0,0.0,0.0,0.0,0.0,0.0,0.0,0.0,0.0,,0.0,0.0,0.0,1,0,66.26,2025-09-01,2025-10-05,,0.0,0,к клиенту при отмене,,,,,,,Тула,Россия,,,0,,4606232618857,t3mf3gq7p7swvtqqkljqkcjev9zuyh97,0,,0.0,0.0,0.0,1.22,,,,0,0,0,0,0,0,0,0,"FBW, (МГТ, короба)",0,0,0,0,0,0,0,,
731,0,Рюкзаки,523098174,CarryOn,CO-BKPK-URBAN,Рюкзак городской с USB портом,0,2301847562009,,Логистика,,2025-09-19,0,0,0.0,0,0,0,0,0,0,0.0,0.0,0.0,0.0,0.0,0.0,0.0,0.0,,0.0,0.0,0.0,1,0,120.55,2025-09-01,2025-10-05,,0.0,0,к клиенту при отмене,,,,,,,Краснодар,Россия,,,0,,7971594229901,gsfytk5lbchy3t5q21g07hpnpk270te8,0,,0.0,0.0,0.0,1.13,,,,0,0,0,0,0,0,0,0,"FBS, (МГТ)",0,0,0,0,0,0,0,,
732,0,,0,,,,0,,,Хранение,,2025-09-19,0,0,0.0,0,0,0,0,0,0,0.0,0.0,0.0,0.0,0.0,0.0,0.0,0.0,,0.0,0.0,0.0,0,0,0.0,,,,0.0,0,Хранение,,,,,,,,,,,0,,,am6iwezces58kcimfl0xn3cqyt9f1ol5,0,,2459.65,0.0,0.0,0.0,,,,0,0,0,0,0,0,0,0,,0,0,0,0,0,0,0,,
733,0,Кроссовки,312094875,StepMax,SM-SNKR-RUN-44,Кроссовки беговые мужские StepMax Air,0,2145098763210,,Штраф,,2025-09-19,0,0,0.0,0,0,0,0,0,0,0.0,0.0,0.0,0.0,0.0,0.0,0.0,0.0,,0.0,0.0,0.0,0,0,0.0,,,,557.57,0,Штраф за отсутствие маркировки,,,,,,,Подольск,,,,0,,,3duvschl80zd8ip5obk7596d4htuw52r,0,,0.0,0.0,0.0,0.0,,,,0,0,0,0,0,0,0,0,,0,0,0,0,0,0,0,,
734,0,Худи,198745700,UrbanWear,UW-HOODIE-BLK,Худи унисекс оверсайз чёрное,0,2037489561300,,Штраф,,2025-09-19,0,0,0.0,0,0,0,0,0,0,0.0,0.0,0.0,0.0,0.0,0.0,0.0,0.0,,0.0,0.0,0.0,0,0,0.0,,,,2895.18,0,Штраф за недопоставку товара,,,,,,,Краснодар,,,,0,,,sf1pt6trouwfiajijnlp2s07jordbiqm,0,,0.0,0.0,0.0,0.0,,,,0,0,0,0,0,0,0,0,,0,0,0,0,0,0,0,,
735,0,,0,,,,0,,,Удержания,,2025-09-19,0,0,0.0,0,0,0,0,0,0,0.0,0.0,0.0,0.0,0.0,0.0,0.0,0.0,,0.0,0.0,0.0,0,0,0.0,,,,0.0,0,Подписка Джем,,,,,,,,,,,0,,,cse094588ysvcza0e9ekojzcduscunk0,0,,0.0,660.11,0.0,0.0,,,,0,0,0,0,0,0,0,0,,0,0,0,0,0,0,0,,
736,0,,0,,,,0,,,Удержания,,2025-09-19,0,0,0.0,0,0,0,0,0,0,0.0,0.0,0.0,0.0,0.0,0.0,0.0,0.0,,0.0,0.0,0.0,0,0,0.0,,,,0.0,0,Подписка Джем,,,,,,,,,,,0,,,7ib22zu6sjjfzp0t57gocrk53oppoydv,0,,0.0,3807.01,0.0,0.0,,,,0,0,0,0,0,0,0,0,,0,0,0,0,0,0,0,,
737,0,Футболки,198745633,UrbanWear,UW-TSHIRT-002,Футболка женская приталенная,M,2037489561235,Продажа,Компенсация ущерба,,2025-09-19,1,0,0.0,0,0,0,0,0,0,0.0,0.0,0.0,0.0,0.0,0.0,0.0,0.0,,0.0,0.0,1224.32,0,0,0.0,,,,0.0,0,,,,,,,,Белая Дача,Россия,,,0,,6503422453976,o2ubatpz00h4fl7q15whqmn7d922wahd,0,,0.0,0.0,0.0,0.0,,,,0,0,0,0,0,0,0,0,,0,0,0,0,0,0,0,,
738,0,Джинсы,276583411,DenimPro,DP-JEANS-SLIM-02,Джинсы мужские slim тёмно-синие,34,2098374651002,Продажа,Компенсация ущерба,,2025-09-19,1,0,0.0,0,0,0,0,0,0,0.0,0.0,0.0,0.0,0.0,0.0,0.0,0.0,,0.0,0.0,2546.59,0,0,0.0,,,,0.0,0,,,,,,,,Хоругвино,Россия,,,0,,8683366227224,tc16ze7blp7dgt60pv7tiqijb3swso0c,0,,0.0,0.0,0.0,0.0,,,,0,0,0,0,0,0,0,0,,0,0,0,0,0,0,0,,
739,13356886,Аксессуары,945018273,StyleUp,SU-BELT-LEATHER,Ремень кожаный классический,110,2719384650102,Продажа,Продажа,2025-09-17,2025-09-20,1,1290,1139.07,0,0,0,1290,0,0,11.7,14.0,11.67,0.5,5.7,5.89,21.53,1.89,компенсация платёжных услуг,33.12,6.62,1099.33,0,0,0.0,,,,0.0,0,,,Сбербанк,NSK-005,"Новосибирск, ул. Красный пр., 65",,,Казань,Россия,Микс,,0,,6317999065039,s8q349dxbz9svn7n1ybwmlunj48vfcx7,0,,0.0,0.0,0.0,0.0,,,,0,0,0,0,700138002,0,0,0,,0,0,0,0,0,0,0,,
740,46913810,Футболки,198745633,UrbanWear,UW-TSHIRT-002,Футболка женская приталенная,S,2037489561235,Продажа,Продажа,2025-09-17,2025-09-20,1,1690,1515.93,0,0,0,1690,0,0,10.3,15.0,12.5,2.2,33.35,5.79,37.6,2.48,компенсация платёжных услуг,76.74,15.35,1423.84,0,0,0.0,,,,0.0,0,,,ВТБ,KZN-003,"Казань, ул. Баумана, 8",,,Подольск,Россия,Моно,,0,,0742010959527,asifpwioxd9css9toqw9ja2m0w10lbt3,0,,0.0,0.0,0.0,0.0,,,,0,0,0,0,971339002,0,0,0,,0,0,0,0,0,0,0,,
741,0,Футболки,198745633,UrbanWear,UW-TSHIRT-002,Футболка женская приталенная,M,2037489561235,,Логистика,,2025-09-20,0,0,0.0,0,0,0,0,0,0,0.0,0.0,0.0,0.0,0.0,0.0,0.0,0.0,,0.0,0.0,0.0,1,0,62.89,2025-09-01,2025-10-05,,0.0,0,к клиенту при продаже,,,,,,,Подольск,Россия,,,0,,2744493163720,asifpwioxd9css9toqw9ja2m0w10lbt3,0,,0.0,0.0,0.0,1.4,,,,0,0,0,0,0,0,0,0,"FBW, (МГТ, короба)",0,0,0,0,0,0,0,,
742,24942603,Платья,645098231,LaDonna,LD-DRESS-MIDI,Платье миди с цветочным принтом,S,2409182736450,Продажа,Продажа,2025-09-16,2025-09-20,1,3290,2997.19,0,0,0,3290,0,0,8.9,15.0,12.5,3.6,107.9,3.45,68.64,2.29,компенсация платёжных услуг,179.99,36.0,2781.2,0,0,0.0,,,,0.0,0,,,Сбербанк,MSK-001,"Москва, ул. Ленина, 15",,,Тула,Россия,Микс,,0,,7984351486610,2ivglye088o98bv78hu7f0i9g5dzx5qj,0,,0.0,0.0,0.0,0.0,,,,0,0,0,0,514396801,0,0,0,,0,0,0,0,0,0,0,,
743,0,Платья,645098231,LaDonna,LD-DRESS-MIDI,Платье миди с цветочным принтом,XS,2409182736450,,Логистика,,2025-09-20,0,0,0.0,0,0,0,0,0,0,0.0,0.0,0.0,0.0,0.0,0.0,0.0,0.0,,0.0,0.0,0.0,1,0,63.59,2025-09-01,2025-10-05,,0.0,0,к клиенту при продаже,,,,,,,Тула,Россия,,,0,,3810993987466,2ivglye088o98bv78hu7f0i9g5dzx5qj,0,,0.0,0.0,0.0,1.02,,,,0,0,0,0,0,0,0,0,"FBW, (МГТ, короба)",0,0,0,0,0,0,0,,
744,42868828,Белье,867293041,ComfortZone,CZ-BRA-SPORT-01,Бюстгальтер спортивный бесшовный,S,2618293740156,Продажа,Продажа,2025-09-16,2025-09-20,1,890,796.55,0,0,0,890,0,0,10.5,16.0,13.33,2.83,22.54,1.88,13.78,1.73,компенсация платёжных услуг,38.2,7.64,750.71,0,0,0.0,,,,0.0,0,,,Альфа-Банк,SPB-012,"Санкт-Петербург, Невский пр., 42",,,Казань,Россия,Моно,,0,,3094075916093,xg2myr06nkwfg3mwu4cfilkjxjq5nv8o,0,,0.0,0.0,0.0,0.0,,,,0,0,0,0,326099417,0,0,0,,0,0,0,0,0,0,0,,
745,0,Белье,867293041,ComfortZone,CZ-BRA-SPORT-01,Бюстгальтер спортивный бесшовный,S,2618293740156,,Логистика,,2025-09-20,0,0,0.0,0,0,0,0,0,0,0.0,0.0,0.0,0.0,0.0,0.0,0.0,0.0,,0.0,0.0,0.0,1,0,59.79,2025-09-01,2025-10-05,,0.0,0,к клиенту при продаже,,,,,,,Казань,Россия,,,0,,1806834952496,xg2myr06nkwfg3mwu4cfilkjxjq5nv8o,0,,0.0,0.0,0.0,1.0,,,,0,0,0,0,0,0,0,0,"FBS, (МГТ)",0,0,0,0,0,0,0,,
746,42868828,Кроссовки,312094876,StepMax,SM-SNKR-CSL-38,Кроссовки повседневные женские StepMax Lite,40,2145098763211,Продажа,Продажа,2025-09-16,2025-09-20,1,4990,4820.34,0,0,0,4990,0,0,3.4,13.5,11.25,7.85,378.4,3.89,94.0,1.95,компенсация платёжных услуг,476.29,95.26,4248.79,0,0,0.0,,,,0.0,0,,,Тинькофф Банк,NNG-006,"Нижний Новгород, ул. Большая Покровская, 18",,,Белая Дача,Россия,Моно,,0,,8036717076077,txzbdq55it9bn18gp51kfk7y6qxdsgv6,0,,0.0,0.0,0.0,0.0,,,,0,0,0,0,733846414,0,0,0,,0,0,0,0,0,0,0,,
747,46913810,Куртки,734019285,NordWind,NW-JACKET-LITE,Куртка демисезонная мужская лёгкая,XL,2510293847561,Продажа,Продажа,2025-09-16,2025-09-20,1,6490,6171.99,0,0,0,6490,0,0,4.9,13.0,10.83,5.93,366.0,1.25,149.36,2.42,компенсация платёжных услуг,516.61,103.32,5552.06,0,0,0.0,,,,0.0,0,,,Альфа-Банк,SMR-010,"Самара, ул. Ленинградская, 56",,,Краснодар,Россия,Моно,,0,,6556270410726,n9uzeryf0992qc6dr08cw2lbm2qsq0p8,0,,0.0,0.0,0.0,0.0,,,,0,0,0,0,379648695,0,0,0,,0,0,0,0,0,0,0,,
748,13356886,Футболки,198745632,UrbanWear,UW-TSHIRT-001,Футболка мужская хлопок оверсайз,M,2037489561234,Продажа,Продажа,2025-09-16,2025-09-20,1,1890,1719.9,0,0,0,1890,0,0,9.0,15.0,12.5,3.5,60.2,4.84,27.52,1.6,компенсация платёжных услуг,92.56,18.51,1608.83,0,0,0.0,,,,0.0,0,,,Альфа-Банк,SMR-010,"Самара, ул. Ленинградская, 56",,,Тула,Россия,Моно,,0,,8741162127707,e9zr3rzn9l3h03zb5gro9x49tmy91otk,0,,0.0,0.0,0.0,0.0,,,,0,0,0,0,964439252,0,0,0,,0,0,0,0,0,0,0,,
749,42868828,Кроссовки,312094876,StepMax,SM-SNKR-CSL-38,Кроссовки повседневные женские StepMax Lite,39,2145098763211,Продажа,Продажа,2025-09-16,2025-09-20,1,4990,4855.27,0,0,0,4990,0,0,2.7,13.5,11.25,8.55,415.13,3.93,117.98,2.43,компенсация платёжных услуг,537.04,107.41,4210.82,0,0,0.0,,,,0.0,0,,,Сбербанк,KZN-003,"Казань, ул. Баумана, 8",,,Тула,Россия,Микс,,0,,6105767368917,nxhn5e0ev6xgz7ctm09hzbgtj54696qz,0,,0.0,0.0,0.0,0.0,,,,0,0,0,0,743336344,0,0,0,,0,0,0,0,0,0,0,,
750,42868828,Шорты,198745750,UrbanWear,UW-SHORTS-CARGO,Шорты мужские карго хлопок,M,2037489561350,Продажа,Продажа,2025-09-17,2025-09-20,1,1990,1838.76,0,0,0,1990,0,0,7.6,15.0,12.5,4.9,90.1,3.19,38.8,2.11,компенсация платёжных услуг,132.09,26.42,1680.25,0,0,0.0,,,,0.0,0,,,ВТБ,NSK-005,"Новосибирск, ул. Красный пр., 65",,,Подольск,Россия,Микс,,0,,4698912819872,yp3hbrbjeqvviaa2uaqe8btsmaq3oklm,0,,0.0,0.0,0.0,0.0,,,,0,0,0,0,847814942,0,0,0,,0,0,0,0,0,0,0,,
751,0,Шорты,198745750,UrbanWear,UW-SHORTS-CARGO,Шорты мужские карго хлопок,XL,2037489561350,,Логистика,,2025-09-20,0,0,0.0,0,0,0,0,0,0,0.0,0.0,0.0,0.0,0.0,0.0,0.0,0.0,,0.0,0.0,0.0,1,0,55.29,2025-09-01,2025-10-05,,0.0,0,к клиенту при продаже,,,,,,,Подольск,Россия,,,0,,9982719036821,yp3hbrbjeqvviaa2uaqe8btsmaq3oklm,0,,0.0,0.0,0.0,1.43,,,,0,0,0,0,0,0,0,0,"FBW, (МГТ, паллеты)",0,0,0,0,0,0,0,,
752,95822412,Белье,867293041,ComfortZone,CZ-BRA-SPORT-01,Бюстгальтер спортивный бесшовный,L,2618293740156,Продажа,Продажа,2025-09-17,2025-09-20,1,890,833.04,0,0,0,890,0,0,6.4,16.0,13.33,6.93,57.73,5.61,13.5,1.62,компенсация платёжных услуг,76.84,15.37,740.83,0,0,0.0,,,,0.0,0,,,Тинькофф Банк,MSK-001,"Москва, ул. Ленина, 15",,,Коледино,Россия,Моно,,0,,8617542694636,0bhf0riy4kl9aryeavedhr3pceo934t3,0,,0.0,0.0,0.0,0.0,,,,0,0,0,0,298435923,0,0,0,,0,0,0,0,0,0,0,,
753,0,Белье,867293041,ComfortZone,CZ-BRA-SPORT-01,Бюстгальтер спортивный бесшовный,S,2618293740156,,Логистика,,2025-09-20,0,0,0.0,0,0,0,0,0,0,0.0,0.0,0.0,0.0,0.0,0.0,0.0,0.0,,0.0,0.0,0.0,1,0,77.12,2025-09-01,2025-10-05,,0.0,0,к клиенту при продаже,,,,,,,Коледино,Россия,,,0,,2135066493184,0bhf0riy4kl9aryeavedhr3pceo934t3,0,,0.0,0.0,0.0,1.37,,,,0,0,0,0,0,0,0,0,"FBW, (МГТ, короба)",0,0,0,0,0,0,0,,
754,42868828,Рюкзаки,523098174,CarryOn,CO-BKPK-URBAN,Рюкзак городской с USB портом,0,2301847562009,Продажа,Продажа,2025-09-16,2025-09-20,1,2490,2350.56,0,0,0,2490,0,0,5.6,14.5,12.08,6.48,152.32,5.78,43.49,1.85,компенсация платёжных услуг,201.59,40.32,2108.65,0,0,0.0,,,,0.0,0,,,Тинькофф Банк,NSK-005,"Новосибирск, ул. Красный пр., 65",,,Белая Дача,Россия,Моно,,0,,3667158677714,nvv28ue1my6po0m24us73w1yaua8d720,0,,0.0,0.0,0.0,0.0,,,,0,0,0,0,578896357,0,0,0,,0,0,0,0,0,0,0,,
755,0,Рюкзаки,523098174,CarryOn,CO-BKPK-URBAN,Рюкзак городской с USB портом,0,2301847562009,,Логистика,,2025-09-20,0,0,0.0,0,0,0,0,0,0,0.0,0.0,0.0,0.0,0.0,0.0,0.0,0.0,,0.0,0.0,0.0,1,0,153.97,2025-09-01,2025-10-05,,0.0,0,к клиенту при продаже,,,,,,,Белая Дача,Россия,,,0,,8176341327388,nvv28ue1my6po0m24us73w1yaua8d720,0,,0.0,0.0,0.0,1.32,,,,0,0,0,0,0,0,0,0,"FBW, (МГТ, короба)",0,0,0,0,0,0,0,,
756,13356886,Белье,867293041,ComfortZone,CZ-BRA-SPORT-01,Бюстгальтер спортивный бесшовный,M,2618293740156,Продажа,Продажа,2025-09-15,2025-09-20,1,890,867.75,0,0,0,890,0,0,2.5,16.0,13.33,10.83,93.98,5.14,19.96,2.3,компенсация платёжных услуг,119.08,23.82,724.85,0,0,0.0,,,,0.0,0,,,Альфа-Банк,SPB-012,"Санкт-Петербург, Невский пр., 42",,,Коледино,Россия,Моно,,0,,5829410537430,cq97rcq6w948ju63lxsy4vy32i3pj7k9,0,,0.0,0.0,0.0,0.0,,,,0,0,0,0,984837351,0,0,0,,0,0,0,0,0,0,0,,
757,0,Белье,867293041,ComfortZone,CZ-BRA-SPORT-01,Бюстгальтер спортивный бесшовный,S,2618293740156,,Логистика,,2025-09-20,0,0,0.0,0,0,0,0,0,0,0.0,0.0,0.0,0.0,0.0,0.0,0.0,0.0,,0.0,0.0,0.0,1,0,89.84,2025-09-01,2025-10-05,,0.0,0,к клиенту при продаже,,,,,,,Коледино,Россия,,,0,,7904449333499,cq97rcq6w948ju63lxsy4vy32i3pj7k9,0,,0.0,0.0,0.0,1.46,,,,0,0,0,0,0,0,0,0,"FBS, (МГТ)",0,0,0,0,0,0,0,,
758,24942603,Футболки,198745633,UrbanWear,UW-TSHIRT-002,Футболка женская приталенная,M,2037489561235,Продажа,Продажа,2025-09-17,2025-09-20,1,1690,1613.95,0,0,0,1690,0,0,4.5,15.0,12.5,8.0,129.12,6.99,26.15,1.62,компенсация платёжных услуг,162.26,32.45,1419.24,0,0,0.0,,,,0.0,0,,,ВТБ,NSK-005,"Новосибирск, ул. Красный пр., 65",,,Краснодар,Россия,Микс,,0,,0157658592722,6img7zd3q0e03yioy5u04ripwn3ke9ou,0,,0.0,0.0,0.0,0.0,,,,0,0,0,0,796147212,0,0,0,,0,0,0,0,0,0,0,,
759,0,Футболки,198745633,UrbanWear,UW-TSHIRT-002,Футболка женская приталенная,S,2037489561235,,Логистика,,2025-09-20,0,0,0.0,0,0,0,0,0,0,0.0,0.0,0.0,0.0,0.0,0.0,0.0,0.0,,0.0,0.0,0.0,1,0,98.5,2025-09-01,2025-10-05,,0.0,0,к клиенту при продаже,,,,,,,Краснодар,Россия,,,0,,2102164341613,6img7zd3q0e03yioy5u04ripwn3ke9ou,0,,0.0,0.0,0.0,1.28,,,,0,0,0,0,0,0,0,0,"FBW, (МГТ, короба)",0,0,0,0,0,0,0,,
760,46913810,Куртки,734019285,NordWind,NW-JACKET-LITE,Куртка демисезонная мужская лёгкая,M,2510293847561,Продажа,Продажа,2025-09-17,2025-09-20,1,6490,6022.72,0,0,0,6490,0,0,7.2,13.0,10.83,3.63,218.62,6.39,100.58,1.67,компенсация платёжных услуг,325.59,65.12,5632.01,0,0,0.0,,,,0.0,0,,,Тинькофф Банк,KRD-009,"Краснодар, ул. Красная, 109",,,Коледино,Россия,Микс,,0,,9795562657891,zpy9qzo7io2f2natd4gwlf9yxam97yof,0,,0.0,0.0,0.0,0.0,,,,0,0,0,0,709742590,0,0,0,,0,0,0,0,0,0,0,,
761,0,Куртки,734019285,NordWind,NW-JACKET-LITE,Куртка демисезонная мужская лёгкая,L,2510293847561,,Логистика,,2025-09-20,0,0,0.0,0,0,0,0,0,0,0.0,0.0,0.0,0.0,0.0,0.0,0.0,0.0,,0.0,0.0,0.0,1,0,175.81,2025-09-01,2025-10-05,,0.0,0,к клиенту при продаже,,,,,,,Коледино,Россия,,,0,,6595652183756,zpy9qzo7io2f2natd4gwlf9yxam97yof,0,,0.0,0.0,0.0,1.47,,,,0,0,0,0,0,0,0,0,"FBS, (МГТ)",0,0,0,0,0,0,0,,
762,13356886,Футболки,198745633,UrbanWear,UW-TSHIRT-002,Футболка женская приталенная,XS,2037489561235,Продажа,Продажа,2025-09-17,2025-09-20,1,1690,1600.43,0,0,0,1690,0,0,5.3,15.0,12.5,7.2,115.23,5.12,39.69,2.48,компенсация платёжных услуг,160.04,32.01,1408.38,0,0,0.0,,,,0.0,0,,,Сбербанк,SPB-012,"Санкт-Петербург, Невский пр., 42",,,Электросталь,Россия,Моно,,0,,7606436363006,utbt6ao3fjpo4dilgonjpxw6zuztlsuy,0,,0.0,0.0,0.0,0.0,,,,0,0,0,0,233269420,0,0,0,,0,0,0,0,0,0,0,,
763,0,Футболки,198745633,UrbanWear,UW-TSHIRT-002,Футболка женская приталенная,L,2037489561235,,Логистика,,2025-09-20,0,0,0.0,0,0,0,0,0,0,0.0,0.0,0.0,0.0,0.0,0.0,0.0,0.0,,0.0,0.0,0.0,1,0,58.17,2025-09-01,2025-10-05,,0.0,0,к клиенту при продаже,,,,,,,Электросталь,Россия,,,0,,2347152304056,utbt6ao3fjpo4dilgonjpxw6zuztlsuy,0,,0.0,0.0,0.0,1.22,,,,0,0,0,0,0,0,0,0,"FBS, (МГТ)",0,0,0,0,0,0,0,,
764,46913810,Куртки,734019285,NordWind,NW-JACKET-LITE,Куртка демисезонная мужская лёгкая,XL,2510293847561,Продажа,Продажа,2025-09-15,2025-09-20,1,6490,5808.55,0,0,0,6490,0,0,10.5,13.0,10.83,0.33,19.17,7.17,87.71,1.51,компенсация платёжных услуг,114.05,22.81,5671.69,0,0,0.0,,,,0.0,0,,,Сбербанк,VRN-008,"Воронеж, ул. Плехановская, 22",,,Подольск,Россия,Микс,,0,,4550492263205,ohxxyfgg3ty36mat2c283jzgn99lt3j6,0,,0.0,0.0,0.0,0.0,,,,0,0,0,0,174220873,0,0,0,,0,0,0,0,0,0,0,,
765,42868828,Кроссовки,312094875,StepMax,SM-SNKR-RUN-44,Кроссовки беговые мужские StepMax Air,41,2145098763210,Продажа,Продажа,2025-09-16,2025-09-20,1,5990,5277.19,0,0,0,5990,0,0,11.9,13.5,11.25,0.5,26.39,5.62,105.54,2.0,компенсация платёжных услуг,137.55,27.51,5112.13,0,0,0.0,,,,0.0,0,,,ВТБ,KZN-003,"Казань, ул. Баумана, 8",,,Белая Дача,Россия,Моно,,0,,9550591180280,pvsf5yc9luerjqenbd0v0njj63xvfiud,0,,0.0,0.0,0.0,0.0,,,,0,0,0,0,708361982,0,0,0,,0,0,0,0,0,0,0,,
766,46913810,Аксессуары,945018273,StyleUp,SU-BELT-LEATHER,Ремень кожаный классический,90,2719384650102,Продажа,Продажа,2025-09-17,2025-09-20,1,1290,1252.59,0,0,0,1290,0,0,2.9,14.0,11.67,8.77,109.85,7.04,24.43,1.95,компенсация платёжных услуг,141.32,28.26,1083.01,0,0,0.0,,,,0.0,0,,,ВТБ,SMR-010,"Самара, ул. Ленинградская, 56",,,Хоругвино,Россия,Микс,,0,,5565170244777,r3s18wk501epekgvzpfcglckwt2e077u,0,,0.0,0.0,0.0,0.0,,,,0,0,0,0,754349393,0,0,0,,0,0,0,0,0,0,0,,
767,0,Аксессуары,945018273,StyleUp,SU-BELT-LEATHER,Ремень кожаный классический,100,2719384650102,,Логистика,,2025-09-20,0,0,0.0,0,0,0,0,0,0,0.0,0.0,0.0,0.0,0.0,0.0,0.0,0.0,,0.0,0.0,0.0,1,0,40.43,2025-09-01,2025-10-05,,0.0,0,к клиенту при продаже,,,,,,,Хоругвино,Россия,,,0,,5138063125279,r3s18wk501epekgvzpfcglckwt2e077u,0,,0.0,0.0,0.0,1.46,,,,0,0,0,0,0,0,0,0,"FBS, (МГТ)",0,0,0,0,0,0,0,,
768,46913810,Футболки,198745633,UrbanWear,UW-TSHIRT-002,Футболка женская приталенная,S,2037489561235,Продажа,Продажа,2025-09-17,2025-09-20,1,1690,1554.8,0,0,0,1690,0,0,8.0,15.0,12.5,4.5,69.97,5.7,33.12,2.13,компенсация платёжных услуг,108.79,21.76,1424.25,0,0,0.0,,,,0.0,0,,,Сбербанк,NNG-006,"Нижний Новгород, ул. Большая Покровская, 18",,,Электросталь,Россия,Микс,,0,,8564616493753,8e7zmvutiymr0az0znz3t1wm3eqlsu8m,0,,0.0,0.0,0.0,0.0,,,,0,0,0,0,892608419,0,0,0,,0,0,0,0,0,0,0,,
769,0,Футболки,198745633,UrbanWear,UW-TSHIRT-002,Футболка женская приталенная,L,2037489561235,,Логистика,,2025-09-20,0,0,0.0,0,0,0,0,0,0,0.0,0.0,0.0,0.0,0.0,0.0,0.0,0.0,,0.0,0.0,0.0,1,0,84.99,2025-09-01,2025-10-05,,0.0,0,к клиенту при продаже,,,,,,,Электросталь,Россия,,,0,,3623654058881,8e7zmvutiymr0az0znz3t1wm3eqlsu8m,0,,0.0,0.0,0.0,1.19,,,,0,0,0,0,0,0,0,0,"FBS, (МГТ)",0,0,0,0,0,0,0,,
770,24942603,Футболки,198745633,UrbanWear,UW-TSHIRT-002,Футболка женская приталенная,L,2037489561235,Продажа,Продажа,2025-09-16,2025-09-20,1,1690,1536.21,0,0,0,1690,0,0,9.1,15.0,12.5,3.4,52.23,3.17,37.64,2.45,компенсация платёжных услуг,93.04,18.61,1424.56,0,0,0.0,,,,0.0,0,,,Тинькофф Банк,KZN-003,"Казань, ул. Баумана, 8",,,Тула,Россия,Микс,,0,,5457479852104,58geejgbjxg56w0mqa1ccyy4jufn24xc,0,,0.0,0.0,0.0,0.0,,,,0,0,0,0,906007366,0,0,0,,0,0,0,0,0,0,0,,
771,24942603,Сумки,523098175,CarryOn,CO-BAG-TOTE-01,Сумка-тоут женская эко-кожа,0,2301847562010,Продажа,Продажа,2025-09-15,2025-09-20,1,1990,1886.52,0,0,0,1990,0,0,5.2,14.5,12.08,6.88,129.79,3.38,29.05,1.54,компенсация платёжных услуг,162.22,32.44,1691.86,0,0,0.0,,,,0.0,0,,,Альфа-Банк,NNG-006,"Нижний Новгород, ул. Большая Покровская, 18",,,Электросталь,Россия,Моно,,0,,3656675720352,ftnvijzx4xvqbzbrqw5259gmq2p014x5,0,,0.0,0.0,0.0,0.0,,,,0,0,0,0,825977400,0,0,0,,0,0,0,0,0,0,0,,
772,0,Сумки,523098175,CarryOn,CO-BAG-TOTE-01,Сумка-тоут женская эко-кожа,0,2301847562010,,Логистика,,2025-09-20,0,0,0.0,0,0,0,0,0,0,0.0,0.0,0.0,0.0,0.0,0.0,0.0,0.0,,0.0,0.0,0.0,1,0,64.91,2025-09-01,2025-10-05,,0.0,0,к клиенту при продаже,,,,,,,Электросталь,Россия,,,0,,6779978154378,ftnvijzx4xvqbzbrqw5259gmq2p014x5,0,,0.0,0.0,0.0,1.02,,,,0,0,0,0,0,0,0,0,"FBW, (МГТ, паллеты)",0,0,0,0,0,0,0,,
773,95822412,Шорты,198745750,UrbanWear,UW-SHORTS-CARGO,Шорты мужские карго хлопок,L,2037489561350,Продажа,Продажа,2025-09-17,2025-09-20,1,1990,1876.57,0,0,0,1990,0,0,5.7,15.0,12.5,6.8,127.61,5.94,31.15,1.66,компенсация платёжных услуг,164.7,32.94,1678.93,0,0,0.0,,,,0.0,0,,,Тинькофф Банк,NNG-006,"Нижний Новгород, ул. Большая Покровская, 18",,,Подольск,Россия,Моно,,0,,5972050596692,p5wt5fwk2jpkor3a1i10pkap7wr1sheu,0,,0.0,0.0,0.0,0.0,,,,0,0,0,0,350741721,0,0,0,,0,0,0,0,0,0,0,,
774,0,Шорты,198745750,UrbanWear,UW-SHORTS-CARGO,Шорты мужские карго хлопок,L,2037489561350,,Логистика,,2025-09-20,0,0,0.0,0,0,0,0,0,0,0.0,0.0,0.0,0.0,0.0,0.0,0.0,0.0,,0.0,0.0,0.0,1,0,64.01,2025-09-01,2025-10-05,,0.0,0,к клиенту при продаже,,,,,,,Подольск,Россия,,,0,,0375570422342,p5wt5fwk2jpkor3a1i10pkap7wr1sheu,0,,0.0,0.0,0.0,1.06,,,,0,0,0,0,0,0,0,0,"FBS, (МГТ)",0,0,0,0,0,0,0,,
775,13356886,Сумки,523098175,CarryOn,CO-BAG-TOTE-01,Сумка-тоут женская эко-кожа,0,2301847562010,Продажа,Продажа,2025-09-15,2025-09-20,1,1990,1757.17,0,0,0,1990,0,0,11.7,14.5,12.08,0.38,6.68,1.6,30.05,1.71,компенсация платёжных услуг,38.33,7.67,1711.17,0,0,0.0,,,,0.0,0,,,Сбербанк,KRD-009,"Краснодар, ул. Красная, 109",,,Коледино,Россия,Моно,,0,,2451184550645,iijnn0dyk3fdj2qsvlc5aalirpdgz2sc,0,,0.0,0.0,0.0,0.0,,,,0,0,0,0,198890772,0,0,0,,0,0,0,0,0,0,0,,
776,13356886,Футболки,198745632,UrbanWear,UW-TSHIRT-001,Футболка мужская хлопок оверсайз,M,2037489561234,Продажа,Продажа,2025-09-17,2025-09-20,1,1890,1687.77,0,0,0,1890,0,0,10.7,15.0,12.5,1.8,30.38,4.58,35.78,2.12,компенсация платёжных услуг,70.74,14.15,1602.88,0,0,0.0,,,,0.0,0,,,ВТБ,RND-004,"Ростов-на-Дону, пр. Будённовский, 21",,,Электросталь,Россия,Моно,,0,,2732861879937,pggb38i1wr63juwmw3m4dy99o3ucr68n,0,,0.0,0.0,0.0,0.0,,,,0,0,0,0,422279646,0,0,0,,0,0,0,0,0,0,0,,
777,24942603,Футболки,198745633,UrbanWear,UW-TSHIRT-002,Футболка женская приталенная,S,2037489561235,Возврат,Возврат,2025-09-13,2025-09-20,1,1690,1595.36,0,0,0,1690,0,0,5.6,15.0,12.5,6.9,-110.08,-7.26,-33.5,2.1,компенсация платёжных услуг,-150.84,-30.17,-1414.35,0,0,0.0,,,,0.0,0,,,,SPB-012,"Санкт-Петербург, Невский пр., 42",,,Краснодар,Россия,,,0,,5402285468621,waayriberxe6l0dcz6pbbouzy46v57hl,0,,0.0,0.0,0.0,0.0,,,,0,0,0,0,0,0,0,0,,0,0,0,0,0,0,0,,
778,0,Футболки,198745633,UrbanWear,UW-TSHIRT-002,Футболка женская приталенная,S,2037489561235,,Логистика,,2025-09-20,0,0,0.0,0,0,0,0,0,0,0.0,0.0,0.0,0.0,0.0,0.0,0.0,0.0,,0.0,0.0,0.0,0,1,110.13,2025-09-01,2025-10-05,,0.0,0,от клиента при возврате,,,,,,,Краснодар,Россия,,,0,,8437133851762,waayriberxe6l0dcz6pbbouzy46v57hl,0,,0.0,0.0,0.0,0.86,,,,0,0,0,0,0,0,0,0,"FBW, (МГТ, паллеты)",0,0,0,0,0,0,0,,
779,13356886,Рюкзаки,523098174,CarryOn,CO-BKPK-URBAN,Рюкзак городской с USB портом,0,2301847562009,Возврат,Возврат,2025-09-12,2025-09-20,1,2490,2275.86,0,0,0,2490,0,0,8.6,14.5,12.08,3.48,-79.2,-5.54,-40.97,1.8,компенсация платёжных услуг,-125.71,-25.14,-2125.01,0,0,0.0,,,,0.0,0,,,,RND-004,"Ростов-на-Дону, пр. Будённовский, 21",,,Белая Дача,Россия,,,0,,8007373755418,5h0jhk0i7mtpforpoklf43rsasvi1x1v,0,,0.0,0.0,0.0,0.0,,,,0,0,0,0,0,0,0,0,,0,0,0,0,0,0,0,,
780,0,Рюкзаки,523098174,CarryOn,CO-BKPK-URBAN,Рюкзак городской с USB портом,0,2301847562009,,Логистика,,2025-09-20,0,0,0.0,0,0,0,0,0,0,0.0,0.0,0.0,0.0,0.0,0.0,0.0,0.0,,0.0,0.0,0.0,0,1,103.65,2025-09-01,2025-10-05,,0.0,0,от клиента при возврате,,,,,,,Белая Дача,Россия,,,0,,5649419369690,5h0jhk0i7mtpforpoklf43rsasvi1x1v,0,,0.0,0.0,0.0,0.92,,,,0,0,0,0,0,0,0,0,"FBS, (МГТ)",0,0,0,0,0,0,0,,
781,13356886,Рюкзаки,523098174,CarryOn,CO-BKPK-URBAN,Рюкзак городской с USB портом,0,2301847562009,Возврат,Возврат,2025-09-13,2025-09-20,1,2490,2350.56,0,0,0,2490,0,0,5.6,14.5,12.08,6.48,-152.32,-6.52,-47.95,2.04,компенсация платёжных услуг,-206.79,-41.36,-2102.41,0,0,0.0,,,,0.0,0,,,,KZN-003,"Казань, ул. Баумана, 8",,,Подольск,Россия,,,0,,9096874683994,rpg739zobzoujj30tldo1va1qoxm8bvz,0,,0.0,0.0,0.0,0.0,,,,0,0,0,0,0,0,0,0,,0,0,0,0,0,0,0,,
782,0,Рюкзаки,523098174,CarryOn,CO-BKPK-URBAN,Рюкзак городской с USB портом,0,2301847562009,,Логистика,,2025-09-20,0,0,0.0,0,0,0,0,0,0,0.0,0.0,0.0,0.0,0.0,0.0,0.0,0.0,,0.0,0.0,0.0,0,1,87.99,2025-09-01,2025-10-05,,0.0,0,от клиента при возврате,,,,,,,Подольск,Россия,,,0,,1406167971111,rpg739zobzoujj30tldo1va1qoxm8bvz,0,,0.0,0.0,0.0,0.94,,,,0,0,0,0,0,0,0,0,"FBS, (МГТ)",0,0,0,0,0,0,0,,
783,46913810,Кроссовки,312094876,StepMax,SM-SNKR-CSL-38,Кроссовки повседневные женские StepMax Lite,40,2145098763211,Возврат,Возврат,2025-09-17,2025-09-20,1,4990,4760.46,0,0,0,4990,0,0,4.6,13.5,11.25,6.65,-316.57,-1.11,-104.73,2.2,компенсация платёжных услуг,-422.41,-84.48,-4253.57,0,0,0.0,,,,0.0,0,,,,NNG-006,"Нижний Новгород, ул. Большая Покровская, 18",,,Краснодар,Россия,,,0,,8840869092579,wau3v8khv4qljethbvvjt8hjk0xyspqt,0,,0.0,0.0,0.0,0.0,,,,0,0,0,0,0,0,0,0,,0,0,0,0,0,0,0,,
784,0,Кроссовки,312094876,StepMax,SM-SNKR-CSL-38,Кроссовки повседневные женские StepMax Lite,38,2145098763211,,Логистика,,2025-09-20,0,0,0.0,0,0,0,0,0,0,0.0,0.0,0.0,0.0,0.0,0.0,0.0,0.0,,0.0,0.0,0.0,0,1,133.76,2025-09-01,2025-10-05,,0.0,0,от клиента при возврате,,,,,,,Краснодар,Россия,,,0,,4703559636286,wau3v8khv4qljethbvvjt8hjk0xyspqt,0,,0.0,0.0,0.0,1.04,,,,0,0,0,0,0,0,0,0,"FBW, (МГТ, паллеты)",0,0,0,0,0,0,0,,
785,24942603,Джинсы,276583411,DenimPro,DP-JEANS-SLIM-02,Джинсы мужские slim тёмно-синие,30,2098374651002,Возврат,Возврат,2025-09-10,2025-09-20,1,3790,3342.78,0,0,0,3790,0,0,11.8,14.0,11.67,0.5,-16.71,-5.78,-58.16,1.74,компенсация платёжных услуг,-80.65,-16.13,-3246.0,0,0,0.0,,,,0.0,0,,,,KRD-009,"Краснодар, ул. Красная, 109",,,Краснодар,Россия,,,0,,4138576726574,8vxpsa97l6x2oz2imb30jguc3tglqkbe,0,,0.0,0.0,0.0,0.0,,,,0,0,0,0,0,0,0,0,,0,0,0,0,0,0,0,,
786,0,Джинсы,276583411,DenimPro,DP-JEANS-SLIM-02,Джинсы мужские slim тёмно-синие,31,2098374651002,,Логистика,,2025-09-20,0,0,0.0,0,0,0,0,0,0,0.0,0.0,0.0,0.0,0.0,0.0,0.0,0.0,,0.0,0.0,0.0,0,1,84.74,2025-09-01,2025-10-05,,0.0,0,от клиента при возврате,,,,,,,Краснодар,Россия,,,0,,3308007456086,8vxpsa97l6x2oz2imb30jguc3tglqkbe,0,,0.0,0.0,0.0,0.84,,,,0,0,0,0,0,0,0,0,"FBW, (МГТ, паллеты)",0,0,0,0,0,0,0,,
787,42868828,Футболки,198745632,UrbanWear,UW-TSHIRT-001,Футболка мужская хлопок оверсайз,M,2037489561234,Возврат,Возврат,2025-09-10,2025-09-20,1,1890,1693.44,0,0,0,1890,0,0,10.4,15.0,12.5,2.1,-35.56,-7.2,-30.48,1.8,компенсация платёжных услуг,-73.24,-14.65,-1605.55,0,0,0.0,,,,0.0,0,,,,KRD-009,"Краснодар, ул. Красная, 109",,,Краснодар,Россия,,,0,,4468394306996,n66rmnr6nobgpjyhvo2n0idc8hnydz0b,0,,0.0,0.0,0.0,0.0,,,,0,0,0,0,0,0,0,0,,0,0,0,0,0,0,0,,
788,0,Футболки,198745632,UrbanWear,UW-TSHIRT-001,Футболка мужская хлопок оверсайз,L,2037489561234,,Логистика,,2025-09-20,0,0,0.0,0,0,0,0,0,0,0.0,0.0,0.0,0.0,0.0,0.0,0.0,0.0,,0.0,0.0,0.0,0,1,105.1,2025-09-01,2025-10-05,,0.0,0,от клиента при возврате,,,,,,,Краснодар,Россия,,,0,,6669871317788,n66rmnr6nobgpjyhvo2n0idc8hnydz0b,0,,0.0,0.0,0.0,0.99,,,,0,0,0,0,0,0,0,0,"FBW, (МГТ, паллеты)",0,0,0,0,0,0,0,,
789,95822412,Кроссовки,312094876,StepMax,SM-SNKR-CSL-38,Кроссовки повседневные женские StepMax Lite,39,2145098763211,Возврат,Возврат,2025-09-11,2025-09-20,1,4990,4735.51,0,0,0,4990,0,0,5.1,13.5,11.25,6.15,-291.23,-1.78,-89.97,1.9,компенсация платёжных услуг,-382.98,-76.6,-4275.93,0,0,0.0,,,,0.0,0,,,,VRN-008,"Воронеж, ул. Плехановская, 22",,,Казань,Россия,,,0,,2790935183107,r6yzvfswjz8dyzksy9fp14x2wpmjo2cm,0,,0.0,0.0,0.0,0.0,,,,0,0,0,0,0,0,0,0,,0,0,0,0,0,0,0,,
790,0,Кроссовки,312094876,StepMax,SM-SNKR-CSL-38,Кроссовки повседневные женские StepMax Lite,38,2145098763211,,Логистика,,2025-09-20,0,0,0.0,0,0,0,0,0,0,0.0,0.0,0.0,0.0,0.0,0.0,0.0,0.0,,0.0,0.0,0.0,0,1,137.05,2025-09-01,2025-10-05,,0.0,0,от клиента при возврате,,,,,,,Казань,Россия,,,0,,1577276440674,r6yzvfswjz8dyzksy9fp14x2wpmjo2cm,0,,0.0,0.0,0.0,1.25,,,,0,0,0,0,0,0,0,0,"FBW, (МГТ, короба)",0,0,0,0,0,0,0,,
791,46913810,Джинсы,276583411,DenimPro,DP-JEANS-SLIM-02,Джинсы мужские slim тёмно-синие,34,2098374651002,Возврат,Возврат,2025-09-11,2025-09-20,1,3790,3354.15,0,0,0,3790,0,0,11.5,14.0,11.67,0.17,-5.7,-5.95,-77.15,2.3,компенсация платёжных услуг,-88.8,-17.76,-3247.59,0,0,0.0,,,,0.0,0,,,,KZN-003,"Казань, ул. Баумана, 8",,,Белая Дача,Россия,,,0,,4501118061880,yir1up3czsaz46abqz21pn3oag4g9o6q,0,,0.0,0.0,0.0,0.0,,,,0,0,0,0,0,0,0,0,,0,0,0,0,0,0,0,,
792,0,Джинсы,276583411,DenimPro,DP-JEANS-SLIM-02,Джинсы мужские slim тёмно-синие,34,2098374651002,,Логистика,,2025-09-20,0,0,0.0,0,0,0,0,0,0,0.0,0.0,0.0,0.0,0.0,0.0,0.0,0.0,,0.0,0.0,0.0,0,1,48.66,2025-09-01,2025-10-05,,0.0,0,от клиента при возврате,,,,,,,Белая Дача,Россия,,,0,,5988837396297,yir1up3czsaz46abqz21pn3oag4g9o6q,0,,0.0,0.0,0.0,1.14,,,,0,0,0,0,0,0,0,0,"FBS, (МГТ)",0,0,0,0,0,0,0,,
793,95822412,Футболки,198745632,UrbanWear,UW-TSHIRT-001,Футболка мужская хлопок оверсайз,XXL,2037489561234,Возврат,Возврат,2025-09-15,2025-09-20,1,1890,1704.78,0,0,0,1890,0,0,9.8,15.0,12.5,2.7,-46.03,-2.79,-31.71,1.86,компенсация платёжных услуг,-80.53,-16.11,-1608.14,0,0,0.0,,,,0.0,0,,,,NSK-005,"Новосибирск, ул. Красный пр., 65",,,Белая Дача,Россия,,,0,,5024731305945,48u9zyawxgp5lfkemr4bn7j5ukr8ieu1,0,,0.0,0.0,0.0,0.0,,,,0,0,0,0,0,0,0,0,,0,0,0,0,0,0,0,,
794,0,Футболки,198745632,UrbanWear,UW-TSHIRT-001,Футболка мужская хлопок оверсайз,M,2037489561234,,Логистика,,2025-09-20,0,0,0.0,0,0,0,0,0,0,0.0,0.0,0.0,0.0,0.0,0.0,0.0,0.0,,0.0,0.0,0.0,0,1,116.85,2025-09-01,2025-10-05,,0.0,0,от клиента при возврате,,,,,,,Белая Дача,Россия,,,0,,0791204909959,48u9zyawxgp5lfkemr4bn7j5ukr8ieu1,0,,0.0,0.0,0.0,1.18,,,,0,0,0,0,0,0,0,0,"FBW, (МГТ, короба)",0,0,0,0,0,0,0,,
795,0,Платья,645098231,LaDonna,LD-DRESS-MIDI,Платье миди с цветочным принтом,L,2409182736450,,Логистика,,2025-09-20,0,0,0.0,0,0,0,0,0,0,0.0,0.0,0.0,0.0,0.0,0.0,0.0,0.0,,0.0,0.0,0.0,0,1,40.11,2025-09-01,2025-10-05,,0.0,0,от клиента при отмене,,,,,,,Подольск,Россия,,,0,,4284201839249,72viuadj725u0332w04nxv50ot1k8hcd,0,,0.0,0.0,0.0,1.32,,,,0,0,0,0,0,0,0,0,"FBW, (МГТ, короба)",0,0,0,0,0,0,0,,
796,0,Носки,410293847,SockLab,SL-SOCK-PACK-5,Носки мужские набор 5 пар хлопок,27-29,2200198374650,,Логистика,,2025-09-20,0,0,0.0,0,0,0,0,0,0,0.0,0.0,0.0,0.0,0.0,0.0,0.0,0.0,,0.0,0.0,0.0,1,0,88.72,2025-09-01,2025-10-05,,0.0,0,к клиенту при отмене,,,,,,,Хоругвино,Россия,,,0,,0364236173338,i9hukp6jr07h0ums48iw5xnqdz98jhe1,0,,0.0,0.0,0.0,1.11,,,,0,0,0,0,0,0,0,0,"FBW, (МГТ, короба)",0,0,0,0,0,0,0,,
797,0,Куртки,734019285,NordWind,NW-JACKET-LITE,Куртка демисезонная мужская лёгкая,L,2510293847561,,Логистика,,2025-09-20,0,0,0.0,0,0,0,0,0,0,0.0,0.0,0.0,0.0,0.0,0.0,0.0,0.0,,0.0,0.0,0.0,0,1,147.28,2025-09-01,2025-10-05,,0.0,0,от клиента при отмене,,,,,,,Казань,Россия,,,0,,6206548992989,jez909o08ne4xlwg9ay22d1b3po4qu28,0,,0.0,0.0,0.0,1.08,,,,0,0,0,0,0,0,0,0,"FBW, (МГТ, короба)",0,0,0,0,0,0,0,,
798,0,Футболки,198745633,UrbanWear,UW-TSHIRT-002,Футболка женская приталенная,XS,2037489561235,,Логистика,,2025-09-20,0,0,0.0,0,0,0,0,0,0,0.0,0.0,0.0,0.0,0.0,0.0,0.0,0.0,,0.0,0.0,0.0,1,0,97.96,2025-09-01,2025-10-05,,0.0,0,к клиенту при отмене,,,,,,,Подольск,Россия,,,0,,2150713659424,c2ibjvslrdmzvxy16zgrrvgmdfzjoigo,0,,0.0,0.0,0.0,1.08,,,,0,0,0,0,0,0,0,0,"FBS, (МГТ)",0,0,0,0,0,0,0,,
799,0,Аксессуары,945018273,StyleUp,SU-BELT-LEATHER,Ремень кожаный классический,100,2719384650102,,Логистика,,2025-09-20,0,0,0.0,0,0,0,0,0,0,0.0,0.0,0.0,0.0,0.0,0.0,0.0,0.0,,0.0,0.0,0.0,0,1,60.27,2025-09-01,2025-10-05,,0.0,0,от клиента при отмене,,,,,,,Хоругвино,Россия,,,0,,4672306730703,azp8ox5df8k4hbaboi0sf8w9usi652bq,0,,0.0,0.0,0.0,1.27,,,,0,0,0,0,0,0,0,0,"FBW, (МГТ, паллеты)",0,0,0,0,0,0,0,,
800,0,Рюкзаки,523098174,CarryOn,CO-BKPK-URBAN,Рюкзак городской с USB портом,0,2301847562009,,Логистика,,2025-09-20,0,0,0.0,0,0,0,0,0,0,0.0,0.0,0.0,0.0,0.0,0.0,0.0,0.0,,0.0,0.0,0.0,0,1,106.53,2025-09-01,2025-10-05,,0.0,0,от клиента при отмене,,,,,,,Коледино,Россия,,,0,,9093985751508,vkea3x8ouzdzhlflfifx97l4gqqkmjcz,0,,0.0,0.0,0.0,1.49,,,,0,0,0,0,0,0,0,0,"FBW, (МГТ, паллеты)",0,0,0,0,0,0,0,,
801,0,Кроссовки,312094876,StepMax,SM-SNKR-CSL-38,Кроссовки повседневные женские StepMax Lite,36,2145098763211,,Логистика,,2025-09-20,0,0,0.0,0,0,0,0,0,0,0.0,0.0,0.0,0.0,0.0,0.0,0.0,0.0,,0.0,0.0,0.0,1,0,105.26,2025-09-01,2025-10-05,,0.0,0,к клиенту при отмене,,,,,,,Подольск,Россия,,,0,,8843868306453,yb2jmxs7s8w50qv28n4q17ro9tns9hlb,0,,0.0,0.0,0.0,1.5,,,,0,0,0,0,0,0,0,0,"FBS, (МГТ)",0,0,0,0,0,0,0,,
802,0,Белье,867293041,ComfortZone,CZ-BRA-SPORT-01,Бюстгальтер спортивный бесшовный,M,2618293740156,,Логистика,,2025-09-20,0,0,0.0,0,0,0,0,0,0,0.0,0.0,0.0,0.0,0.0,0.0,0.0,0.0,,0.0,0.0,0.0,1,0,103.44,2025-09-01,2025-10-05,,0.0,0,к клиенту при отмене,,,,,,,Белая Дача,Россия,,,0,,1152606477834,lfiyz3kqjyg8ircpw5vzlmq96fbejh9j,0,,0.0,0.0,0.0,1.19,,,,0,0,0,0,0,0,0,0,"FBW, (МГТ, паллеты)",0,0,0,0,0,0,0,,
803,0,Платья,645098231,LaDonna,LD-DRESS-MIDI,Платье миди с цветочным принтом,M,2409182736450,,Логистика,,2025-09-20,0,0,0.0,0,0,0,0,0,0,0.0,0.0,0.0,0.0,0.0,0.0,0.0,0.0,,0.0,0.0,0.0,0,1,93.91,2025-09-01,2025-10-05,,0.0,0,от клиента при отмене,,,,,,,Электросталь,Россия,,,0,,0652273971909,cdkmzpb2yn69i791522ou2vneyn74lrd,0,,0.0,0.0,0.0,1.11,,,,0,0,0,0,0,0,0,0,"FBW, (МГТ, паллеты)",0,0,0,0,0,0,0,,
804,0,Носки,410293847,SockLab,SL-SOCK-PACK-5,Носки мужские набор 5 пар хлопок,29-31,2200198374650,,Логистика,,2025-09-20,0,0,0.0,0,0,0,0,0,0,0.0,0.0,0.0,0.0,0.0,0.0,0.0,0.0,,0.0,0.0,0.0,0,1,78.28,2025-09-01,2025-10-05,,0.0,0,от клиента при отмене,,,,,,,Тула,Россия,,,0,,3189481198094,t3mf3gq7p7swvtqqkljqkcjev9zuyh97,0,,0.0,0.0,0.0,0.97,,,,0,0,0,0,0,0,0,0,"FBS, (МГТ)",0,0,0,0,0,0,0,,
805,0,Платья,645098231,LaDonna,LD-DRESS-MIDI,Платье миди с цветочным принтом,XS,2409182736450,,Логистика,,2025-09-20,0,0,0.0,0,0,0,0,0,0,0.0,0.0,0.0,0.0,0.0,0.0,0.0,0.0,,0.0,0.0,0.0,1,0,54.88,2025-09-01,2025-10-05,,0.0,0,к клиенту при отмене,,,,,,,Белая Дача,Россия,,,0,,9438383424725,mjblineewkihpy36z6coxkq5p52dwhzr,0,,0.0,0.0,0.0,1.43,,,,0,0,0,0,0,0,0,0,"FBS, (МГТ)",0,0,0,0,0,0,0,,
806,0,Рюкзаки,523098174,CarryOn,CO-BKPK-URBAN,Рюкзак городской с USB портом,0,2301847562009,,Логистика,,2025-09-20,0,0,0.0,0,0,0,0,0,0,0.0,0.0,0.0,0.0,0.0,0.0,0.0,0.0,,0.0,0.0,0.0,0,1,178.87,2025-09-01,2025-10-05,,0.0,0,от клиента при отмене,,,,,,,Краснодар,Россия,,,0,,8796328191884,gsfytk5lbchy3t5q21g07hpnpk270te8,0,,0.0,0.0,0.0,0.99,,,,0,0,0,0,0,0,0,0,"FBS, (МГТ)",0,0,0,0,0,0,0,,
807,0,,0,,,,0,,,Хранение,,2025-09-20,0,0,0.0,0,0,0,0,0,0,0.0,0.0,0.0,0.0,0.0,0.0,0.0,0.0,,0.0,0.0,0.0,0,0,0.0,,,,0.0,0,Хранение,,,,,,,,,,,0,,,zd3nkkf2b3ew15qa0tkc3n4g720k9azu,0,,1837.44,0.0,0.0,0.0,,,,0,0,0,0,0,0,0,0,,0,0,0,0,0,0,0,,
808,0,Куртки,734019285,NordWind,NW-JACKET-LITE,Куртка демисезонная мужская лёгкая,0,2510293847561,,Штраф,,2025-09-20,0,0,0.0,0,0,0,0,0,0,0.0,0.0,0.0,0.0,0.0,0.0,0.0,0.0,,0.0,0.0,0.0,0,0,0.0,,,,859.76,0,Штраф за несвоевременную поставку,,,,,,,Тула,,,,0,,,rhvypgqtdrke1f1w5zs9bk4ufsvuxzuy,0,,0.0,0.0,0.0,0.0,,,,0,0,0,0,0,0,0,0,,0,0,0,0,0,0,0,,
809,0,Куртки,734019285,NordWind,NW-JACKET-LITE,Куртка демисезонная мужская лёгкая,0,2510293847561,,Штраф,,2025-09-20,0,0,0.0,0,0,0,0,0,0,0.0,0.0,0.0,0.0,0.0,0.0,0.0,0.0,,0.0,0.0,0.0,0,0,0.0,,,,1014.83,0,Штраф за недопоставку товара,,,,,,,Хоругвино,,,,0,,,9881un1coqavk658ov5e1hqbdysaar6j,0,,0.0,0.0,0.0,0.0,,,,0,0,0,0,0,0,0,0,,0,0,0,0,0,0,0,,
810,0,,0,,,,0,,,Удержания,,2025-09-20,0,0,0.0,0,0,0,0,0,0,0.0,0.0,0.0,0.0,0.0,0.0,0.0,0.0,,0.0,0.0,0.0,0,0,0.0,,,,0.0,0,WB Продвижение — автокампания,,,,,,,,,,,0,,,qjqxk1viy3zt3p6srd84bqq8dywwmoc0,0,,0.0,3312.13,0.0,0.0,,,,0,0,0,0,0,0,0,0,,0,0,0,0,0,0,0,,
811,0,,0,,,,0,,,Удержания,,2025-09-20,0,0,0.0,0,0,0,0,0,0,0.0,0.0,0.0,0.0,0.0,0.0,0.0,0.0,,0.0,0.0,0.0,0,0,0.0,,,,0.0,0,WB Продвижение — поиск,,,,,,,,,,,0,,,gmudiiq1z5aylxj6hqjg5hew5stnw8ex,0,,0.0,2587.0,0.0,0.0,,,,0,0,0,0,0,0,0,0,,0,0,0,0,0,0,0,,
812,0,,0,,,,0,,,Удержания,,2025-09-20,0,0,0.0,0,0,0,0,0,0,0.0,0.0,0.0,0.0,0.0,0.0,0.0,0.0,,0.0,0.0,0.0,0,0,0.0,,,,0.0,0,WB Продвижение — автокампания,,,,,,,,,,,0,,,hdszw1ye8una9wk4mk3fnxtiwfklzwqx,0,,0.0,1493.03,0.0,0.0,,,,0,0,0,0,0,0,0,0,,0,0,0,0,0,0,0,,
813,95822412,,0,,,,0,,,Обработка товара,,2025-09-20,0,0,0.0,0,0,0,0,0,0,0.0,0.0,0.0,0.0,0.0,0.0,0.0,0.0,,0.0,0.0,0.0,0,0,0.0,,,,0.0,0,Обработка товара,,,,,,,Тула,,,,0,,,wj8suwuhq6q6y5ycnids13pmncyblop6,0,,0.0,0.0,2006.34,0.0,,,,0,0,0,0,0,0,0,0,,0,0,0,0,0,0,0,,
814,0,Носки,410293847,SockLab,SL-SOCK-PACK-5,Носки мужские набор 5 пар хлопок,27-29,2200198374650,,Логистика,,2025-09-21,0,0,0.0,0,0,0,0,0,0,0.0,0.0,0.0,0.0,0.0,0.0,0.0,0.0,,0.0,0.0,0.0,0,1,84.58,2025-09-01,2025-10-05,,0.0,0,от клиента при отмене,,,,,,,Хоругвино,Россия,,,0,,3485509663482,i9hukp6jr07h0ums48iw5xnqdz98jhe1,0,,0.0,0.0,0.0,0.93,,,,0,0,0,0,0,0,0,0,"FBW, (МГТ, паллеты)",0,0,0,0,0,0,0,,
815,0,Футболки,198745633,UrbanWear,UW-TSHIRT-002,Футболка женская приталенная,M,2037489561235,,Логистика,,2025-09-21,0,0,0.0,0,0,0,0,0,0,0.0,0.0,0.0,0.0,0.0,0.0,0.0,0.0,,0.0,0.0,0.0,0,1,113.36,2025-09-01,2025-10-05,,0.0,0,от клиента при отмене,,,,,,,Подольск,Россия,,,0,,9833561720069,c2ibjvslrdmzvxy16zgrrvgmdfzjoigo,0,,0.0,0.0,0.0,1.2,,,,0,0,0,0,0,0,0,0,"FBS, (МГТ)",0,0,0,0,0,0,0,,
816,0,Кроссовки,312094876,StepMax,SM-SNKR-CSL-38,Кроссовки повседневные женские StepMax Lite,38,2145098763211,,Логистика,,2025-09-21,0,0,0.0,0,0,0,0,0,0,0.0,0.0,0.0,0.0,0.0,0.0,0.0,0.0,,0.0,0.0,0.0,0,1,102.89,2025-09-01,2025-10-05,,0.0,0,от клиента при отмене,,,,,,,Подольск,Россия,,,0,,2215615601091,yb2jmxs7s8w50qv28n4q17ro9tns9hlb,0,,0.0,0.0,0.0,1.3,,,,0,0,0,0,0,0,0,0,"FBS, (МГТ)",0,0,0,0,0,0,0,,
817,0,Белье,867293041,ComfortZone,CZ-BRA-SPORT-01,Бюстгальтер спортивный бесшовный,S,2618293740156,,Логистика,,2025-09-21,0,0,0.0,0,0,0,0,0,0,0.0,0.0,0.0,0.0,0.0,0.0,0.0,0.0,,0.0,0.0,0.0,0,1,72.42,2025-09-01,2025-10-05,,0.0,0,от клиента при отмене,,,,,,,Белая Дача,Россия,,,0,,9527032536933,lfiyz3kqjyg8ircpw5vzlmq96fbejh9j,0,,0.0,0.0,0.0,1.43,,,,0,0,0,0,0,0,0,0,"FBW, (МГТ, короба)",0,0,0,0,0,0,0,,
818,0,Платья,645098231,LaDonna,LD-DRESS-MIDI,Платье миди с цветочным принтом,S,2409182736450,,Логистика,,2025-09-21,0,0,0.0,0,0,0,0,0,0,0.0,0.0,0.0,0.0,0.0,0.0,0.0,0.0,,0.0,0.0,0.0,0,1,42.3,2025-09-01,2025-10-05,,0.0,0,от клиента при отмене,,,,,,,Белая Дача,Россия,,,0,,3016735939257,mjblineewkihpy36z6coxkq5p52dwhzr,0,,0.0,0.0,0.0,1.24,,,,0,0,0,0,0,0,0,0,"FBS, (МГТ)",0,0,0,0,0,0,0,,
819,0,,0,,,,0,,,Хранение,,2025-09-21,0,0,0.0,0,0,0,0,0,0,0.0,0.0,0.0,0.0,0.0,0.0,0.0,0.0,,0.0,0.0,0.0,0,0,0.0,,,,0.0,0,Хранение,,,,,,,,,,,0,,,pk42ud2dtbzxmuuca7r6d2x6lod6d8e2,0,,2497.74,0.0,0.0,0.0,,,,0,0,0,0,0,0,0,0,,0,0,0,0,0,0,0,,
